DATE_SMP,blue,green,red,nir,swir1,swir2,SITE_ID
2013-04-21,0.015883413795001647,0.022143855554332268,0.017066258945282384,0.025336928602884504,0.018238916107013104,0.012184435208631508,1A2-076
2013-04-21,0.00790755739795918,0.01149650510204081,0.011411428571428565,0.0308874681122449,0.022475644132653055,0.014687614795918366,030171
2013-04-21,0.006061919302248691,0.010936902399735526,0.009347622066503759,0.013639168135980692,0.011207789589910137,0.008233767040261374,040826
2013-04-21,0.19445224651429582,0.2155622858939287,0.22562372826950217,0.2614535066625487,0.058836315632721486,0.04881982406018354,1A1-017
2013-04-21,0.12838744513358782,0.14292775262404586,0.14439430820610688,0.13146295801526717,0.040047947399809145,0.028232601264312963,1A2-066
2013-04-21,0.2273623047523064,0.2482377323435926,0.25372934270098463,0.21322185634545313,0.039051787231568345,0.029997558803007966,070859
2013-04-21,0.08651360898393726,0.09490197702652223,0.09823336010459473,0.11011452605528575,0.0353307877288009,0.027479861318640268,020058
2013-04-21,0.008167326546003016,0.013651086158296862,0.013403434525134142,0.04153069740128076,0.028069100956902265,0.016613367826323458,050215
2013-04-21,0.007691963085246033,0.013794676797008635,0.010199123175146181,0.018296682445602445,0.011278570647201558,0.007578352062532321,1A1-102
2013-04-21,0.46029948657916087,0.4928290096600548,0.5061123086424305,0.4484325460880467,0.08200790280952734,0.07938922793304333,1A3-001
2013-04-21,0.00877683986021173,0.012275117432418537,0.009556241134751769,0.028698212688868324,0.014535449814986116,0.00827310990338164,1A1-107
2013-04-21,0.5613321840034312,0.6000937458041175,0.6253623544495003,0.5971136492055795,0.09127041520587796,0.09114904063479035,050706
2013-04-21,0.2268167465461366,0.24353454801296254,0.25356250042640294,0.25274517354596643,0.05522651671499238,0.051863519742452686,1A1-052
2013-04-21,0.10596580269091632,0.11568586364537395,0.11860917674314882,0.11507875947767482,0.03195871140789931,0.02744357772932256,020059
2013-04-21,0.01266049051633298,0.019829476817702845,0.019949080084299263,0.0708577813487882,0.042136671232876725,0.026155247629083236,060315A
2013-04-21,0.012891780295047414,0.019850393045310846,0.020020191780821907,0.07148033614330872,0.04242725553213911,0.026364577976817696,060315A
2013-04-21,0.0036178101551480905,0.008121227221438642,0.0075103874471086005,0.014860429196050769,0.010266573201692521,0.006631096473906904,040576
2013-04-21,0.002588665762974434,0.009267814355796537,0.009478825200103272,0.027920184611412335,0.01913879486186418,0.012105916602117218,040576
2013-04-21,0.04451814591352397,0.05227885670767705,0.05080564650388455,0.0640731785604647,0.027227478865090787,0.01745863166221929,1A2-078
2013-04-21,0.007726911564009078,0.013987355247084415,0.012469243810959898,0.024504645502090052,0.013446536785898348,0.008623165596190186,1A1-105
2013-04-21,0.0047681287791992814,0.010051557454437445,0.008151767684000588,0.01774331877347081,0.01114148176436892,0.007161932801858567,1A1-105
2013-04-21,0.14991821093806337,0.16345546416468387,0.17003555910063217,0.18715428299324646,0.04488964344941958,0.04007867882808183,060182
2013-04-21,0.010155531058111589,0.015001125522826373,0.010156421865266524,0.024373033505383997,0.012776505962445492,0.007410168639316541,020188
2013-04-21,0.011011064814814814,0.02320839699074074,0.02486730902777778,0.03310483217592593,0.022817667824074073,0.01810701967592593,040186
2013-04-21,0.00858346090928985,0.014300325144983044,0.012831074379034899,0.0301871052358026,0.016116112621731047,0.009622560099573246,1A1-071
2013-04-21,0.07835449481157838,0.08887772801747679,0.09016145002730748,0.08788564172583288,0.030198642818132174,0.02369867831785909,1A2-028
2013-04-21,0.01685565162068042,0.02229036030002679,0.02402026721135816,0.06355885079024913,0.036089908920439326,0.02267102129654434,020197
2013-04-21,0.00652056261260349,0.011502426516731114,0.012194449077916556,0.02429780537055407,0.02152589677928703,0.014240042915848497,040707
2013-04-21,0.0051135295283392754,0.012946300865371903,0.014868339774078473,0.018670181166600592,0.01616233121944774,0.01119725690315761,1A3-048
2013-04-21,0.0032383884236815027,0.008069616326330731,0.007651358038293913,0.011409131163997846,0.009960284755888546,0.006750708461877477,040704
2013-04-21,0.0050955287580114845,0.008780667718450274,0.00883745462052455,0.014870744992348368,0.009875005757662994,0.006857482537614208,1A1-059
2013-04-21,0.006324400028777412,0.009793074942445185,0.009732611720737909,0.015543820637192536,0.010035091728007995,0.006883852841391005,1A1-059
2013-04-21,0.02383116366680618,0.04929590414399329,0.03668700397655924,0.02036564148179154,0.010405350565089993,0.005898305776475505,020138
2013-04-21,0.005804024221453286,0.012543941176470584,0.011882647058823524,0.0374343910034602,0.02195839965397924,0.01381682006920415,040850
2013-04-21,0.17700750516401528,0.19562556642311008,0.20482202390862014,0.22770311844863728,0.04931669225551855,0.041995454818719975,1A1-017
2013-04-21,0.09845834813361387,0.1111351852395017,0.11481683702160389,0.1287301185033848,0.029012407405534468,0.023754759453299905,1A1-089
2013-04-21,0.030048186839235762,0.0373140641445029,0.038687690643815484,0.049121921134973705,0.021132413833973362,0.015994270314796367,040852
2013-04-21,0.01133081550735228,0.01913700702426682,0.019534869299372953,0.024979742470818602,0.010078045762262016,0.007289557520273826,1A1-103
2013-04-21,0.006825446717521958,0.010937354657882568,0.012144611650485438,0.028463690765141006,0.024353283055940828,0.015687299468331018,030172
2013-04-21,0.013363037004090401,0.019753164443283004,0.019837577726084465,0.024283026044956822,0.00980279939768388,0.006960511390605864,1A1-103
2013-04-21,0.011631498216150357,0.019002492514618954,0.018157528051173415,0.028698224077369626,0.012740201098064202,0.00885737317474995,1A1-109
2013-04-21,0.017064204579157683,0.02295209486513065,0.022334815764415716,0.03077800474540288,0.012954911628578553,0.00876213392885017,1A1-109
2013-04-21,0.09890242013376756,0.11071681199488863,0.11446570083468711,0.12795667304463676,0.02865616879983145,0.023543055393179788,1A1-089
2013-04-21,0.004334440474222524,0.011068345657269534,0.011315272048507352,0.030289867456754983,0.019781967241430446,0.012337269765982975,1A1-110
2013-04-21,0.0020563092797761377,0.008113123545967748,0.007828058958465512,0.01924791949338668,0.012949915950835392,0.008269612535994916,1A1-106
2013-04-21,0.003054500722460298,0.008614481408961778,0.008125388425036526,0.019063285962924652,0.012756856127776946,0.008156967842306607,1A1-106
2013-04-21,0.03273315511373813,0.04245243730969013,0.0428509139351603,0.061099082482536274,0.026301913397814798,0.018181256492924947,1A1-087
2013-04-21,0.03304144277270284,0.04248983790077019,0.04255069944474297,0.060964483700519434,0.02649313765000895,0.018161612932115347,1A1-087
2013-04-21,0.004912540383964818,0.011310926473697566,0.011612260793724632,0.030679208220568327,0.019903337058102197,0.012394838950439784,1A1-110
2013-04-21,0.0076048930352370665,0.01141294297738105,0.010887828367358184,0.021974984812794435,0.013603270965920043,0.008522600697027293,1A1-029
2013-05-16,0.013732957171468172,0.019486750269604083,0.017246897723771356,0.02782951563703588,0.020903994396086877,0.01587379001694653,1A1-052
2013-05-16,0.007643798986582772,0.014024955188491067,0.011530130473194053,0.02563342072204552,0.023173057482074277,0.016965836844385167,1A1-103
2013-05-16,0.013386454235246887,0.019283443396226396,0.012038068458214275,0.04123888244739886,0.023851090986374467,0.013797997673979266,1A2-078
2013-05-16,0.01728163507387851,0.025797475160649955,0.02420253425323346,0.06436006067861812,0.048084161985306115,0.030503343437909263,1A1-110
2013-05-16,0.024381464679196378,0.03667052851587817,0.04323846597537266,0.11102019151004537,0.09884782890473105,0.059797914452365535,040887
2013-05-16,0.008334640726564247,0.01585730391903307,0.012804101234504033,0.04629117872721942,0.03132581613476092,0.01959961917446852,1A1-017
2013-05-16,0.012357721917266267,0.02121420969018123,0.015758596048759985,0.06087389875874687,0.038176042145735944,0.022105365947135483,050215
2013-05-16,0.010108064609557026,0.014278085241399067,0.009685569132941944,0.026063990373976546,0.0199984686226781,0.014033101024432776,1A1-109
2013-05-16,0.01529100820377553,0.018257493824814734,0.016083968310961094,0.024341281225201468,0.0196225995294565,0.01496908814029129,1A1-059
2013-05-16,0.016799373414573486,0.02381673601094254,0.02133529221586669,0.04678123029097238,0.03286455334493904,0.023215550857995516,1A3-001
2013-05-16,0.010035433440875293,0.015985929653527835,0.010242078832935889,0.05500779316874736,0.028821019427689724,0.016117774582690418,050669
2013-05-16,0.013609328530192285,0.01743602651759525,0.012378737321503398,0.038070740490711866,0.025984038080384145,0.016239524934653787,1A1-089
2013-05-16,0.012930304182509515,0.018772133215643663,0.016087566016140288,0.027865091545743736,0.021832412469930923,0.01650667480794599,1A2-077
2013-05-16,0.007169288912075056,0.015323214121860627,0.011823098906303182,0.03803228547854786,0.034274524782074635,0.023721304851337156,1A1-106
2013-05-16,0.016899178618714875,0.022157826585494093,0.01612499530681503,0.02470741239212014,0.021758263215354408,0.01668520457852139,040826
2013-05-16,0.0004729295444558335,0.006379251745520233,0.0029431427908793465,0.018271039377960062,0.017737553342121952,0.012891190249499532,1A1-105
2013-05-16,0.011387139636447385,0.02081850198430275,0.013603279680385511,0.03758159342168202,0.03424486163031731,0.023776116923267726,040850
2013-05-16,0.017489073234984186,0.024489466280295046,0.02061107376185458,0.09651531032665964,0.061131277660695475,0.03478846838777661,060315A
2013-05-16,0.014741747764842094,0.022118263544949713,0.016516999796316535,0.04760079736712331,0.03401930495701209,0.02190520856113718,1A2-066
2013-07-26,0.005638968314588714,0.01669942729696678,0.01198809020468715,0.08662682677773091,0.04187804049638139,0.01975329168420841,1A1-110
2013-07-26,0.006426295574288722,0.015442957323498414,0.009540193888303475,0.12183141043203373,0.048241508956796623,0.0217235052687039,060315A
2013-07-26,0.004852578362887329,0.014184166218878733,0.009833979491312914,0.04834549077556869,0.02466364141142755,0.012911240820347477,1A1-087
2013-07-26,0.004313556753026121,0.007687970822948212,0.006300491150763931,0.020340032300969035,0.009966787548479383,0.006361187647394124,1A1-059
2013-07-26,0.003414045130388994,0.008760549846193648,0.005393430874894919,0.03329471728266193,0.014753853403600836,0.007019637492725375,1A1-105
2013-07-26,0.003939416173937328,0.009631310033720647,0.006387716191229972,0.04087842020112669,0.018696277992457745,0.009558447187618472,1A1-089
2013-07-26,0.002734013025806764,0.007320253782870573,0.004715017628911411,0.01302574763723617,0.005529279418245919,0.00272510356985456,040704
2013-07-26,0.004302880829700085,0.01119171621086008,0.009631929581186416,0.03104438912009511,0.015268383207821371,0.00793233766019289,1A3-048
2013-07-26,0.0022058549768213917,0.007076912235065487,0.004944766796898723,0.03576719533796231,0.016301612127775852,0.007309875908419196,040707
2013-07-26,0.0027264470322359976,0.007037633534291393,0.005057076780960165,0.028641684543887744,0.013192675497421518,0.0064897666796316965,1A1-106
2013-07-26,0.005179943063566625,0.012409504519236482,0.009501626033180709,0.07067217993696853,0.03167393069512992,0.014700854492477843,040186
2013-07-26,0.0027283534530324906,0.00904178538407623,0.006138329257199099,0.033932042888885586,0.015718053931729734,0.007716470092607785,040576
2013-07-26,0.0034376651156232288,0.008131772729836421,0.006394878003384093,0.03313262143260013,0.017031980062041718,0.009302123716864067,040852
2013-07-26,0.0035255532773374155,0.008668793408774909,0.006806423498932119,0.030358908807172468,0.014308542183267155,0.0074519541993349064,1A1-103
2013-07-26,0.0032659732764119607,0.008099152631394154,0.004723252691475645,0.018174899119649975,0.008026561733741423,0.004175370939865829,040826
2013-07-26,0.010796229978103056,0.018731417352023293,0.01516415826134931,0.07481090342074864,0.03510397541336917,0.01883576221141743,1A1-017
2013-07-26,0.0029423017233355998,0.007146551060215909,0.005040525745331013,0.02943006472203262,0.013329658900539802,0.0067051096862008955,1A1-109
2013-07-26,0.006947705957925162,0.022508636381885345,0.01939917777420909,0.10745694013971416,0.052670320178256,0.029958926047856122,050215
2013-07-26,0.0009163909124321418,0.006936263287846806,0.004881741791691798,0.023221678697979496,0.010520857395958979,0.005689809823582629,040850
2013-07-26,0.0050307778267092325,0.012529752009248041,0.006621832819553007,0.027740873059561806,0.013082943135527906,0.006273430859848065,1A2-076
2013-08-20,0.013197873074022187,0.02383725002693676,0.011102770714362673,0.06443910812412457,0.021813162913479164,0.009619133714039435,1A1-029
2013-08-20,0.013359631081381539,0.02233275659490967,0.010969019245826528,0.0411933438777779,0.014728223869271442,0.0077269747029994895,040850
2013-08-20,0.015416314531659195,0.022463382086735477,0.01308998611539053,0.046758413630411395,0.016651664439223533,0.008377102545832694,1A1-052
2013-08-20,0.013062157089319173,0.01929532667083073,0.011324144206745776,0.0534468861648969,0.021980065271705172,0.011277874297314177,060182
2013-08-20,0.018042060004250605,0.029762107115025825,0.01695351860816587,0.08183378539211747,0.028308027487189153,0.012423308734975316,1A2-078
2013-08-20,0.012888800319750753,0.019417124156213265,0.010921315145800872,0.05161300675029377,0.021166444617528913,0.010854522560192398,060182
2013-08-20,0.014383548875365892,0.022248294253581873,0.013710783681250964,0.047364870821136974,0.016840878928516392,0.008466781312586649,1A1-052
2013-08-20,0.008311588554453492,0.016599998557645095,0.005231607458509273,0.05190848218231368,0.020049627872434438,0.01030617269591476,1A1-106
2013-08-20,0.010148483076465629,0.017657345879379536,0.009217615094900636,0.031186663115119667,0.01142496741662124,0.006073478864165715,020059
2013-08-20,0.008375673761356187,0.018631903975835896,0.005388542388623521,0.050360529721207595,0.01895091161687116,0.009412034240267238,1A1-105
2013-08-20,0.01077611840211626,0.01874724965391519,0.007301381323757178,0.04511168084129435,0.01810971771817047,0.009914531517701707,040852
2013-08-20,0.018180050042181137,0.035631336183756405,0.031019924265664536,0.1560831858271339,0.08850971508551263,0.043250453830815216,040887
2013-08-20,0.013437935354887005,0.018949039662437158,0.01122857242705918,0.03789325447840251,0.013036655535377204,0.006632325065513307,1A2-077
2013-08-20,0.01890631068116662,0.026053328435062553,0.013394941501033056,0.036190153835065755,0.011890972019795963,0.006898233098963755,040874
2013-08-20,0.004114983339398622,0.014915576127007224,0.0036127246053768787,0.037611628986034644,0.016080614508938725,0.009550541668562064,1A1-089
2013-08-20,0.012859327605528575,0.021163474971983565,0.01131151008591707,0.06283780911468062,0.026004101606275688,0.01246758358236832,020058
2013-08-20,0.015150471938775504,0.0216155931122449,0.012612774234693876,0.06602780612244898,0.025231639030612246,0.011821371173469389,030171
2013-08-20,0.018937394245406403,0.029674134559722152,0.01710418826783303,0.08066184204884115,0.032503614577303226,0.015989558864518343,1A2-066
2013-08-20,0.008626319873211686,0.0154575221591613,0.005742962500842127,0.03152869139517143,0.012016208058686874,0.006936896405309726,1A1-103
2013-08-20,0.007432591495959921,0.014938461282229091,0.0033979177218148773,0.04145663934969102,0.014603388720498055,0.007367145742915242,1A1-109
2013-08-20,0.01451849474969541,0.019918432997842846,0.01098068080718892,0.03524229708508905,0.009925268760268693,0.004866354978149339,1A1-059
2013-08-20,0.009526011724619013,0.022200642197896556,0.009219656766473485,0.08017328477141028,0.03161402707125997,0.01483786839987121,070859
2013-08-20,0.01093407661230249,0.02184451381159789,0.009483482761793751,0.08105325569421679,0.034727125680282564,0.016379109388556367,1A1-110
2013-08-20,0.01383453453689168,0.041806869701726854,0.019538405808477242,0.22016565306122454,0.10070198351648353,0.048724427786499214,050215
2013-08-20,0.014792510113268606,0.024542954230235784,0.01563567180998613,0.07739252224919091,0.03400792215672677,0.015910090152565875,030172
2013-08-20,0.014684141736503599,0.027748643539271096,0.013100654112258817,0.036307615230949136,0.015600056275579812,0.008987447865913071,020138
2013-08-20,0.010032513513513511,0.015722717717717716,0.009819318318318322,0.04789621471471471,0.022189875375375374,0.012632493993993991,050707
2013-08-20,0.01856717339911603,0.02768122289032789,0.017250186555658336,0.06271453964950147,0.026516876734505083,0.013552717005858767,1A1-107
2013-08-20,0.0011054596042868868,0.026708322341302545,0.016656766281945595,0.08877815746084089,0.04857569661995052,0.0253190395713108,1A3-001
2013-08-20,0.010725467118997908,0.030163402922755735,0.018890957724425873,0.09991781315240082,0.0552465605427975,0.02877020354906054,1A3-001
2013-08-20,0.013995387151073076,0.02648351171272268,0.01366956094823958,0.08560500526020481,0.030873478398092288,0.013892322906438487,050669
2013-08-20,0.013423262284328542,0.018954268168084612,0.010665022779677185,0.03757005305319232,0.013108963981871679,0.00663795728313588,1A2-077
2013-08-20,0.009745589413822612,0.01671097368096601,0.00463984465823656,0.02503097934470191,0.00715078589151826,0.0043203817370845035,040826
2013-08-20,0.015617326091216384,0.021389160216528678,0.015027764782246605,0.04714377308577867,0.017156482756086805,0.008325480086219562,1A2-028
2013-08-20,0.016156886498043067,0.023347757892377433,0.014013720021034815,0.06637536056656143,0.025957269823617634,0.011992828238417888,1A1-017
2013-08-20,0.016133661612193585,0.032734143129321214,0.020379424595380266,0.09921453537476432,0.04521076759899438,0.02377493567331868,1A1-071
2013-08-20,0.016892500000000005,0.04070750000000001,0.026434999999999986,0.257765,0.11042000000000002,0.05005749999999998,1A1-087
2013-08-20,0.009985858427145068,0.01793176240105016,0.008762252277337996,0.029934502167946218,0.009082124786188781,0.004840116054735668,1A1-102
2013-09-28,0.002889976213130351,0.012019525301839211,0.007204496134056334,0.020961251166249452,0.01144768773151783,0.005522195897573276,1A1-105
2013-09-28,0.001569266745937372,0.00742264665081252,0.0077016868146386535,0.016345877097370853,0.010098742898665606,0.005477400416171221,1A3-048
2013-09-28,0.0016129039835268359,0.009566657258368524,0.00697832160830066,0.01701070241819965,0.009514789726892337,0.004932152843222249,040850
2013-09-28,-0.002181703750377224,0.0015890387667512336,0.001580060871679084,0.009735387178527106,0.004603472116663496,0.002181499005264272,1A1-059
2013-09-28,0.003569466209578798,0.01100415474830096,0.011026965838696104,0.04758132449229166,0.026881462480704086,0.013159443886449735,1A1-110
2013-09-28,0.0013026434797512327,0.006203824616816019,0.003913283752019977,0.008592144606042794,0.005000563268204297,0.0025049823710885824,040704
2013-09-28,0.007639322609095783,0.021322659521435684,0.027186104954367657,0.11818969802132058,0.08386426930746224,0.04300061277705345,040887
2013-09-28,-0.0029690388226352687,0.0011295953437426643,0.0013495656832940256,0.00969804636418504,0.004607596148472685,0.0021934624626974036,1A1-059
2013-09-28,0.00024695867829324143,0.006306363346886782,0.00626155342183902,0.022694225371087045,0.01173858399059423,0.006076078969284278,1A2-028
2013-09-28,0.0083686072551576,0.021798743385228917,0.027447640731651204,0.11829680228545132,0.08392638104916013,0.04299489723138276,040887
2013-09-28,-0.0009617390604093392,0.002778082412408938,0.0029254204866445274,0.01174625501759254,0.0062491727786312444,0.0030151283512562525,020059
2013-09-28,0.0024417800527909038,0.008886106931416561,0.007926545289828054,0.026559920217128698,0.016421230371176765,0.009055722184112033,040576
2013-09-28,-0.000299449314435376,0.005208091472808504,0.004717726775535354,0.016805068768294556,0.008164271780157136,0.0039689116468957005,1A1-052
2013-09-28,-0.0006369914269599575,0.004210994275239705,0.0046362879018612465,0.02127112786238015,0.013035121996615898,0.006977797659334457,040852
2013-09-28,0.003696773880390741,0.00908628870514316,0.008475419326785003,0.028918777463544883,0.019681677206016206,0.012251653408209906,1A1-106
2013-09-28,0.0006959671253822581,0.006604478159352,0.005978569234371977,0.030398689698873202,0.015457396926743257,0.007243862440422065,1A1-029
2013-09-28,0.0016834735520961921,0.007482250399805662,0.00707957433348853,0.02156954584100892,0.013727310623696842,0.006972848792485675,040707
2013-09-28,0.0011351812775150826,0.006398461595755524,0.0058939614018207204,0.01896983832207985,0.012046914405889592,0.007025849368868667,1A1-103
2013-09-28,-0.001094996178738016,0.003863311517768859,0.003117290512958923,0.017666138432797355,0.009016784529347894,0.004332783440591502,060182
2013-09-28,0.0056276616514418735,0.018166459788644097,0.0116102933010926,0.03712757433279598,0.02230323705892888,0.011645452713594837,1A1-087
2013-09-28,0.0010850395612973657,0.006540241415628315,0.005917094792647397,0.019190045939927326,0.01262102591815491,0.007601417959095837,1A1-103
2013-09-28,0.0037646979247190284,0.010089657043467917,0.00947138862460605,0.040616002854254624,0.02287311634060772,0.01156592644347981,040186
2013-09-28,0.0032423797965788217,0.0084669379912159,0.008133934350439201,0.03898187817845584,0.027133491100323627,0.01374293313684697,030172
2013-09-28,0.0009387011967177464,0.0051376551157163285,0.003810282737171923,0.016688418672829927,0.008715302184804855,0.004077351767543584,1A1-109
2013-09-28,0.0007892385253370385,0.0063897400118388065,0.004153014206567211,0.025586492953250013,0.01326891257573844,0.0063764678456698625,1A1-089
2013-09-28,0.002994024201700659,0.009631486144972346,0.009237124338467023,0.0406553273473271,0.022958769102693698,0.011624643366831175,040186
2013-09-28,0.0015623840894428405,0.00684473567205177,0.004391452648101467,0.025458369836318544,0.01314192930969119,0.006322970027202644,1A1-089
2013-09-28,-0.0002319224295132601,0.007972389535699249,0.00626813788750175,0.052809810632627296,0.022289042292046576,0.010330133609201845,050669
2013-09-28,0.0007819395995185437,0.006733334391071232,0.0051418496006127535,0.027744772130429977,0.013563338384943651,0.006327763705000546,1A1-071
2013-09-28,-0.0010380169027914186,0.0074166843175760885,0.005942774582690416,0.051863053022864355,0.021832485972787193,0.010163883784542,050669
2013-09-28,0.00291565630859898,0.011672030538440927,0.010832761184034284,0.0761821316635414,0.03445455397803376,0.016097408920439323,020197
2013-09-28,0.000505812851059696,0.006514960359824824,0.0035422563660847516,0.012203442235135696,0.00623657211054362,0.003101353255528998,040874
2013-09-28,0.004746198728282284,0.017559233387067885,0.011243089736700691,0.036588336915636746,0.02188600349274584,0.011472133261687261,1A1-087
2013-09-28,0.00171283805531426,0.005594256510982189,0.00404599132515356,0.01656975123316995,0.008599871544797412,0.004034187116088597,1A1-109
2013-09-28,0.0017795048242539883,0.008494803711767593,0.007747321010483619,0.026517134601905832,0.01645523576956916,0.009091464761322466,040576
2013-09-28,0.009191722478024274,0.021102067810799496,0.011480586019254913,0.016246958978652158,0.008411352030138132,0.004111296567601504,020138
2013-09-28,0.00210047457011862,0.008136464280216506,0.00576431488889443,0.01633909083155475,0.011275189743797789,0.007015496183801574,040826
2013-09-28,0.006685122481558956,0.016923378839590438,0.010186656941539135,0.023117415501486285,0.012681799790818007,0.006262243752064294,1A2-076
2013-09-28,0.0001630439858050017,0.005626596469929024,0.00547750373552484,0.040345757377661565,0.019021397553231224,0.008891248132237578,020058
2013-09-28,0.002408194220862843,0.011792634148959003,0.008757220567718393,0.04762388457823567,0.026483025246834085,0.012792946206267449,070859
2013-09-28,0.009012940176225072,0.02785500154583397,0.025684474029989187,0.1862630402689751,0.0908661184108827,0.04081277283969701,050215
2013-09-28,0.0018721891675191405,0.008498902236722049,0.007811432649506476,0.03897790974315019,0.018758640617655996,0.008994789529707753,1A1-017
2013-09-28,0.004171926976203363,0.011343320753393086,0.011163813195405065,0.04721318196307214,0.026629591237144423,0.013057792846975795,1A1-110
2013-09-28,-0.0015684977352793195,0.00536363361852038,0.006923044162053343,0.03028761921238047,0.024184366507297432,0.01554632517614494,050707
2013-09-28,0.002928084196307967,0.010507498338371812,0.007066384029073136,0.04141608327437233,0.023148667749405032,0.011630471312793468,1A2-066
2013-09-28,0.002175841263843952,0.009690049531253688,0.00799791472831605,0.04117016719011973,0.020794704347415403,0.009371713344510826,1A2-078
2013-09-28,0.0021330982735987864,0.00982644615935399,0.005518487310553318,0.01402947859898962,0.008631150602649266,0.0048950219778034106,1A1-102
2013-09-28,0.0026336859466493103,0.008858710474951194,0.007941015614834082,0.03805955165907612,0.01820923077423552,0.008768467534157439,1A1-017
2013-09-28,-0.0010832599612982708,0.0044728817398188014,0.0038558430820652603,0.021569858386841403,0.01042726064297651,0.005256346314539533,1A3-001
2013-09-28,0.002440594467635507,0.008453581400648419,0.005923948291399522,0.01641071940419099,0.011377707181404805,0.007118620803596395,040826
2013-09-28,0.0013145796073594357,0.006827262565525742,0.004354347183677659,0.026401152867715084,0.012629535024154592,0.005854274462945829,1A1-107
2013-09-28,0.0017460204081632608,0.006228641581632651,0.005227468112244899,0.034166479591836725,0.01843681760204081,0.009160497448979591,030171
2013-09-28,0.003657587211889288,0.00912568212156269,0.004404874076710861,0.023607497330248292,0.011616966272136684,0.005451056109281835,020188
2013-09-28,-7.293677555321728e-05,0.009543103266596421,0.011832239199157003,0.08401642413066386,0.03994199736564806,0.018228571127502632,060315A
2013-09-28,0.003689044368285405,0.01247360465760764,0.007420707209038095,0.02078675535550977,0.011280816259133701,0.0054595723213213465,1A1-105
2013-09-28,0.0035727419112062887,0.008995567720769837,0.008548799167345154,0.028655557782962363,0.019606542036412405,0.01224926990469282,1A1-106
2013-09-28,0.0007100742887249656,0.010026448366701787,0.012097572181243417,0.08449285511064279,0.04011383614330876,0.01826165806111696,060315A
2013-09-28,-0.0030147246620167113,0.004408739272080137,0.005040247854416024,0.01706235999885185,0.009791691208128835,0.0052868779959241085,050706
2014-02-12,0.10907197585768742,0.09377519695044473,0.07390108322744599,0.1263870171537484,0.023682554002541288,0.029670844980940272,1A1-103
2014-02-12,0.14620543532338312,0.17219929726368163,0.18102392412935325,0.29688265547263687,0.03815601990049751,0.040529434079601995,1A1-059
2014-02-12,0.25653721804511276,0.29236620300751875,0.29906400375939846,0.3160788533834587,0.06418815789473685,0.0715130827067669,020197
2014-02-12,0.11338978346456692,0.11905016404199473,0.11847111220472438,0.27704997047244095,0.0543392716535433,0.04354747047244094,050215
2014-02-12,0.13373025341480943,0.11654581775700931,0.10536221423436375,0.15419306074766356,0.025406349748382448,0.026770436736161023,1A2-066
2014-02-12,0.22725989799387966,0.2126868148588916,0.2057618174090446,0.24139059673580432,0.039018975688541326,0.04161093250595037,1A1-052
2014-02-12,0.2206692766853933,0.21610427668539328,0.212775077247191,0.2902415730337079,0.04815103932584271,0.04696529494382023,1A1-052
2014-02-12,0.18389524436090224,0.1742618918389724,0.15313636513157894,0.18512750626566415,0.03412152138157895,0.040981448934837086,060182
2014-02-12,0.1830390787126505,0.16216939096916302,0.13639752165932453,0.18056560279001474,0.02906105212922173,0.03991748678414096,060182
2014-02-12,0.054736643431635375,0.06475838069705094,0.04295282707774799,0.13937512600536195,0.03240668766756032,0.03272595308310992,1A1-109
2014-02-12,0.12502440274151436,0.12432935161009577,0.1243340366623151,0.19951195822454312,0.050559021975630995,0.04344946420800697,1A2-077
2014-02-12,0.05619802605863193,0.07519617263843648,0.05926258306188924,0.1330097540716612,0.022343752442996738,0.02828649348534202,040874
2014-02-12,0.19237010261194032,0.2074339458955224,0.21703996268656717,0.306306604477612,0.05701664179104478,0.057767966417910474,1A1-102
2014-02-12,0.2634502672511312,0.25732727092760177,0.24340978223981902,0.26516103789592754,0.0441197709276018,0.04951782805429863,1A1-029
2014-02-12,0.2357375,0.24770000000000003,0.23504999999999998,0.2413475,0.03641749999999999,0.040679999999999994,040887
2014-02-12,0.11187028665651953,0.10667733510908169,0.10183832572298326,0.1688084157787925,0.038623973871131416,0.03434304287163878,1A3-001
2014-02-12,0.10161420251572328,0.10041574213836475,0.10063740943396225,0.18781090817610063,0.04727483899371068,0.04145637169811321,1A2-077
2014-02-12,0.10534959600760457,0.10080054182509507,0.08916197718631179,0.1660644724334601,0.034913730988593156,0.0307606036121673,1A3-001
2014-02-12,0.14969244296116516,0.1541591771844661,0.1320038422330097,0.19120363956310682,0.034431839805825246,0.044560316747572826,040826
2014-02-12,-0.01832659235668789,0.02948977707006369,0.033390573248407635,0.23223641719745228,0.0563812738853503,0.04643941082802548,050669
2014-02-12,0.08527084756097561,0.11360275609756096,0.11209860670731707,0.22730157317073174,0.047572573170731706,0.045103810975609754,040852
2014-02-12,0.1702101228978008,0.17055903137128076,0.1572732939844761,0.24992548997412684,0.03764105433376456,0.04226436287192757,1A1-107
2014-02-12,0.00912977384247609,0.006121271074484145,-0.022931271389028694,0.029380063852541525,-0.00450550673125315,0.003982647835933565,050707
2014-02-12,0.09189792926010183,0.10064096563981044,0.08430986078199053,0.16354343009478675,0.031174152843601897,0.03395957642180095,1A1-017
2014-02-12,-0.0487775,0.009935,0.004517500000000008,0.09567999999999999,0.00952249999999999,0.021842499999999987,050706
2014-02-12,0.09976055232558141,0.020632086811352236,0.019991323038397315,0.1706888898163606,0.042585166944908166,0.0419551919866444,1A1-089
2014-02-12,0.17276232578721815,0.1690744307806968,0.1546303824296627,0.2278877846096515,0.037160112725917634,0.039147086361095575,1A1-071
2014-02-12,0.1072772937411095,0.10675415481270742,0.09251026315789473,0.20698559151256518,0.03262230440967283,0.037459813892840206,1A1-105
2014-02-12,0.1019024888392857,0.08660622767857143,0.07677166294642855,0.19699638392857144,0.04900218750000001,0.03961707589285713,1A2-078
2014-02-12,0.09670583635265703,0.10205770833333337,0.10231450785024157,0.22032139190821262,0.04913734601449276,0.0462342693236715,1A2-028
2014-02-12,0.0651611584624734,0.08087945989061077,0.05348939304162868,0.1946369910361592,0.031344798693406256,0.0378211615010635,1A1-110
2014-02-12,0.0900534051724138,0.09803084880636607,0.08607082891246683,0.18225331896551725,0.03343243700265251,0.03674458222811672,1A1-106
2014-02-12,0.1492886887254902,0.13096081495098036,0.11337368872549021,0.15688286764705883,0.03070019607843136,0.03206083946078431,020188
2014-03-07,0.7926633366762604,0.8168969368969685,0.8485593026455105,0.8168950184544495,0.08489698372280292,0.09260600138687976,040576
2014-03-07,0.7718733828484825,0.809180192890603,0.8443727417037348,0.8252066366767703,0.09275644526237063,0.1012139476636618,1A1-052
2014-03-07,0.411765,0.45549,0.4447925,0.4349475,0.055584999999999996,0.062350000000000017,020059
2014-03-07,0.7323844585548527,0.7625833484031205,0.7930560739648413,0.774018649637161,0.08084312303543015,0.08688091029919676,020138
2014-03-07,0.7423786455703585,0.7609725238181347,0.7897304212929508,0.7756577417052588,0.08672928074818059,0.09270661869248828,1A1-110
2014-03-07,0.7108745728511531,0.7391694640985326,0.7734376781970651,0.7574687683438157,0.084413071278826,0.08943664963312369,030172
2014-03-07,0.8090717242598153,0.8430410644510518,0.8782947988873483,0.8488332612103363,0.09806681134110493,0.10693287453476545,1A1-059
2014-03-07,0.4314427791155868,0.44686542688266206,0.45260569067425577,0.4960547515323995,0.06415530757443083,0.0626874408931699,020188
2014-03-07,0.7457441020640885,0.7809625541042173,0.814187818180716,0.7910319272959419,0.07470185968083377,0.08008611138068868,060182
2014-03-07,0.7353430182535363,0.7643639887809119,0.7945123414362647,0.7789529616962118,0.08902681990337448,0.09475454814185293,1A1-105
2014-03-07,0.7338464285036643,0.7650690420206085,0.7955246726946315,0.7787977372872696,0.08624659288612543,0.0912820494351519,1A1-029
2014-03-07,0.7150991696541414,0.7432294250696706,0.7728581232998347,0.7620871541306132,0.08967571456838237,0.09504488083044571,1A1-089
2014-03-07,0.6721290842736881,0.6982865394948952,0.7273701464266525,0.7367172698370053,0.0884551495611678,0.0896174888053018,1A1-087
2014-03-07,0.4724770373134329,0.4768186169154229,0.4930800920398011,0.5302855671641792,0.08724620149253731,0.08124222636815923,020197
2014-03-07,0.7788804173582238,0.8043799804748087,0.8365861694367757,0.8128433789050393,0.09744840190094314,0.1045626426870694,1A1-109
2014-03-07,0.680800901320093,0.7118664021525838,0.7420740213771779,0.7337154293274665,0.08147655660938335,0.08606367663673659,040186
2014-03-07,0.6146116695890026,0.6556345371019778,0.683415435194277,0.7125440840230044,0.09353616881750595,0.09327253682143355,050669
2014-03-07,0.7290837482419128,0.7596390813994374,0.7914338629571026,0.7705018569796066,0.09958194444444446,0.10818777645921235,040887
2014-03-07,0.7629798042670614,0.7901326055868122,0.8235871258022105,0.8008564655241781,0.08635666145829843,0.0947432163238756,1A1-106
2014-03-07,0.33081065177923036,0.3500170585209393,0.3556705669026869,0.4358942562333577,0.06831884304647785,0.05708438574195111,1A1-071
2014-03-07,0.4048732044257114,0.4268378050579559,0.44061398946259217,0.49704560642781853,0.07378856849315069,0.06716546153846155,060315A
2014-03-07,0.6342700287356323,0.6562963170498084,0.6964702346743297,0.7626039942528737,0.09797445881226055,0.09579079022988506,1A3-001
2014-03-07,0.8404453527398541,0.8662414475106155,0.9007768183919608,0.8602393507052756,0.09011293643942972,0.0999714691536117,040826
2014-03-07,0.63226443627451,0.6516183578431375,0.6789296323529412,0.7018720098039216,0.08324517156862746,0.0832459068627451,030171
2014-03-07,0.8152102982933656,0.8410792222529556,0.8742490443480341,0.8427787208959825,0.09223058828672569,0.10128421024624795,1A1-103
2014-03-07,0.5822666040181462,0.6096238345214948,0.6281859958954416,0.655496784132642,0.07808044853100019,0.07580175361849209,1A1-107
2014-03-07,0.05701499999999998,0.09205000000000002,0.08072000000000001,0.3056975,0.08784249999999999,0.051570000000000005,020058
2014-03-07,0.6704339069639126,0.6987370786996325,0.725630095820617,0.7183737894187833,0.08797813850238795,0.09191635054052652,1A1-017
2014-04-01,0.4258691790297452,0.45227412920653753,0.4306459575204607,0.29694512709245097,0.023455777575847474,0.015832338723635726,050215
2014-04-01,0.6509367927284379,0.6685243045791243,0.6775657754777975,0.5752264831734397,0.014146587473612788,0.01814018758481605,040850
2014-04-01,0.7845612498632236,0.7966141709705656,0.8178795048145309,0.7588910277656199,0.04079851780829413,0.03729151252872307,1A1-071
2014-04-01,0.704096463228961,0.7241958462131045,0.7395076823387403,0.6431209253114806,0.020867232011791994,0.01959617413167696,040874
2014-04-01,0.6297290991861111,0.6364779242647562,0.6384055920666043,0.5268246003028954,0.025250382417775025,0.026129572131663774,040826
2014-04-01,0.6860723185843199,0.7012750649464186,0.7168686475747316,0.6065501944726447,0.018469680992667797,0.02081416937394246,040852
2014-04-01,0.4205414230607377,0.4566559629681581,0.45659645356992556,0.4199533689858325,0.03281147426006452,0.02260061123579745,050669
2014-04-01,0.544975995561324,0.5617074161916993,0.5586104878386745,0.44422952899688684,0.017152890220132472,0.01669721933803222,1A1-105
2014-04-01,0.5317275653037137,0.5581906633129432,0.5588706260463622,0.47425782005258704,0.02078746624812194,0.021295407893324746,070859
2014-04-01,0.4617886084667996,0.486218750938016,0.47115351616603446,0.352896465609657,0.026229815720074604,0.02039276634291717,1A2-066
2014-04-01,0.4347831839876312,0.4283418844363363,0.43784605120785103,0.43819960335933583,0.012591075113236032,0.013349837065928533,050707
2014-04-01,0.8305679342547628,0.8359916389615245,0.8541204155771388,0.7792510389428468,0.04080497758685097,0.04345087411281286,020058
2014-04-01,0.7710385984421693,0.7919513656738354,0.8118624932640965,0.7580163346886787,0.058459995468573986,0.06004985327977269,1A2-028
2014-04-01,0.5526315260612573,0.5821361888769477,0.5808783212430593,0.5169699319362352,0.019514368619022025,0.02046942101020956,1A1-087
2014-04-01,0.5668253863001477,0.5930033765616517,0.6057845336579504,0.5351591375805076,0.014010448785597892,0.011887154729572413,1A2-077
2014-04-01,0.8054924426020407,0.8081019068877554,0.8290542474489796,0.756090331632653,0.039021409438775495,0.049209502551020405,030171
2014-04-01,0.751941944157411,0.7912758637590067,0.8130756084416897,0.7171474347713773,0.025515060707827445,0.021781273644478887,050706
2014-04-01,0.8822381426235196,0.8847828459041578,0.9031354279201154,0.797997637519203,0.03450595631597203,0.03943217540512414,020059
2014-04-01,0.5699240524559638,0.5949300514859939,0.6082125094475049,0.5372515497788469,0.013356998894234485,0.011695587471870876,1A2-077
2014-04-01,0.45179504899894624,0.472437244467861,0.48200308904109607,0.4933405189673343,0.03879820021074816,0.02803792834562696,060315A
2014-04-01,0.8005978779983292,0.8357205741079601,0.8615228180317437,0.7981165573411833,0.048368467918373854,0.04634456571462666,1A1-102
2014-04-01,0.833769561950994,0.8314693293458162,0.854261155802127,0.7732400150254279,0.052895101421636635,0.06554127138233935,030172
2014-04-01,0.8597042499999998,0.847512125,0.864542875,0.759916375,0.016676624999999994,0.032715999999999995,1A1-029
2014-04-01,0.6573752183022644,0.6852815861962716,0.7020534093552615,0.623292373709752,0.019284215375134802,0.017171446002156802,1A1-052
2014-04-01,0.4532586834958794,0.4784879680969137,0.47194832951566806,0.39795947333931564,0.031899474106784405,0.022659642949913798,1A2-078
2014-04-01,0.5146063392778607,0.5531719072697686,0.5622948175960947,0.49558246140821527,0.01712252979593632,0.01453128309437945,1A3-001
2014-04-01,0.5347595929721173,0.5674611832615002,0.5758067668660393,0.5030395511918374,0.016146603922948366,0.014401585121822493,1A3-001
2014-04-01,0.6116357760245167,0.6266486297856076,0.6390157845244397,0.5434175324405341,0.01421734339688435,0.015400832791260654,1A1-106
2014-04-01,0.7520163141345196,0.7862241628959272,0.8100387347572667,0.6875846598665539,0.023790277820384998,0.02143412742541604,040887
2014-04-01,0.5908996096852077,0.6116163616455945,0.6154556232333238,0.5101955224870814,0.01302005068073135,0.0160982523794005,1A1-089
2014-04-01,0.6761575,0.6875062500000001,0.6940162500000001,0.5975600000000002,0.013772499999999995,0.028707499999999997,1A1-017
2014-04-01,0.6595410218764448,0.6865148038052684,0.7040910602179942,0.6257254441534436,0.018115339335233408,0.016908663187490357,1A1-052
2014-04-01,0.7568040278833362,0.780734411177924,0.8018295463474204,0.6863603552547753,0.025323780205317913,0.024315823954130397,1A1-059
2014-04-01,0.7435183209402884,0.7474282200409116,0.7669067768518367,0.6904678451639078,0.012957702122425726,0.021034445333943257,060182
2014-04-01,0.7390302941613546,0.7409678651276477,0.7583200832337587,0.6826178728308275,0.01524629188982635,0.021987724392995546,060182
2014-04-01,0.5435221687891671,0.5574535014464537,0.5590470374643234,0.4529844762711735,0.00671092125162871,0.011082296817801072,1A1-109
2014-04-01,0.5188987795080221,0.5386293050270624,0.5316787152483395,0.39666354770304546,0.013834780621039674,0.017669028450253754,1A1-110
2014-04-01,0.748127222081588,0.7548931235720925,0.774478799171155,0.6688348766647052,0.005427202660468795,0.015153162374771349,1A1-103
2014-04-24,0.004717876999464824,0.012223193940655283,0.013778990456086099,0.03975659228756616,0.02843088808943331,0.018112970506035556,040186
2014-04-24,0.007249837299838403,0.010684882351500903,0.010061325473776993,0.01245513172714362,0.010685814235345967,0.0077475777386024165,040704
2014-04-24,0.017663696319887033,0.02335139373122663,0.023322033139655744,0.02633056746216649,0.015514592167707284,0.011246714080634825,1A1-103
2014-04-24,0.006859805825242716,0.011831519934782417,0.010225210825566032,0.022585103392053798,0.01588733388451128,0.010245098934902497,1A1-105
2014-04-24,0.04994895530393326,0.05954799582836711,0.06112556495828368,0.06041132538736592,0.026699825983313465,0.019105748510131106,030171
2014-04-24,0.01748288212525035,0.023442208172854712,0.02415678027268523,0.03266089916807891,0.02634565762209211,0.02042156004467723,1A1-052
2014-04-24,0.007882832936979785,0.013998783524904208,0.015145710463733643,0.017662294721891927,0.015204093010965777,0.010545509809750287,1A3-048
2014-04-24,0.01322587362012498,0.01952357553688085,0.018962328172761618,0.024076785722645808,0.02118805442740181,0.016642333561564995,040826
2014-04-24,0.012264038127467571,0.017810104117315272,0.019092407557811615,0.030680467061477704,0.026660797800338396,0.01961819763113366,040852
2014-04-24,0.007061799211893246,0.012435510030449574,0.011470778703206154,0.03361779016657711,0.023214322944653414,0.015083435428980831,1A1-087
2014-04-24,0.008993059653690379,0.01384240474419373,0.013542109850676358,0.024342979757280225,0.01648241307821583,0.011206926329999723,1A1-029
2014-04-24,0.0134417263872877,0.019774928424011524,0.019136386639083798,0.0240323578672628,0.02110447821753018,0.01658653855457179,040826
2014-04-24,0.010060196562683452,0.014304438197129492,0.015097757444482681,0.02600153778416567,0.024671431051235846,0.017141715722990346,040707
2014-04-24,0.006669912326074583,0.012601794470594313,0.012561779858273414,0.034814433826445244,0.02028471809858789,0.012249932541940373,1A1-017
2014-04-24,0.0072731758428498305,0.012436332530777569,0.011413458477715776,0.0296946185144294,0.01853822720531019,0.011494350761208624,1A1-089
2014-04-24,0.00653910401200442,0.012490528826409726,0.011867951153056392,0.025076179868899068,0.01860643760859264,0.012310251145158732,040850
2014-04-24,0.01773956954689147,0.026762502107481555,0.027219396206533183,0.07662509641728135,0.047867387249736555,0.03108451106427819,060315A
2014-04-24,0.005863842048967598,0.009915446505810785,0.009515064327818715,0.019571399519846558,0.014410131824247724,0.009461316884501633,1A1-106
2014-04-24,0.008813648563581316,0.015003662987911224,0.01632512694212227,0.036066499308353886,0.027343049437661613,0.017824401184819892,1A1-110
2014-04-24,0.01634194432817078,0.03041381331100878,0.019567242570113014,0.01894098681456676,0.010995623691921303,0.006735621598995389,020138
2014-04-24,0.005470999583754531,0.012354913331747628,0.013839978741749418,0.03952551837426414,0.028246811262413022,0.01799631994410417,040186
2014-04-24,0.006293535275959252,0.010879314985758391,0.010926381212997901,0.019735516575450727,0.0153513759189943,0.010366602405416288,040576
2014-04-24,0.022955290697674414,0.03942628322259136,0.055775170265780716,0.16104023671096346,0.1362378862126246,0.07981674833887044,040887
2014-04-24,0.010536545018492834,0.016166451687471106,0.01847545047387887,0.03833927704576977,0.04048768752889506,0.02666354051086454,030172
2014-04-24,0.005490068954995672,0.00956766304092703,0.00922725180895795,0.019478287458338645,0.014443134627378111,0.009491944219046521,1A1-106
2014-04-24,0.015549429695587178,0.02196628380950396,0.02208282223244159,0.02548591973141649,0.015353210729002049,0.011234894582091925,1A1-103
2014-04-24,0.01447934065227839,0.02023305935722188,0.020758120913480338,0.02431803803746465,0.014525437599892693,0.01093731385029787,1A1-059
2014-04-24,0.006766708583742187,0.01133883733241868,0.011328539749765134,0.020023207085017227,0.015473049793459306,0.010429120337921472,040576
2014-04-24,0.01844433554016266,0.02469742057234015,0.024172028240945737,0.032459537642463336,0.018893406351786615,0.013495966187896896,060182
2014-04-24,0.017554800842992623,0.026458385142255007,0.02696431559536354,0.07716400948366704,0.04802554267650158,0.031173988935721823,060315A
2014-04-24,0.011623367250282204,0.018382725003073627,0.019072575555207846,0.023178694912317943,0.014244727271965218,0.010905817527466994,1A1-059
2014-04-24,0.00728428736386058,0.01200139053883033,0.010418362170101522,0.023009802638264087,0.01614406346706327,0.010365605549037898,1A1-105
2014-04-24,0.00724114053345667,0.01160240479494295,0.009175709990749304,0.0279384167180594,0.015216811851166604,0.00868954029191078,1A1-107
2014-04-24,0.009047139319482858,0.016461975032696544,0.016280170558092655,0.039630248922621736,0.02951048358740163,0.01950735018545913,1A2-066
2014-04-24,0.03803984736607365,0.048620238986074614,0.04870979149115418,0.04289143800485652,0.01696043845086477,0.012634550398929582,020059
2014-04-24,0.007372396964385429,0.012135048628777045,0.011341845450456026,0.021205497999007242,0.015392138638549347,0.01029016432571197,1A1-109
2014-04-24,0.06814274599542335,0.07641219107551489,0.07876875071510298,0.09847946224256296,0.04288800772311213,0.0287103182208238,020197
2014-04-24,0.007633464393187323,0.012129885873611704,0.01133196207808525,0.021263408260687445,0.015406502043649555,0.010302585778991126,1A1-109
2014-04-24,0.007164197562474394,0.016832589652596194,0.020370720956294358,0.04174434348150915,0.026401875700410908,0.019879850579006354,020058
2014-04-24,0.008988497864918517,0.015027713317696126,0.01638806550590405,0.036386127804173926,0.02754412090776047,0.01792960884906075,1A1-110
2014-04-24,0.01617439196404734,0.02195693690486784,0.017913387025006677,0.02999764372163389,0.015140345955326151,0.00962973702945626,020188
2014-04-24,0.006191694877306107,0.012087176697116243,0.01107987282822855,0.03377846543077199,0.023393228103170335,0.015253902919577286,1A1-087
2014-04-24,0.014661121600792684,0.02229962429813938,0.017236796487944513,0.02350297258614995,0.018687902124848613,0.012849394473191675,1A2-076
2014-04-24,0.1238330504521994,0.13644061484918793,0.13373596595482737,0.09218047362564513,0.021007463066433057,0.016176891898290628,040874
2014-04-24,0.018308906472261723,0.024467107943976343,0.023446804683225735,0.04362338617463611,0.028608836634205045,0.019244591640223217,1A1-071
2014-04-24,0.013759316806181587,0.021958184749946347,0.02259420208199187,0.047796270739429075,0.03825589211740713,0.025974134470916534,070859
2014-04-24,0.006828129003079418,0.012247002420969318,0.011205720836963685,0.02936558058369307,0.018425283566007995,0.011462495477310073,1A1-089
2014-04-24,0.006044022871083977,0.012353632562630378,0.012355003319022728,0.034250829626372846,0.019981493129191855,0.012104511457094083,1A1-017
2014-04-24,0.004876897881890866,0.01285729450133258,0.01089796289802216,0.04810174814139429,0.023285353135082055,0.013184085075045588,050669
2014-04-24,0.004326797587319394,0.012862795272829285,0.010931418852573989,0.049281034857623765,0.02403745826904194,0.013583994248842747,050669
2014-04-24,0.008603993376154154,0.01501875298132099,0.013292412508560232,0.03810600012987931,0.02523876785840791,0.015555120846813228,1A2-078
2014-05-26,0.01579238284119289,0.02708566634836688,0.019968644532589005,0.04950441347142647,0.03204443440575877,0.021521410802605157,040704
2014-05-26,0.027940711353185918,0.03690305205824395,0.0314067454017955,0.054527240529888346,0.03906326226187869,0.028806637836654263,040850
2014-05-26,0.018330626169767696,0.033776888417923596,0.02310879279973577,0.0539851557855334,0.031930915721677854,0.01967497440273037,1A2-076
2014-05-26,0.014683759689922481,0.028205253875968984,0.020982027131782943,0.04828268410852714,0.03392412403100775,0.026550222868217052,040826
2014-05-26,0.016283446125778065,0.02908997802640052,0.022275102919081358,0.07310245868212063,0.04431485071903847,0.02648365032732345,070859
2014-05-26,0.014871749570616988,0.026777538314176244,0.022096723312194474,0.04961832656229356,0.0315380084885718,0.02054716243889549,1A3-048
2014-05-26,0.022790630135556322,0.03653837869275394,0.029585273312256757,0.07399836959601531,0.04763998478906011,0.03219667629777652,040576
2014-05-26,0.027502363921883474,0.04139301154745321,0.03336762680945521,0.09306157230736538,0.05679332130965598,0.036385942569721566,1A2-078
2014-05-26,0.016933117975857753,0.028445459802580716,0.023359225486115236,0.07494296574894449,0.0449995833085568,0.028157055657965155,040186
2014-05-26,0.02413163782937757,0.035703495851289624,0.029581589374155788,0.07626379483716046,0.047715864475461466,0.030926975622306563,1A2-066
2014-05-26,0.019324630862972942,0.03372264696653778,0.026653344956375655,0.07979154223769709,0.0524401593655742,0.03407074890179964,040707
2014-05-26,0.00740412350597609,0.02520579930278885,0.014558369023904384,0.147473702689243,0.06036334412350597,0.028700326195219113,050669
2014-05-26,0.025522146775488367,0.03444025388011776,0.03104173601819642,0.04775141222906077,0.03695583957720098,0.02796750501739363,040874
2014-05-26,0.016947097127092844,0.03542630707762557,0.028063417522831046,0.12649669568112637,0.07842300703957385,0.043988837043379005,1A1-106
2014-06-20,0.011209009045316135,0.016941308436324555,0.01040380530180906,0.060662013254522654,0.029525063138097784,0.015707768672756577,1A1-087
2014-06-20,0.00920777934261372,0.01360006815627225,0.0074788185137642784,0.04970570876537214,0.02190055978264486,0.011542987020545,1A1-089
2014-06-20,0.012639157275458317,0.01770429038283776,0.014544067997997227,0.033040674761207804,0.019663560102449552,0.014203777846248654,1A1-052
2014-06-20,0.007460287720264316,0.010916010501333992,0.005898980424396591,0.03503485504436308,0.015283645064217897,0.008344972079171056,1A1-109
2014-06-20,0.010199885041121388,0.015953160140692056,0.011036177304781106,0.055960217891687765,0.026290993767133907,0.014294935128191848,1A1-017
2014-06-20,0.0075320712018419325,0.010523044058968818,0.006860225156754697,0.024818843955024525,0.01162965787797164,0.007657362776765646,1A1-059
2014-06-20,0.0138817255924534,0.02776792008589615,0.024366037847994466,0.12537397020477026,0.07311226493596132,0.03924341552266278,040887
2014-06-20,0.009799972875080502,0.01817870433569435,0.010515629239107106,0.07680592629856199,0.03410743625241469,0.016834499141446645,070859
2014-06-20,0.006720987165100291,0.015268480151493895,0.008250622106887357,0.07757214686491794,0.030587411277879083,0.014975249684387706,050669
2014-06-20,0.014480779448281206,0.020345844882439665,0.016826752230930386,0.03713850659579419,0.021845037460231264,0.015782452161092576,1A2-077
2014-06-20,0.009326935696958746,0.01645581316533349,0.010734666436117963,0.07064794607165072,0.032344828892764826,0.016350823710430812,1A1-110
2014-06-20,0.010332185922982549,0.014811697458435519,0.00946556172788934,0.027436176285558816,0.014150416810530647,0.009500009992450792,040826
2014-06-20,0.011566355352586781,0.019352295137325524,0.012216088473660503,0.06383995390321817,0.03197053874273708,0.017711035515962342,1A2-066
2014-06-20,0.007468261492597062,0.011550314207815991,0.007158525493276385,0.0326955121855799,0.01672727398448445,0.00986252124439701,060182
2014-06-20,0.009458049979927732,0.016464023543580408,0.008976994474224849,0.06109538904763028,0.026369533674168173,0.012665696035138257,1A2-078
2014-06-20,0.007751866340820109,0.01159657262925161,0.007431774393696167,0.030233191232961056,0.014563337604096518,0.008800412759614138,1A1-103
2014-06-20,0.012914304138446646,0.019134508312076692,0.014923903707450076,0.05650556425367226,0.028105897726273185,0.016781112784765583,1A3-001
2014-06-20,0.010258428096333103,0.018996523007689822,0.012639341418786913,0.08080906374403476,0.038085024849788554,0.019294229903815244,050215
2014-06-20,0.011439959757473202,0.015191458262831367,0.011029385222786228,0.043430126875352484,0.023903646869712324,0.013950244444444414,040852
2014-06-20,0.014008082986570275,0.01929664168557184,0.013824210411384357,0.03344853222166958,0.01769918723992771,0.012052481984495753,040874
2014-06-20,0.012264902002107477,0.023001753951527922,0.013015046364594307,0.13727491201264488,0.05949465964172815,0.027463853530031616,060315A
2014-06-20,0.00891693736335193,0.014938929668651978,0.009162807505277442,0.03606782482188631,0.017265890144375743,0.010172542549381785,040850
2014-06-20,0.010499039472347193,0.014280529661995504,0.008022046571457601,0.04137059718899246,0.018005032793548457,0.009433164184826289,1A1-105
2014-06-20,0.007728882721182402,0.01129747111367431,0.006265771296749569,0.03563859969219213,0.015817693872008258,0.00853193125959803,1A1-106
2014-06-27,0.01820245910920986,0.02409602950427781,0.021244170860593856,0.0668386138022144,0.04073361254403624,0.026598321904881726,050707
2014-06-27,0.009706820505525944,0.015846409463956258,0.011799580510008787,0.05471997116329592,0.024571426576320252,0.012922218141692088,1A1-017
2014-06-27,0.006318597889790533,0.012058371501768616,0.007708500398807053,0.03981148789707306,0.01780995606620197,0.009369757984810639,1A1-106
2014-06-27,0.0094544789507434,0.014488996637189258,0.009933538407623368,0.03935720189540242,0.016954528684551943,0.008694719119555005,040576
2014-06-27,0.016820421255025343,0.024217229068344698,0.014147513546582764,0.08816896215696557,0.03508249300821534,0.017038080318126193,1A2-078
2014-06-27,0.010554465421894513,0.016482094755307118,0.011706374799310222,0.07197977656538025,0.02991529776416721,0.013731108699530238,040186
2014-06-27,0.010675199713415724,0.016389077109081128,0.010740450026867271,0.05690296077377753,0.02557345154934622,0.012692969729536088,1A1-087
2014-06-27,0.010555999417814845,0.018925127711088317,0.01254678742387697,0.0854415359984475,0.036786802232633774,0.01740877944424421,1A1-110
2014-06-27,0.016402581067739983,0.0221058028933779,0.015590095781439857,0.05721841082548606,0.027643074498784937,0.016499951492253948,1A2-066
2014-06-27,0.00987203641071207,0.015486341701539171,0.011218375305731514,0.02847590168701691,0.015428983365100717,0.01083484952874355,040826
2014-06-27,0.0124884066091954,0.01644961566091954,0.011931681752873558,0.03716737284482759,0.01610249137931034,0.009502653376436779,050706
2014-06-27,0.009915880400421493,0.019204696522655423,0.011223472075869332,0.12052678609062174,0.04780852739726027,0.020955081664910433,060315A
2014-06-27,0.015494038863811507,0.025698715732687435,0.012116183254431354,0.03710959897610922,0.015586118297919187,0.00798391390509743,1A2-076
2014-06-27,0.009114435403445148,0.014564220478241163,0.008571483680870353,0.04603352447869447,0.018635323719401624,0.009290175487307345,1A1-105
2014-06-27,0.00860099310988821,0.014863628034817198,0.01064652420141387,0.028521074309268354,0.015689588248485424,0.011027146269230466,040826
2014-06-27,0.011011406489767063,0.016637163313160553,0.012566001655200935,0.05512422149519814,0.024609522793496416,0.012920542983499705,1A1-017
2014-06-27,0.008554402173913036,0.015888586956521736,0.008445489130434783,0.05411679347826087,0.024954836956521734,0.01277298913043477,070859
2014-06-27,0.010763186810922674,0.019771736451961446,0.013162428596937841,0.09205083252444958,0.039450496364602,0.018578682328486116,1A1-110
2014-06-27,0.01913173780487805,0.028296184668989536,0.019176054006968635,0.07573071428571428,0.03494030923344947,0.020933610627177694,020188
2014-06-27,0.010253971022128555,0.019375990516332976,0.011366773445732349,0.12015806585879878,0.04766832086406744,0.020907453635405686,060315A
2014-06-27,0.006652080656807827,0.011505612859890092,0.008217733064081922,0.02962478144641694,0.014001510361667427,0.008183997405400106,1A1-103
2014-06-27,0.005944052310204651,0.011620764595203854,0.007326367484956592,0.03884470265988607,0.0173720454363917,0.009218610038695702,1A1-106
2014-06-27,0.008335221112980783,0.012948000289319132,0.007513463249818769,0.04687664112122811,0.018933673521645735,0.009081505739825612,1A1-089
2014-06-27,0.00856841276824195,0.013872071372116266,0.009371030392054523,0.038987025739296445,0.01689036830606798,0.008676942973887885,040576
2014-06-27,0.010694203399327602,0.01679298328352634,0.010228845255883452,0.061723704706761334,0.025299322936122533,0.014103756537168471,020058
2014-06-27,0.035575557271606814,0.04410153085040829,0.04209492012016637,0.0644061982167617,0.04765764647203829,0.037390386535202616,1A1-052
2014-06-27,0.009364570767288534,0.016061536330481126,0.008864845349978952,0.0764966264553233,0.02675345840931406,0.011943097909945286,050669
2014-06-27,0.01709933372641509,0.040510265330188665,0.030150386202830184,0.27894813974056604,0.14548408903301888,0.06789903301886792,040887
2014-06-27,0.0031514029175050244,0.005233440643863172,0.0021468506036217277,0.009680179577464787,0.002654731891348083,0.0015141846076458761,1A1-109
2014-06-27,0.008700932769317531,0.013212373378454597,0.009847691455160741,0.03893676926113929,0.020237170050761408,0.011634138606880985,040852
2014-06-27,-0.0012626392564520615,0.007180443545826003,0.0046854099358499286,0.02328738212690279,0.013686257224821625,0.009844011813774266,1A1-059
2014-06-27,0.006568922718448426,0.012490601392867914,0.007617119199525024,0.03181273680168123,0.013715391920800669,0.007462760055413149,040850
2014-06-27,0.01711397334583445,0.02358908518617734,0.015816235601392982,0.10325328489150819,0.03796146330029468,0.017593031743905703,020197
2014-06-27,0.0034519186688759954,0.005553826981496823,0.0023737151339408937,0.009641879315106322,0.002636738470035899,0.0015714609223971292,1A1-109
2014-06-27,0.012544641604713138,0.01824656157946415,0.011027323607799119,0.07840102363585351,0.02755436842474399,0.01218574519567961,050669
2014-06-27,0.0065139102347390315,0.011604708207572258,0.00823707653293479,0.030398999589597745,0.014454341939331242,0.008464457162501157,1A1-103
2014-06-27,0.009129471162457454,0.015540192548808876,0.010047802704639074,0.0568328044957908,0.025708922174458165,0.012725671234103522,1A1-087
2014-06-27,0.009404820645500788,0.015588948868619534,0.010378368561071154,0.030719267818511354,0.013955066508799623,0.008846435420686425,040874
2014-06-27,0.01031731491942677,0.016304820568472378,0.011581036153891893,0.07188497457929477,0.029903491258845206,0.013718669352440977,040186
2014-06-27,0.008404568613426209,0.01382032855454658,0.00801427260853339,0.04309214921010075,0.01745716107932164,0.008718817431687186,1A1-105
2014-06-27,0.015289596493805404,0.016551790069046567,0.010981092135546735,0.022763813966015383,0.009678252534156011,0.005455796606434549,040704
2014-06-27,0.008462310462711092,0.013001604923081014,0.0075981293688852205,0.046860151327209984,0.01893798655497395,0.009067604570577245,1A1-089
2014-06-27,0.0053238003999914385,0.010325647526256115,0.0073375037967102295,0.023718909862890627,0.013094162424333162,0.009410469455198819,1A1-059
2014-06-27,0.016863540683962258,0.04057379422169811,0.03009477004716981,0.2803381220518868,0.1459230837264151,0.06814098761792453,040887
2014-06-27,0.011576806828881512,0.016842327047921105,0.011729417587591062,0.0418189748005352,0.019871659398384454,0.012613535977996927,020059
2014-06-27,0.011171724206865769,0.016555723103482464,0.011673606110759852,0.0379593839959832,0.020252107539579223,0.013233222034192473,060182
2014-07-06,0.011151983659255287,0.020153102732386814,0.013899722073399415,0.1100388306991696,0.04425820452718994,0.022437554915617462,020197
2014-07-06,0.013470193599959381,0.022054366264020697,0.012994509059534075,0.10826199266609146,0.04865773618230727,0.02366286796426939,1A1-110
2014-07-06,0.0188953359030837,0.040820104625550656,0.03719089207048458,0.16768142070484582,0.09177681718061674,0.058769790748898675,1A2-077
2014-07-06,0.012791093007987727,0.016814667687930836,0.0110766496060838,0.05004133310537258,0.0222488623755334,0.011647437848779947,1A1-071
2014-07-06,0.01736989286304653,0.02305228975535167,0.016573577809460848,0.06330671467338897,0.030659745743449856,0.016200506446813773,1A1-029
2014-07-06,0.010958675481541917,0.018219977622827174,0.011345979217664367,0.08061851321613138,0.03785054082288655,0.018086122938456583,050215
2014-07-06,0.01616491492029374,0.02038846274404442,0.01251494626544868,0.06713073437220134,0.03189749596990865,0.016443658427368793,1A1-087
2014-07-06,0.01571738356164383,0.023489747102212855,0.01321221759747102,0.14123321970495256,0.059520345626975786,0.025976738145416227,060315A
2014-07-06,0.011487638130036875,0.020963065325775163,0.013981363372490088,0.04031165363338341,0.019542476779128532,0.01207915482857533,1A1-102
2014-07-06,0.01632343392495361,0.019936581087966615,0.01360755695810941,0.03178534987686376,0.016825611101675388,0.011152666931541093,040874
2014-07-06,0.008307497918998824,0.01498710654726026,0.013244390051379201,0.03281675787192513,0.01838775359510893,0.011708871164499552,050706
2014-07-06,0.015197724514029372,0.020122859860146,0.015769855858034997,0.05571914020582284,0.028253250945553695,0.016951893856099916,1A3-001
2014-07-06,0.014771878604661134,0.02100262355009541,0.012818888638751313,0.06565053359704984,0.03248640327179947,0.017414701657340107,1A2-066
2014-07-06,0.013578826144710577,0.015274795698957358,0.009269077225885106,0.03664248318341451,0.017013030988615084,0.009578124503387575,060182
2014-07-06,0.012711346670848642,0.013592869656779277,0.007546775696747013,0.02312676651133614,0.01047121673088986,0.006466902276189619,1A1-106
2014-07-06,0.011203974747474735,0.016145635445362714,0.008328893939393935,0.058732477961432494,0.027622461432506885,0.015512227731864078,1A1-089
2014-07-06,0.01397907670454545,0.029434588068181812,0.023276974431818177,0.1087384090909091,0.0512751846590909,0.032400397727272726,1A2-078
2014-07-06,0.008713790152896615,0.015363246949081213,0.008203583952868562,0.07702862357974466,0.02951324870248282,0.013728877472296248,050669
2014-07-06,0.010570734273687274,0.013967736463331038,0.008834125128133587,0.036863493164186883,0.017156643582402768,0.009750912280808162,060182
2014-07-06,0.00806663568773234,0.016876909851301115,0.008475762081784388,0.047973889405204466,0.02763247676579925,0.015508043680297401,040850
2014-07-06,0.012718941419649915,0.019450760730935,0.01601004243996833,0.05720903355616148,0.028982228318233796,0.01741598810361509,1A3-001
2014-07-06,0.011850949639935335,0.017112250771567132,0.013038516386616367,0.04189881460343898,0.020255756870621672,0.012483888820849455,1A2-028
2014-07-06,0.017889130258899672,0.022333183656957935,0.015671664644012942,0.07828152999306522,0.040019084604715684,0.020797417360147938,030172
2014-07-06,0.013495909450623823,0.01610119862901551,0.008530984412692528,0.0411689256437405,0.01843219922390926,0.010054322257758173,1A1-105
2014-07-06,0.01818575927523727,0.0301792630140926,0.029975887978142074,0.09866955924647684,0.06943565142364107,0.04692332254817371,050707
2014-07-06,0.012829204475427515,0.015955571059929133,0.010972227468802952,0.03330397042058235,0.01572770045062392,0.009436717243105847,1A1-052
2014-07-06,0.0163723371451455,0.02098232045919729,0.010942267954080266,0.04567586922666193,0.021046698407048137,0.011043993726083473,020188
2014-07-06,0.009789486243072049,0.014453455215756136,0.0089565933293745,0.04837263509501185,0.02851344477434678,0.016416004800079174,040852
2014-07-06,0.0030930795064291958,0.008307239837073712,0.004414873452599631,0.019665665362191508,0.011282586095359794,0.008337987740595793,1A1-059
2014-07-06,0.01008291590267109,0.01320128016750086,0.008993876926507754,0.03000602879230883,0.014125872441647258,0.008577243545269835,020059
2014-07-06,0.013267477119910347,0.018692239914082923,0.01259130276428838,0.06676083255509899,0.030138670620097126,0.016469424262233846,020058
2014-07-06,0.016176796176379887,0.02105224599136601,0.013790576883544034,0.059003997070613615,0.02816782929900297,0.016439862267447838,1A1-107
2014-07-06,0.013172302295918361,0.0160259056122449,0.010108788265306118,0.060597889030612244,0.026873156887755108,0.013961779336734688,030171
2014-07-06,0.013215160059581395,0.016208532757920033,0.010702441226867187,0.03486820128803053,0.018264749018429158,0.011640633344341247,1A1-103
2014-07-06,0.009501512132183008,0.014574121418117387,0.010562858130488366,0.03350942880526882,0.0159901879718071,0.00965096389231242,1A1-052
2014-07-06,0.01670015185213589,0.0297358035508858,0.02571567643224171,0.15017511906587924,0.08019728276708335,0.040250709793695806,040887
2014-07-06,0.007175774541017466,0.014662138491984129,0.008112970300075364,0.036774987029033396,0.021087879195697528,0.013867218868398506,040826
2014-07-06,0.016001888119696297,0.032597198526127746,0.022216998660116123,0.19599216391246094,0.08764825591782047,0.04293272778025904,1A1-017
2014-07-06,0.015146729080932786,0.021723846364883413,0.012412776406035664,0.09700131275720168,0.043571377914952004,0.021904652263374496,1A1-109
2014-07-06,0.010694915486155825,0.018176019854045954,0.00986329636188023,0.07794938473921445,0.03414642793517924,0.016180216945696504,070859
2014-07-22,0.021017076182503137,0.031360305567182924,0.015115949141900373,0.04056058287986605,0.015119185851820843,0.007815203013813308,020138
2014-07-22,0.010838006450071663,0.029728660415671283,0.016742268275203056,0.1442864405160057,0.06378175406115623,0.0351733779264214,020058
2014-07-22,0.011559558792944095,0.018043943980126327,0.009712312278539519,0.044444149880603905,0.017050547045909727,0.009282423220613156,1A1-052
2014-07-22,0.0166131568877551,0.02307234056122448,0.012546109693877549,0.07798973214285715,0.02699223214285714,0.012713411989795916,030171
2014-07-22,0.009381609607154893,0.015518438459530553,0.006063320224757691,0.04127947087148557,0.014720489064356808,0.007538674757348232,060182
2014-07-22,0.014730560098577343,0.02139892040999215,0.01282823905007281,0.03577992018595272,0.011701164164893018,0.006162934636496019,1A2-077
2014-07-22,0.007813180866601746,0.01745368743914313,0.01211588120740019,0.03134510759493671,0.014180247565725411,0.008811272882181111,050706
2014-07-22,0.016254068777596564,0.021578697342774174,0.011836717053184296,0.03619760939178169,0.011514244301682639,0.005658931043398701,1A1-102
2014-07-22,0.011977065962866802,0.016365104345270175,0.011098297286043208,0.04295247158673394,0.01647430411992358,0.008262974942438637,1A2-028
2014-07-22,0.01704186375362785,0.02452793722455122,0.013283599591529612,0.05582526185101581,0.022835344888745553,0.012218849725894872,1A1-029
2014-07-22,0.010856111876760992,0.017927300777900283,0.00984988408060762,0.035438280350361395,0.011908289231900028,0.006492990781575396,020059
2014-07-22,0.01248736853555445,0.025673167267528586,0.014207643274490296,0.08619601783938337,0.03453020481103928,0.01679692348334162,030172
2014-09-08,0.007295617005076137,0.008665644359842066,0.005236744585448389,0.029474571742808788,0.01688444667230683,0.008691928652002249,040852
2014-09-08,0.004792413101484765,0.008011907957074784,0.0019999546344384904,0.019250176556955,0.009691549077492414,0.00506314843701114,040826
2014-09-08,0.006609600765782589,0.010746255136346654,0.006694581621217776,0.05085852867015315,0.02192843621591334,0.010066639428464697,020058
2014-09-08,0.0023940931480341235,0.007263708439616497,0.004741749934031134,0.033773558470401956,0.01430946774122614,0.00657225844401442,1A3-001
2014-09-08,0.008510968367766474,0.011856856819817034,0.006670452641587007,0.03511365685065268,0.015611819431596258,0.007102263978826183,1A1-107
2014-09-08,0.006368326919693899,0.009218207626000525,0.005733949885653966,0.034294056865159635,0.014396579294572958,0.006628328788811672,1A3-001
2014-09-08,0.004603078700922659,0.006617043493800738,0.0025572185202316355,0.0186245617761545,0.010269776653130837,0.005855482078067185,1A1-103
2014-09-08,0.011815969326343106,0.015650905765604305,0.008914194306616195,0.03745516848109558,0.021340235051022467,0.01148706681066189,1A1-105
2014-09-08,0.003837040174807565,0.0061490487938762745,0.0019904221887945992,0.022937428245191578,0.010333222825065047,0.004924923407959147,060182
2014-09-08,0.009890541789445484,0.016364246584516476,0.012618375301366195,0.09100814559335656,0.03820823399410661,0.017213969327618543,020197
2014-09-08,0.010449105858170604,0.01662804213771839,0.01359665467625899,0.0588968139773895,0.034314414182939366,0.019157627612195964,1A1-017
2014-09-08,0.0053573611394025795,0.0077902354719259674,0.00208735570137787,0.02972165212283026,0.013591001942411482,0.006628466804405714,1A1-089
2014-09-08,0.003944103548062403,0.009593457473578256,0.009797610719677906,0.04000621886009059,0.028766908656265723,0.018224049446401613,050707
2014-09-08,0.008009922969187669,0.012920326251996128,0.006815422000575927,0.04428555747532657,0.020324416345977637,0.009316556323463959,1A2-078
2014-09-08,0.009497801682747263,0.01548982348015456,0.010466811539736609,0.07309205326318073,0.03708314046138365,0.01759766833188533,1A1-110
2014-09-08,0.021065639412997897,0.03241283892382948,0.02293294898672258,0.19622370894479388,0.09865301712089446,0.047868242487770794,1A2-066
2014-09-08,0.011053980505795572,0.017194999999999988,0.010137485774499468,0.11087208956796629,0.047530420969441524,0.020307200210748156,060315A
2014-09-08,0.005698956621305789,0.010049058188517791,0.004458812669632084,0.02218778889286793,0.01081314752337153,0.005567660137401985,040850
2014-09-08,0.00634864643700365,0.012806575794161845,0.0059481103241038865,0.05864141221292127,0.027445295637475862,0.012589991897402883,070859
2014-09-08,0.0032605902788476315,0.008089736442766907,0.005063433253735938,0.023207866103065758,0.010523276517485749,0.004999413668926208,1A1-052
2014-09-08,0.003987569705618982,0.004909137522386385,0.0016470888459816382,0.012997955017349445,0.005479112421647634,0.0028840497117752386,1A1-059
2014-09-08,0.01345176115349052,0.023429992487286177,0.020757092290799813,0.07401259997688399,0.0340617207004161,0.016595244452149792,030172
2014-09-08,0.004813597808504083,0.008376521703127401,0.0044814119164997635,0.022317499268217512,0.01019009649899861,0.0049175320058542586,1A1-052
2014-09-08,0.00451630209623866,0.007077359011843994,0.004520782992219627,0.01994802269686306,0.008976289954903611,0.004472257668863667,020059
2014-09-08,0.007322448607279518,0.011792626590727058,0.004144335009344128,0.030469507208329617,0.013514610661208503,0.006243952789890536,020188
2014-09-08,0.005948031251917359,0.007417558419304224,0.0026765597691276078,0.022006984415675487,0.010736747604939988,0.005618356655768736,1A1-109
2014-09-08,0.0022882508108728675,0.008805489537587183,0.008277036295530867,0.026313338212922307,0.014072114871264965,0.007653666652314932,050706
2014-09-08,0.00658054039540156,0.012266171685429017,0.005533833883607141,0.018398862027129155,0.007386187895302117,0.003489043319145547,1A1-102
2014-09-08,0.00860592652285313,0.014386341743119254,0.009919007390417931,0.049604234888558245,0.023641358893296955,0.01038294308069538,1A1-029
2014-09-08,0.004579117351687646,0.008644244599030026,0.0068807095968255495,0.029602686645764948,0.013134854626953409,0.006425633297408512,1A2-028
2014-09-08,0.0074907780612244864,0.010120491071428567,0.006342155612244895,0.04613651147959184,0.02085300382653061,0.00984521045918367,030171
2014-09-08,0.007421661888609255,0.010570005662545129,0.006503166101323994,0.03704637586169163,0.01607735203523361,0.007227869487908965,1A1-071
2014-09-08,0.012035265090453159,0.015516844886261873,0.008981518896650541,0.05096838393336917,0.026470297331183938,0.013577787032061615,1A1-087
2014-09-08,0.0032929461020094926,0.006531038534091107,0.0032128245191578595,0.024312580034209406,0.010780228638842216,0.005019893459576508,060182
2014-09-08,0.005220704025939722,0.009082564555884857,0.0030522169811320753,0.014822962601602159,0.007550726437102022,0.004178876544206106,040874
2014-09-08,0.005898393857361084,0.007336317014621363,0.0030269925126521087,0.01701918592628002,0.009028003252657717,0.005500595064897278,1A1-106
2014-09-08,0.002302448300613019,0.005882813862807484,0.003431532105998288,0.018535324008690908,0.007410573193916345,0.0032799238185768583,1A2-077
2014-09-08,0.013860425375227935,0.0243826876139711,0.017615670150091172,0.09631457146864916,0.04897442663767709,0.025456530018235366,050669
2014-09-08,0.013992210129761403,0.021273478442863113,0.009723117413143573,0.023711336333193802,0.011045169526998735,0.005163148807032227,020138
2014-09-08,0.0047496032435787984,0.006913077558780165,0.0036253924885543526,0.01837579199968961,0.007342266411887946,0.003261232695739885,1A2-077
2014-09-24,0.007278580678432269,0.021693957139582845,0.02248536213614484,0.05452617121246848,0.03264957769883107,0.018794040224616084,030172
2014-09-24,0.013469593490490222,0.018129675863916422,0.01470491293865524,0.0850138233324404,0.03377213702116259,0.01526193343155639,020197
2014-09-24,0.007453459437613281,0.010676977293881342,0.008542936609023664,0.026342125361289374,0.01133019962768823,0.00575322980453632,1A2-028
2014-09-24,0.0036857895584518525,0.007386384112195847,0.004732205510679415,0.0193792678031617,0.008663796521135832,0.004494162000099109,020059
2014-09-24,0.014109567055263865,0.015918527186971607,0.008346465693690477,0.03381002425024473,0.013578034172821924,0.006254708552104651,020188
2014-09-24,0.010290738784330889,0.013553458064339644,0.009169381825144974,0.03794515915308019,0.016025313272786956,0.007181368338986753,1A1-071
2014-09-24,0.003899872448979588,0.008689789540816326,0.005918992346938771,0.04566968112244897,0.020955911989795916,0.01030734693877551,030171
2014-09-24,0.012758600447116858,0.014169600035974918,0.008784283713639629,0.03468085054990235,0.01543247725871106,0.006983614580121283,1A1-107
2014-09-24,0.024732236291335283,0.03925977501046462,0.022418883424026786,0.023940178945165348,0.010649269568857258,0.005130458350774377,020138
2014-09-24,0.0057591398954053,0.011554479828165855,0.008205181172954793,0.05338628408666416,0.0223351629622712,0.010632084422861404,020058
2014-09-24,0.004268812679444398,0.007382759932490104,0.00303662126561651,0.018086712093582664,0.008303427795452779,0.004415273492667026,1A2-077
2014-09-24,0.011326266117034458,0.014866412478992745,0.010616061210292859,0.04094694706174063,0.018059571452186136,0.00803013158801002,1A1-029
2014-11-02,-0.02347460526315789,-0.009136973684210533,-0.012444210526315794,-0.004420000000000005,0.006291973684210522,0.00673776315789473,1A1-089
2014-11-02,-0.006149459743641103,0.0016998487883036187,0.0018538553975565727,0.02867222661726418,0.014668172441417989,0.00873990937312237,020058
2014-11-02,0.00021950443530402547,0.0033652106149957835,0.0022219497992962954,0.01272061004014074,0.007451719609495021,0.0042618490757718374,020059
2014-11-02,0.0024804736714228916,0.00981946404117154,0.005833752263992574,0.035903915602774235,0.017792294363210677,0.009795988757344174,1A1-071
2014-11-02,0.004719870436730121,0.01303876763717805,0.013074335946248603,0.046268989137737956,0.031431209854423305,0.01918923964165733,1A1-110
2014-11-02,0.00010969053398057882,0.0069793856911696695,0.008532633495145625,0.026602530050855295,0.022631259246417006,0.013815258899676377,030172
2014-11-02,0.005522535444526988,0.018863290768945003,0.022307287797176813,0.06895170257553239,0.05138206119985143,0.03857831522412084,1A1-103
2014-11-02,-0.01563582346946074,-0.0017971378379344918,-0.0009419344514375662,0.017030360910456305,0.021768800511371752,0.019795901695036464,1A1-029
2014-11-02,-0.005136068318821169,0.004379990790354985,0.004030291359678495,0.02378219859343603,0.017314955626255853,0.011894701942397853,1A3-001
2014-11-02,-0.0038705867346938813,0.004146919642857139,0.005221651785714283,0.030927110969387748,0.01931206632653061,0.01218854591836734,030171
2014-11-11,0.00745289849046733,0.010257273134208244,0.007986852966422773,0.019171566349693837,0.016702094786713955,0.011690390510263615,1A1-106
2014-11-11,0.006751469712351936,0.008270753666102653,0.00636195834743372,0.017511351128031555,0.015364181218274103,0.010035770050761417,040852
2014-11-11,0.00727193542220016,0.008259708221110182,0.0060432344856179996,0.012284086164055222,0.00965798887109881,0.006401539784674939,1A1-103
2014-11-11,0.007761272355722868,0.008618894734391737,0.0049324241950609565,0.018034757520634784,0.01119852708293151,0.006316035629485274,1A1-089
2014-11-11,0.0064033998806039116,0.012218149052534266,0.009674175781851778,0.025446556963487917,0.02252120495686337,0.01668451149668772,1A1-052
2014-11-11,0.011181326795629585,0.013992636575317925,0.010364335930503312,0.04019447698370053,0.026148316317392083,0.015436935787211177,1A1-087
2014-11-11,0.009660073601477675,0.014539372384838656,0.009596641826560618,0.017715004806242454,0.014883166182901086,0.010222176120514176,040850
2014-11-11,0.010131237675668092,0.0146210865560033,0.01371813785810229,0.035816601872456416,0.029604433962831616,0.019372435346123776,1A1-110
2014-11-11,0.014064698979983128,0.02065074334688243,0.0264586741697983,0.0811203961193343,0.06263464471968705,0.03523609460081294,040887
2014-11-11,0.003972386538718169,0.0056548985187252,0.0032864332031202616,0.007414788090356553,0.005063559608875515,0.0028629077145179466,040874
2014-11-11,0.004437966594242252,0.006256599402498638,0.0033549919686505763,0.008719086443702952,0.0058674241483665695,0.003495346531388213,1A2-077
2014-11-11,0.010870002559409316,0.01182637320065767,0.008861887661320338,0.015590184025407957,0.011789427273996395,0.0076406303127132804,1A1-109
2014-11-11,0.006003179699181983,0.008435716641745089,0.005989934031137299,0.020984858716685716,0.011696220314011777,0.006571416681326406,1A3-001
2014-11-11,0.015246607665466,0.02702286151133122,0.02445624849917452,0.061588432012606935,0.04947429714467957,0.036672240263394856,050215
2014-11-11,0.00384173649190363,0.00651814244777495,0.0025084503264493187,0.006035793090432422,0.006905038287326141,0.004886258790333119,040826
2014-11-11,0.007272992916934969,0.017112087116333996,0.017850376234170417,0.042307152393217445,0.033286580140588176,0.023371837330972315,070859
2014-11-11,0.009386500561088503,0.01681006943470332,0.010694550077149667,0.06430833251507921,0.02818317295553372,0.014721585425725905,050669
2014-11-11,0.004603178728914822,0.0066325286746286355,0.003461731152989985,0.015856266899986027,0.011543272698599474,0.007033665848835731,060182
2014-11-11,0.004607044862842456,0.0067432039345505885,0.0046070970189141126,0.01941604070759838,0.0124880828548768,0.007416966499422398,1A1-017
2014-11-11,0.012464182824025288,0.015341407270811376,0.01198677818756586,0.06428354847207587,0.03776448419388832,0.021881150684931502,060315A
2014-11-11,0.003452158925797184,0.005510707477841979,0.0037917237289177477,0.006774368608264126,0.00500473726123548,0.0031940902778553946,1A1-059
2014-11-11,0.006397672304693635,0.008826065097503062,0.0043423243928574695,0.012489343874996534,0.009681088930560819,0.006010912607502787,1A1-105
2014-12-20,0.7478941239651206,0.7762368744182628,0.8292783242296576,0.8261057486650666,0.05987226522314211,0.07326318902170183,1A2-028
2014-12-20,0.6956969202189195,0.7163900155735519,0.7544266196493726,0.7558701359348584,0.06192240277654178,0.07646311159562161,020188
2014-12-20,0.5406095933926304,0.5688799777636596,0.5861123268742058,0.6162520473316392,0.07346326715374842,0.09562035260482848,050669
2014-12-20,0.5199460003582301,0.5231090914382951,0.5390252077735984,0.5756902046390829,0.03379999552212071,0.051169764911338,1A1-087
2014-12-20,0.49803289350345453,0.5126669605128977,0.5374523774399832,0.48972833192999354,0.028064329103265766,0.045766061957458824,1A1-110
2014-12-20,0.6245776323363138,0.6439328426611163,0.6735690052934526,0.6841127396186663,0.06565033636550513,0.0740494621749409,1A1-107
2014-12-20,0.06919409882989432,0.03842430800201308,0.01089802245848012,0.028642525478107708,-0.003835469300452947,0.0007343262455963743,050707
2014-12-20,0.8788669897959185,0.8857009630102044,0.937128144132653,0.929811269132653,0.04405665816326532,0.07522142857142858,030171
2014-12-20,0.7597268485989292,0.7668288993958238,0.8035839143838817,0.7661963268792276,0.040369669060619215,0.05515835307827133,1A1-109
2014-12-20,0.6790109503080632,0.6954780136619343,0.7353476138494511,0.7255324564693277,0.04746136150549155,0.06510258572193947,020197
2014-12-20,0.7517968093298448,0.7560240876791345,0.7858568536302548,0.7442378447404409,0.05666443346018909,0.08208771496105131,040186
2014-12-20,0.5251289566357105,0.541524790643033,0.5642997204775567,0.5005032990237198,0.031632509693853804,0.04466328920939393,1A1-089
2014-12-20,0.9722297512135925,0.9607115389505316,1.0011189398404996,0.9472034607605179,0.040068970469255664,0.07591792851363847,030172
2014-12-20,0.606241435297981,0.6340455494456249,0.6676851977607352,0.5700818022811642,0.021255403951725007,0.03687913563002573,1A1-103
2014-12-20,0.5789686422303444,0.6082360455719137,0.6356100818389243,0.5040963563344927,0.010614252097488081,0.029679555504187133,040826
2014-12-20,0.5089640680798663,0.5276376771263962,0.5481372484387367,0.5381279740962263,0.02397937263611575,0.02711412712199839,1A3-001
2014-12-20,0.5562702856733769,0.5409425574810854,0.5446200652406857,0.5006732900473899,0.014881046206571647,0.028870759540151312,1A1-105
2014-12-20,0.7145089734068826,0.730465474955542,0.772473086797807,0.7689214251285706,0.03783806412080097,0.0584611623810045,1A1-071
2014-12-20,0.22250627344573237,0.24069912012644895,0.23975740305584822,0.30578176185458383,0.034152664910432035,0.030975577449947316,060315A
2014-12-20,0.540666872280382,0.5692659629883475,0.5996103632680934,0.5426214098637088,0.0272524969520887,0.03740598160941845,060182
2014-12-20,0.4856855457865204,0.505531786184454,0.5302961295651811,0.4608245125345366,0.020792217762521468,0.03594486425529337,1A1-106
2014-12-20,0.7531117806911799,0.7786889845431849,0.8153656624759617,0.7947976389965273,0.05052044389907864,0.05772648662418556,050706
2014-12-20,0.32578683341076375,0.37016978823476504,0.3848664265047927,0.27125302754523767,0.008211296705077618,0.020139243972907415,1A1-059
2014-12-20,0.4976698472164088,0.5125005284637921,0.5288444181665969,0.5018157890330683,0.05374571368773545,0.059273998534951806,020138
2014-12-20,0.5831568002176485,0.6031717104030627,0.633391170000275,0.6251495411466512,0.03614843874838139,0.04691583543405787,1A1-029
2014-12-20,0.8416211266385116,0.8580721188193644,0.909294717319415,0.8595292534508134,0.050174597338796284,0.06875408916424679,1A1-102
2014-12-20,1.0187227849496998,1.0101996410872691,1.0543729773526935,0.9947158327964721,0.0354990948510828,0.0694181105357054,020059
2014-12-20,0.6209836695460258,0.6364739673528853,0.6637722518491692,0.6483196339592052,0.04335665386472178,0.05314330449662923,1A1-017
2014-12-20,0.8127100605874685,0.8182843205000382,0.855485773832349,0.8215517250172555,0.05796678177007438,0.08459976512769384,040887
2014-12-20,0.9716033432947331,0.9690264330407173,1.0211631714605907,0.9983762215166233,0.03301506070227867,0.06020501540903998,020058
2014-12-20,0.7128802769218925,0.7339746262132187,0.7661075824795872,0.7394509489292868,0.04949529446541374,0.05333975633569554,1A1-052
2014-12-20,0.8881102162712323,0.888873044462175,0.9304367065332482,0.8658452833783205,0.06348759089282256,0.08683391308886478,040576
2015-01-21,0.9071560644937591,0.9053898442556639,0.9555987130143324,0.9154226973532134,0.07217882801664356,0.10091714805825243,030172
2015-01-21,0.8264115135681576,0.8495718562584278,0.8888312358605581,0.8337733120369966,0.09502353197673323,0.11216610197889058,1A1-103
2015-01-21,0.8460813338726448,0.8740589922841074,0.9229229441031566,0.8692030583034219,0.07823059905973234,0.09948582253911299,040826
2015-01-21,0.7218164294683971,0.7381922676852236,0.7721632565927165,0.7586084501883635,0.08146497593135206,0.09808012662201754,020138
2015-01-21,0.8913460733931317,0.9190029837950342,0.9779157858417171,0.9483989738094062,0.06459606546409635,0.09720134050250262,020059
2015-01-21,0.702796573372295,0.7114550647421654,0.7423695522472673,0.7024861348843345,0.059191942233265876,0.07181473128683262,1A3-001
2015-01-21,0.8745271598108536,0.8540627957256464,0.9078658837572311,0.8612960883687818,0.06885958796831894,0.09638584230666553,020188
2015-01-21,0.7125654048890417,0.7362783586440012,0.769160415666487,0.7400332934894428,0.06998424006760398,0.08161960282663006,1A2-028
2015-01-21,0.8251604762635167,0.8673525711327551,0.9209236931513153,0.8829160926834877,0.07500072762481784,0.09805114790244647,040887
2015-01-21,0.7701184724082509,0.7964552658719528,0.8453193182427002,0.8357956623359231,0.06506718122153764,0.09268232319849987,020197
2015-01-21,0.8455578121501773,0.870820018298459,0.9209951326817655,0.8917665059990247,0.08335130772984303,0.10343413172019866,050706
2015-01-21,0.7727959619178287,0.803426897667961,0.8343205747393023,0.7772783804668532,0.09599851064870177,0.10815899445071589,1A1-059
2015-01-21,0.8053752599654029,0.8372382386999129,0.881982548056132,0.8413420599639116,0.09384136108087153,0.11317617362840572,040576
2015-01-21,0.7709065925104434,0.7875785203095916,0.8213068798984717,0.7754535129665635,0.10024206673794703,0.11470867781881805,1A1-109
2015-01-21,0.7475158005507624,0.7765404200816517,0.8118335169657989,0.79138046991989,0.0804483249114158,0.09359566438145121,1A1-052
2015-01-21,0.8281540596064813,0.8047021430979925,0.8401419135496978,0.8133078611625039,0.07122639030218932,0.0931187872597389,1A1-107
2015-01-21,0.5344669510120006,0.5568782836288734,0.5712102807630307,0.5973787842557764,0.07476578945011643,0.08149517195056422,1A1-087
2015-01-21,0.7057702293880634,0.7103871770716493,0.7387186489963292,0.6847476434507486,0.07420997823238329,0.08962590053276775,1A1-017
2015-01-21,0.7662688453605433,0.7855763874329789,0.8274908592296747,0.8196218607615715,0.06508578329138855,0.08906635682240946,1A1-071
2015-01-21,0.577409577780895,0.6192056932949923,0.6490612964651424,0.6893656575255996,0.08229894129611445,0.0911767698835741,050669
2015-01-21,0.7989119239883711,0.8151821994736916,0.8584334744466185,0.8441037448687213,0.065567772749814,0.09196630520428688,1A1-029
2015-01-21,0.2718076475237092,0.27784110115911487,0.27957755374077975,0.3477615753424657,0.052667646996838784,0.052203270811380396,060315A
2015-01-21,0.7161603512814415,0.7491509371469346,0.789977078700125,0.7727055432003326,0.06801232800142709,0.09278834646488668,040186
2015-01-21,0.9101902806122448,0.9222658737244901,0.9668069770408163,0.9443969706632653,0.0594475956632653,0.09736257653061224,030171
2015-01-21,0.03841298345495723,0.019500761512330145,-0.002642935329642682,0.02441673597131353,-0.00184919287871163,0.0024475852415702026,050707
2015-01-21,0.6789656540913613,0.6963204197921294,0.7260872978959487,0.7037933951672896,0.08554263506156738,0.09619524315237864,1A1-110
2015-01-21,0.69155930326174,0.7085833547385161,0.7390942234120508,0.7083178139278906,0.08414993385565966,0.09663303038516027,1A1-089
2015-01-21,0.774356628265475,0.7978571749972551,0.8404846083442372,0.8052804675839634,0.07194316250371517,0.09007076228111136,060182
2015-01-21,0.7342857896834593,0.7470583185775153,0.7780162232820897,0.740660868128366,0.08897404524585928,0.1029384486111239,1A1-105
2015-01-21,0.8271058311542776,0.8632174710496828,0.9224323365707885,0.93446633451625,0.06332835590212926,0.09507013074336945,020058
2015-01-21,0.7073159171366502,0.7305097652042997,0.7618142289044322,0.7293845302074182,0.09204059254689202,0.10456850312502088,1A1-106
2015-01-21,0.7655069634830345,0.7966035410119734,0.8418580962846576,0.8207829173793709,0.08991278760093876,0.10558472900672264,1A1-102
2015-03-19,0.6852094124238337,0.7115613921519806,0.7366587021033509,0.6886876492559172,0.024659296417272093,0.027213640072064692,1A2-066
2015-03-19,0.7383870744293345,0.7533655090456532,0.7818580099562896,0.7169107030111705,0.03162592217095678,0.03597051815201554,040850
2015-03-19,0.5346555493425252,0.5658068724626578,0.575241033767394,0.5187278259925955,0.029767484616366635,0.025819226796884972,050215
2015-03-19,0.825893062407499,0.8313554144055256,0.8651712296497286,0.7865105932412433,0.03716556240749877,0.046818849284657106,1A1-105
2015-03-19,0.7931800627729253,0.8005038529753242,0.828776257581271,0.742981325076246,0.0349618213245997,0.03907899086781729,1A1-106
2015-03-19,0.7427141723020572,0.7636943322062555,0.7955456938574248,0.727617857847281,0.024838946182023112,0.037653984925331084,040852
2015-03-19,0.26199536144578317,0.2513637951807229,0.26366325301204824,0.3247006626506025,0.03678792168674699,0.030979457831325306,060315A
2015-03-19,0.7780836428063101,0.8103331734076619,0.8335316715099037,0.7206312519274102,0.017243539912228684,0.01915891234728977,1A2-077
2015-03-19,0.6147391737903513,0.6449389962098854,0.6636583949866579,0.6414374247880608,0.036469136125345324,0.03143526135263419,1A2-078
2015-03-19,0.792781406052614,0.797710198293014,0.823898287882137,0.7319801167335148,0.03182162372884034,0.03565213993020465,1A1-109
2015-03-19,0.7735119984372015,0.7864065538774031,0.8124971034491629,0.7334594552217991,0.037779099666896555,0.04173837443932485,1A1-103
2015-03-19,0.6776665082249428,0.6989366528445733,0.7245082112116074,0.6832867331812215,0.039061164061646086,0.040328598002513934,070859
2015-03-19,0.6725729388663807,0.6791919489571849,0.7035439501720014,0.6456845544032097,0.03757270991767744,0.04112352546674778,1A1-110
2015-03-19,0.7510041965471447,0.7880486503984063,0.8165694555112883,0.7564646082337317,0.04553888114209827,0.04758918326693226,1A1-052
2015-03-19,0.8000447633409025,0.8217538940533637,0.8503048147885325,0.7548590161084303,0.025713497729208057,0.03106462460970762,1A3-001
2015-03-19,0.30670854094641314,0.33789680315471043,0.3481486106309421,0.47613639152981857,0.0816486716724287,0.06619917999135697,060182
2015-03-19,0.737542997942885,0.760689780776057,0.7882595601403678,0.7180055523959342,0.0474180701435947,0.05050503610035496,1A1-017
2015-03-19,0.7666978418649094,0.7710255764721097,0.793892703726491,0.707185483421309,0.023600352757864308,0.030942070315286414,040826
2015-05-06,0.01315262077060259,0.01607566369238983,0.01285411520823983,0.02591803409600993,0.01735448191777165,0.010288055508376913,040874
2015-05-06,0.02013261095958344,0.023743449906328346,0.021510633557869786,0.041134641361545043,0.02718718072430229,0.015962854609196355,1A1-029
2015-05-06,0.010712580060098734,0.020141666317879392,0.01924513060742649,0.053338325552693716,0.043907603402017645,0.026923699318523307,070859
2015-05-06,0.013545330691541586,0.02163216685369616,0.015643408262028327,0.06297387080937016,0.034233948309720846,0.01886863094403143,050669
2015-05-06,0.00955964130271649,0.01861860862760233,0.01656549993567892,0.04893644797495766,0.037974650575673764,0.023048701732381386,1A2-066
2015-05-06,0.019025781348788188,0.026112406743940993,0.02451762118018968,0.09249049841938886,0.06326447207586935,0.03793281664910432,060315A
2015-05-06,0.012093641542135256,0.020013696194731163,0.019306385476043745,0.03841652143352333,0.02663503570328144,0.015109580861962723,1A1-052
2015-05-06,0.011001479533638565,0.018032093427485074,0.016726812233258316,0.03666072957243736,0.02600269560409717,0.01497435056646234,1A2-077
2015-05-06,0.010871298061469225,0.018998322886531655,0.016948107212620227,0.053647033664663814,0.03925235949360828,0.022824780308087912,050215
2015-05-06,0.011763735388575343,0.018445863933690687,0.014674906545918237,0.044252697888870485,0.0301336048598484,0.01769261187333223,1A2-078
2015-05-06,0.014397919212172823,0.01684685987365794,0.014441578890013998,0.031143922856912896,0.02293172417666427,0.013751606971613267,1A1-106
2015-05-06,0.06408617752518662,0.07717316508434229,0.07515312109862678,0.07622956369944553,0.028097034593386187,0.018337475974798952,050706
2015-05-06,0.011083414362193792,0.01914488070020028,0.017835478008011083,0.037321464739639494,0.02635706391542136,0.014993828570328143,1A1-052
2015-05-06,0.015447441229554434,0.017912208685843214,0.0165884747038917,0.0341964070501974,0.03013431768189509,0.018753858206429757,040852
2015-05-06,0.014650355991402464,0.01927792181622784,0.016668544689235173,0.048134736252910613,0.03651121081855633,0.02259472819272792,1A1-087
2015-05-06,0.01193603954081632,0.01990545280612245,0.019173577806122444,0.051212748724489804,0.03979021045918367,0.02455102040816326,030171
2015-05-06,0.01854929116496663,0.02794516316435306,0.03453841839865018,0.08359088062734868,0.07712757707646288,0.04611268943170488,040887
2015-05-06,0.015877041882279248,0.019851358023770846,0.017485840068896603,0.034045680055773464,0.025928450795591817,0.015501342104478283,040576
2015-05-06,0.009959798924624605,0.015855571881659144,0.014407003691956981,0.03228317297685713,0.021878364884285642,0.01260468048466227,020059
2015-05-06,0.011762258274276228,0.015859699704086253,0.012802759772693012,0.02837529796347257,0.02174619479889174,0.013022055893772607,040850
2015-05-06,0.027178376935956462,0.04018816241105063,0.027958479489326088,0.03765253453327753,0.023221066345751364,0.01297521557136877,020138
2015-05-06,0.011820027858188685,0.014552020277520082,0.012566821246549165,0.024999551237272422,0.01653742554850175,0.009484163639615078,1A1-059
2015-05-06,0.0165856987151438,0.024407052488165798,0.019911936333983055,0.039835912228012256,0.024757056963284136,0.014306073531166705,1A1-102
2015-05-06,0.013369805638563664,0.020208470827413904,0.01850171545093812,0.04080698256013326,0.024584621687160146,0.013913856488512217,1A2-028
2015-05-06,0.014546908310941544,0.02085784597584718,0.019576898454511795,0.04332510728344666,0.030023417815572512,0.016934850136776928,060182
2015-05-06,0.011808194033374797,0.016766678350282328,0.01330617977359947,0.041208253759486044,0.027884243763011036,0.01599323575186399,1A1-089
2015-05-06,0.016580365820653167,0.021654697951123708,0.021189407169062344,0.049744060644333454,0.03873625924700795,0.02348242840961487,1A1-110
2015-05-06,0.012118907335737528,0.020284628265458703,0.019114045980297287,0.05005007773330986,0.035132758487993666,0.020229694784061916,1A3-001
2015-05-06,0.02420613715510313,0.0288251647468524,0.0290452973479775,0.08094568711492099,0.05509417693544067,0.03277940396463969,020197
2015-05-06,0.017718583711305937,0.020433428126703193,0.016526889947622702,0.03610286781890575,0.0253157152226728,0.014811384095590891,1A1-105
2015-05-06,0.008653025098438571,0.01261393473811104,0.010307652389904247,0.024432327478022396,0.018960684730585663,0.0116972421406794,1A1-103
2015-05-06,0.011828802134519548,0.017116490413627804,0.014549027181503119,0.04819338936878219,0.031067275168537363,0.017846268599458603,1A1-017
2015-05-06,0.014168630926202826,0.021965565463101407,0.02135950721259565,0.05194683998152871,0.03587131574896648,0.020548623669627925,1A3-001
2015-05-06,0.02290136135089435,0.028694720788466667,0.021457284640028475,0.04341635400907715,0.02597414923912077,0.014586711755806708,020188
2015-05-06,0.009837599680670722,0.014754071843234101,0.011510528980545711,0.02129758107101127,0.0171570917384036,0.010523968431853345,040826
2015-05-06,0.03845415264423076,0.05232695827609887,0.05607042410714284,0.10963748712225273,0.0766936864697802,0.05280517685439559,050707
2015-05-06,0.013101578259245426,0.019657189951438177,0.01839448589839372,0.0508299911281285,0.03359421460590213,0.019655602820321253,020058
2015-05-06,0.018878135107779845,0.024493311932377717,0.021563814476419734,0.04969165250574461,0.03189856874384503,0.017702486486486493,1A1-071
2015-05-06,0.020576992625141323,0.024231302806043784,0.019711553859595016,0.04746467314215232,0.026945845924555446,0.014733984607873361,1A1-107
2015-05-06,0.010855309148754561,0.01801659488243967,0.016231390568014276,0.03640938102351203,0.025982635136183756,0.0148873801893381,1A2-077
2015-05-06,0.014552363041118005,0.020694036268628643,0.018825894099486266,0.042784524374192515,0.029886193871423623,0.016845183526721534,060182
2015-05-06,0.013197951918631528,0.019930096220527053,0.019871282073509005,0.04886061748728619,0.04485904010633382,0.027840538603791033,030172
2015-05-06,0.01598606834010671,0.018096636606533472,0.014847320802568708,0.031111737625643725,0.022717163844853252,0.013593492624247678,1A1-109
2015-05-29,0.018435034637569125,0.03159752527204615,0.024327147975263124,0.10140418787536422,0.054991448385562226,0.031937649105072234,040186
2015-05-29,0.013191385958705872,0.022494899927102772,0.017491963562102007,0.06122556774082884,0.034809088141334876,0.02075330165519606,1A2-066
2015-05-29,0.018059812151933655,0.028448490361902765,0.023415701606924237,0.08382580350523282,0.04471559880342759,0.026789662235555754,1A1-017
2015-05-29,0.01673428847754762,0.024223465917437924,0.018342010308016257,0.05669826857156849,0.030238646858625925,0.01912996253856325,040704
2015-05-29,0.006805337434851391,0.013652312542656826,0.008032799431500886,0.03894647943553388,0.0179525218131476,0.009429328329558841,1A1-109
2015-05-29,0.03136050954429693,0.043382792448631406,0.039444737779096475,0.11006693272012455,0.06392861953860988,0.04194441998615333,050215
2015-05-29,0.011179393057527012,0.0170164783700864,0.014227871684679951,0.03875589626806452,0.019396026435940166,0.012596051695521459,1A1-059
2015-05-29,0.007384958762610001,0.01813055159368962,0.01137186526078559,0.06779114917364248,0.031752160415325185,0.015558648771195525,070859
2015-05-29,0.015951013176848414,0.026207604670932996,0.01841613520438284,0.071442611637188,0.03495237868089829,0.01961187575270974,1A2-078
2015-05-29,0.013955068653395073,0.02298639536095909,0.018089400823961058,0.07243133548846253,0.03822577068422851,0.020617345973416714,1A1-110
2015-05-29,0.021430454145106238,0.03864403115710669,0.030777862490366608,0.10407096966861171,0.05773498651326654,0.03720583535175602,1A2-076
2015-05-29,0.015349264705882344,0.030115665886954517,0.03109699976992099,0.11541772586087881,0.07845805698289744,0.043399842587621765,040887
2015-05-29,0.012302804633096787,0.019502987702273995,0.013022187901139326,0.057941283945115864,0.027932334788797034,0.015545096572732167,1A1-089
2015-05-29,0.014213475811622949,0.02166874028811309,0.015878427196265858,0.050178576360409836,0.02547661821286368,0.014893306142535465,040576
2015-05-29,0.007194092374095292,0.01490978115104795,0.009562211884612482,0.033778572922949404,0.015569896995627263,0.008378302312650793,040850
2015-05-29,0.008074701466441053,0.014981934630569642,0.011499631810490681,0.04077456091370555,0.02300190341229552,0.012710731810490686,040852
2015-05-29,0.01499635701545778,0.031850076628352486,0.02655563449597038,0.0871977323622671,0.0519031100541683,0.03228058478662965,1A3-048
2015-05-29,0.015271338723759884,0.024428305245002894,0.019890056044642092,0.059181623256994186,0.03296352431426703,0.021942161409572898,1A1-103
2015-05-29,0.008867368144199743,0.019180585636134086,0.01284545588441576,0.07334032543133677,0.0316479337915556,0.01635773320241268,050669
2015-05-29,0.011518548843541053,0.017588813816482148,0.012488056300672599,0.0444388534492586,0.021443587621295737,0.012013107534921755,1A1-106
2015-05-29,0.009015254102805709,0.015146869670936728,0.009505992607829717,0.02680492453236887,0.01176882010077307,0.006613994273725871,040826
2015-05-29,0.012980840885142255,0.026233777660695467,0.01788719441517386,0.12422200948366705,0.05600719599578504,0.028025305584826136,060315A
2015-05-29,0.013034488772155432,0.02123839076659916,0.016921165002608318,0.03517867018888989,0.021386750445838223,0.014785271506387322,040874
2015-05-29,0.010089251544991825,0.016898712160402018,0.010285415485021196,0.04131637910727649,0.01839459931826369,0.009480256852004099,1A1-105
2015-05-29,0.013935178667383126,0.022608460952892713,0.01565273419308615,0.06744544017553286,0.03544073526777718,0.01955073974565645,1A1-087
2015-05-29,0.014120771642687182,0.03131935016344591,0.024331145733727702,0.10492584319197674,0.05962289454957865,0.037008310002446115,040707
2015-07-16,0.010336069508148518,0.016665417095474918,0.013439952079779806,0.042258511430905775,0.01973135609600531,0.011999146464302555,1A1-103
2015-07-16,0.014914413053066317,0.026221128165032775,0.020806793909504673,0.10060214385236865,0.04890158140374094,0.025985330095627538,1A1-110
2015-07-16,0.012760164042717159,0.020821945117252008,0.014030450291753824,0.04061421253990971,0.015012151546845756,0.007544564846416379,1A2-076
2015-07-16,0.012613764475803355,0.025618588081908113,0.023727664123015555,0.12999640194800205,0.06482507170795307,0.03181112240202468,040887
2015-07-16,0.014245728442793325,0.01895256514860085,0.014739260621548683,0.050047496548675276,0.022129921026710943,0.012796681105354592,1A1-109
2015-07-16,0.01992428383910296,0.025970064741479035,0.018569547254605318,0.06487329447361398,0.03035536642342261,0.017678705837857082,020188
2015-07-16,0.016190621977431485,0.023545741536808162,0.018460359573705894,0.07140280986924594,0.03436968833960237,0.019576959072183407,1A1-087
2015-07-16,0.007686754453640057,0.016611015570206198,0.010668735797447038,0.07255786190209006,0.026028174358255014,0.011914683686351516,050669
2015-07-16,0.012314264909847432,0.018879648347202956,0.013108322642163661,0.06833266123439669,0.029577326340730473,0.014465472434119277,030172
2015-07-16,0.012343740863168681,0.018020532064541486,0.013016154117310608,0.05788726028080583,0.024688395808530567,0.013146330868023928,1A1-089
2015-07-16,0.016505395234066564,0.022338449858996013,0.018713657952622646,0.05828287098138747,0.029445557304004517,0.017705525944726443,040852
2015-07-16,0.01494887651808288,0.01950130927313085,0.015177621547220684,0.050387069018703094,0.022128781677720463,0.0124191415245542,1A1-106
2015-07-16,0.00790110324028615,0.01681390377332024,0.010824308107728987,0.07303111726749895,0.026132388132977982,0.011975543203815399,050669
2015-07-16,0.012681376639312826,0.025649192614464286,0.023782695758877214,0.130297758838868,0.06500391556100925,0.031896503374491916,040887
2015-07-16,0.009119054462560087,0.013175224738589621,0.009964640963377763,0.03274058005847663,0.012626610709153071,0.007143404529461317,020059
2015-07-16,0.01713293098112755,0.02224133751489568,0.017409644189999355,0.05440709294430645,0.02537477317025857,0.01531169240113438,1A1-105
2015-07-16,0.015492468996210975,0.026608977566608537,0.021145008680659976,0.10090203272789251,0.0490429392654518,0.026034039514043456,1A1-110
2015-07-16,0.018559622134811694,0.024055906806698748,0.020573258414358222,0.05418035293600295,0.028090358986334454,0.018540878859929524,060182
2015-07-16,0.0185472085752568,0.027616396828941493,0.02169837204108977,0.05093244975435464,0.025863443501563194,0.017447225323805268,1A1-102
2015-07-16,0.016300705713773952,0.02381872201325452,0.018884784614006805,0.0716875873186459,0.03457774852229984,0.019591130216729348,1A1-087
2015-07-16,0.022319543902493515,0.02814516629690071,0.025656813255132915,0.05325557455767794,0.03158423507337572,0.022722866375697183,1A1-059
2015-07-16,0.011985872386080688,0.01666243000870463,0.012073970475110838,0.05250753071924538,0.02223231538087815,0.011022331929796144,040707
2015-07-16,0.01218655612126131,0.017902598468271375,0.01284991879111158,0.05772720634107735,0.02463328021389664,0.013138947992391247,1A1-089
2015-07-16,0.014542679472112041,0.017913310072964105,0.01342369839870721,0.037192617281230106,0.01567310036237207,0.00928817565251456,040704
2015-07-16,0.016924198409376298,0.02456964734198409,0.01791258057764755,0.04738607890330684,0.022280184177480112,0.013580004185851813,020138
2015-07-16,0.014884797534479416,0.020754017925600218,0.016013313164531254,0.05356620029006127,0.02513001674318495,0.015248510965054089,1A1-105
2015-07-16,0.014846634205055248,0.020926150891782472,0.016224581600831584,0.06008526953167738,0.02601318929861035,0.014771110761571282,1A1-071
2015-07-16,0.014089909930073877,0.020742178123115206,0.015596756351779262,0.047041489487522625,0.020648541234733118,0.01218450295442552,040850
2015-07-16,0.014604097013123735,0.019378508188091368,0.01506130343886426,0.05037389762538637,0.022161805873161678,0.012453455344389372,1A1-106
2015-07-16,0.014301382529583151,0.01968082044954509,0.015137709906642089,0.08207090295534279,0.03462831896295415,0.016945109264434793,040186
2015-07-16,0.019795066775491088,0.02933694437556822,0.023910934960189534,0.08165872303496162,0.042417890975838216,0.024926082114224295,1A1-029
2015-07-16,0.011083707995843857,0.018354504215174622,0.01167743771695752,0.06264701389708836,0.023522815134484145,0.010526013294920535,1A2-078
2015-07-16,0.010124402756675784,0.016615597581951358,0.013398766802356387,0.042214647931686854,0.01975438515343927,0.012013412254360936,1A1-103
2015-07-16,0.012542367583010841,0.020469703896686835,0.015902317509614336,0.03673580193257232,0.017739145294738516,0.011757714305644859,040874
2015-07-16,0.015198496288856486,0.01940667026664389,0.015123741274740955,0.05016577581125517,0.022049374922442147,0.012747079966029654,1A1-109
2015-07-16,0.013323709208614079,0.020031534713964846,0.01656931050997489,0.05029710860087198,0.021991559155766935,0.012165310311798112,1A3-048
2015-07-16,0.012591877415710299,0.01871094056609383,0.01425068814295059,0.08150579160968068,0.03453652093120056,0.016942813373372178,040186
2015-07-16,0.021651452439896707,0.027738644490952393,0.02532709049580313,0.053200091230678107,0.031618167241340735,0.022754675285846834,1A1-059
2015-07-16,0.019221778730243777,0.027944560675060272,0.022418187784623622,0.11739409724082508,0.04854944950442005,0.026040445352263596,020197
2015-07-16,0.01475301906067345,0.02161013474370247,0.017399290591217084,0.07044566117519266,0.031153807781168615,0.016972065983896254,1A1-017
2015-07-16,0.014492937277241756,0.021110783139716958,0.01710261292631642,0.05599276171764325,0.026469205936740382,0.015150826088253282,040576
2015-07-16,0.018238701089170466,0.026222937919427126,0.021019363757209312,0.07264446029244662,0.03515016809245084,0.02072796434467528,1A2-066
2015-07-16,0.007864826172046787,0.013236072763655543,0.009542929677192365,0.04843491050224291,0.018742924179787138,0.009099315902893828,1A3-001
2015-07-16,0.00946792118042585,0.014726507751214042,0.010020391763167722,0.05808206574523721,0.022136525028016437,0.01093454846843481,020058
2015-07-16,0.015009856267401481,0.021776007132810932,0.0202488016303568,0.04293999734492957,0.022790066376761686,0.015614824693590516,050706
2015-07-16,0.014701766419832596,0.024670039493453557,0.018587154593260373,0.0821020405666453,0.03654703863490023,0.019549314015883244,070859
2015-07-16,0.012884553200435299,0.022237330950732086,0.016454321453304305,0.08476103086664023,0.03793782585575779,0.01928127071379104,050215
2015-07-16,0.009331805222162348,0.014395811737618183,0.011588865061480429,0.036568047445255464,0.015235467716651152,0.008593791333953845,1A2-028
2015-07-16,0.023284961069996897,0.02946746222633365,0.023434703078425323,0.07284192273101038,0.03566696114708602,0.021785194906979125,1A1-107
2015-07-16,0.013604561951244301,0.01958626119456845,0.014228520239467714,0.04165963803334526,0.018531539525044074,0.011447470334759327,040826
2015-07-16,0.013445914412317447,0.02084235706650114,0.016737225684925593,0.0703998121950378,0.03120500797427539,0.016999111751926744,1A1-017
2015-07-16,0.014561696428571426,0.02006977678571429,0.016157053571428572,0.06103934948979591,0.026751364795918362,0.01566132653061224,030171
2015-07-16,0.014297896733403577,0.023955091148577436,0.016585236037934666,0.12984167070600638,0.05431598366701791,0.025521200210748152,060315A
2015-07-16,0.013981316380094552,0.020958770560866126,0.017005617571618167,0.05601959366658216,0.026540582825059267,0.015167909987025966,040576
2015-07-16,0.02428765502233863,0.03403280367046678,0.031127440744877503,0.07803153564550908,0.04638308629255894,0.031810635899707285,1A1-052
2015-07-16,0.014100868080142492,0.01984434905693503,0.014384423310256597,0.041574524166222766,0.018444315295228386,0.01142195077120846,040826
2015-07-16,0.013560709612481125,0.022555524345747358,0.020440453258681428,0.0778026091469552,0.04618276453195772,0.029643376006542523,050707
2015-07-16,0.012945203898840884,0.023058707060063223,0.015732486828240255,0.1298309430979979,0.054217650158061105,0.025510837723919922,060315A
2015-08-17,0.013607636575317926,0.020156882500447785,0.014743500358230337,0.0583008552749418,0.028345306734730437,0.014012092960773772,1A1-087
2015-08-17,0.011131950246182559,0.01581521195717441,0.010119723748995401,0.036503962684636924,0.014175515597720173,0.006417473280186231,1A1-105
2015-08-17,0.00910220600053576,0.018041444548620406,0.01300523908384677,0.0920340510313421,0.03496063353870881,0.015654336994374494,020197
2015-08-17,0.017107060652197668,0.02581023532373318,0.019519233916461456,0.05484754467481108,0.027592702659258294,0.01724956062186853,040874
2015-08-17,0.014004626550047472,0.019387236671749575,0.016354845211036632,0.034464799033288265,0.015543868573237044,0.009297828710763296,050706
2015-08-17,0.00660096199990206,0.011712405489447136,0.0071281416189217,0.023889941726653933,0.00901980522501346,0.004731138411439201,040704
2015-08-17,0.011721500296167708,0.02027291043336916,0.014383629018927169,0.06516031256026669,0.031141434037248256,0.014141847294542233,1A1-029
2015-08-17,0.010652834035827183,0.01872120073761855,0.012518481559536351,0.11061724657534248,0.046057510537407795,0.01965148893572181,060315A
2015-08-17,0.011875993959953672,0.019047125379226645,0.014232881543383504,0.05736376140437968,0.027121872607424564,0.014772521677974503,1A1-071
2015-08-17,0.012316692925089174,0.017384662438895488,0.014070897905932089,0.039320855463073054,0.017642920465054827,0.009373455377196457,1A3-048
2015-08-17,0.01112333564579808,0.017278965115623216,0.014732778116187263,0.05158629464184998,0.02606142808798645,0.014428804624929495,040852
2015-08-17,0.015682644833469313,0.033074274349083874,0.022834475990900754,0.1144956974630962,0.05063781235318837,0.028192088371287966,050215
2015-08-17,0.009943003688092727,0.0182830205479452,0.01223067334035827,0.10999766491043209,0.04584578661749209,0.019712945205479445,060315A
2015-08-17,0.004558839799265961,0.009343655514099474,0.006003607050037433,0.0286850753513454,0.011656436362197735,0.005841025018716094,060182
2015-08-17,0.010622500000000007,0.024042499999999994,0.019532500000000008,0.1044525,0.04549249999999999,0.024235000000000007,1A2-066
2015-08-17,0.009050227484362041,0.013426016417336385,0.009178284884309398,0.04243080735439991,0.018021776402356315,0.00845549454442398,040707
2015-08-17,0.01365542327114602,0.02154107623790152,0.013598471384485895,0.071583372843316,0.025942534366671342,0.0118218649179408,050669
2015-08-17,0.009881739772402292,0.01494015491875787,0.00993437154562929,0.045410507006843875,0.018931061668207495,0.00914862323997527,1A1-089
2015-08-17,0.010336066061365072,0.01569765351993714,0.010382855495213976,0.030465719251634236,0.01345188734913787,0.006711408111392666,040826
2015-08-17,0.009854607307179603,0.016530880400117465,0.012891235573408662,0.04302857471476483,0.020643580114882338,0.01184031773438729,1A1-103
2015-08-17,0.013459295272749154,0.0242221309416411,0.018991634911088406,0.09270343133658104,0.04658114109580793,0.0232546106934504,1A1-110
2015-08-17,0.012285266397098166,0.01931916691443182,0.015654695843491696,0.07788825875602069,0.03738847550098115,0.018499371915323776,040186
2015-08-17,0.00944973878871937,0.017038804322699958,0.012602932269995376,0.06130462812066577,0.030237027565880724,0.014135882454923712,030172
2015-08-17,0.010283677025666831,0.0159283288248616,0.013354701811776549,0.057853248301459485,0.031358102038248604,0.017888804101660792,050707
2015-08-17,0.006110637762458166,0.01176083391452464,0.007803920493029041,0.03539642232042861,0.015707674692695073,0.008125601465943308,1A1-106
2015-08-17,0.010169332424355342,0.01672505792495018,0.013018760452649481,0.043017183482161936,0.020604624672122877,0.011748283610087841,1A1-103
2015-08-17,0.01218396756258548,0.01911109933400724,0.015419051406315038,0.0779501300767081,0.03744941309389308,0.018630983379913174,040186
2015-08-17,0.009568163265306124,0.013389100765306116,0.00900222576530612,0.05047216198979591,0.020540542091836728,0.009423290816326526,030171
2015-08-17,0.00969340169658097,0.017115659709650153,0.013230450093967139,0.05939783026431487,0.026338278935843697,0.013147490646390434,1A1-017
2015-08-17,0.009512835300612334,0.015191539998088326,0.009863770752988952,0.03010127484945488,0.013337647955570926,0.006652417465965198,040826
2015-08-17,0.00801656573804057,0.013116121195787056,0.009015221873642737,0.03557382484333313,0.015251016221226025,0.007708952464788729,1A1-109
2015-08-17,0.012111053439530112,0.01568150640740411,0.00881043183233959,0.033515876790958445,0.013516957595443616,0.00630285618937439,020188
2015-08-17,0.010831407397456558,0.018587702847931206,0.013429440712878373,0.057557128783807976,0.028162377306107825,0.01405236521583378,1A1-087
2015-08-17,0.009156267216569017,0.013498525413711581,0.008318793426868122,0.035707603427895994,0.014628042193442284,0.00652533071230342,1A1-107
2015-08-17,0.011687474049656326,0.020433797166503,0.012562733202412678,0.07138896338897459,0.02598159524477487,0.011787483167344646,050669
2015-08-17,0.006505315754531605,0.01207558691380708,0.008169219650078115,0.0359161238004547,0.015909394778666697,0.008236777120957085,1A1-106
2015-08-17,0.009347603970333237,0.016432393061105267,0.011707129730850422,0.03658848841318608,0.016129887618742466,0.0088530326211927,040850
2015-08-17,0.007524880599677357,0.012632468550288505,0.008442954159427928,0.03471544353400133,0.014874811204783765,0.007547866441490335,1A1-109
2015-08-17,0.015929814954925944,0.02493181865743723,0.017324059347499456,0.08057081176218078,0.035622014541747175,0.017755068872075563,070859
2015-08-17,0.011876443398715799,0.016703405752484815,0.012523889524144596,0.047754397374439275,0.019273909534699613,0.009770162063506017,1A3-001
2015-08-17,0.0077036183947003555,0.01328560512632877,0.009688060506855643,0.033331504949160366,0.013559682598983179,0.006762897030503767,1A1-052
2015-08-17,0.010891015006512529,0.015710777853731536,0.010081346752514946,0.036750154152771754,0.014313122038188325,0.0064973513897998245,1A1-105
2015-08-17,0.009828249399892226,0.015160604884142453,0.010803509895654723,0.037079210919512086,0.015348279282809973,0.008132350952824179,1A2-028
2015-08-17,0.0055273792061053565,0.009427842435204914,0.005711474800535206,0.021111239035631092,0.008061918702611625,0.004623460652163136,020059
2015-08-17,0.005177543338064843,0.009340152940617628,0.006769152979736445,0.02306528534385443,0.008602285810486074,0.004805649875378617,1A1-059
2015-08-17,0.010682970209189388,0.015602424355621964,0.009856449850579,0.05381131677250655,0.021535988513261117,0.010273408199477025,020058
2015-08-17,0.011791952842197377,0.018993808922391497,0.01120572447193603,0.02878965481920521,0.010814864354190698,0.0059732934882055725,1A1-102
2015-08-17,0.0051842490583541,0.009312525692682549,0.006681115696706196,0.022918156455723093,0.008550445800874024,0.004754163178571824,1A1-059
2015-08-17,0.01344517034015837,0.020705880631403117,0.016472868380631403,0.055388965357829965,0.028258689174881065,0.015238631127249947,040576
2015-08-17,0.010146092445777608,0.015135094294759666,0.010154818560321369,0.045830515353867236,0.01913333142670914,0.009261692350668092,1A1-089
2015-08-17,0.01537817355625431,0.028894357120944833,0.027962693649819764,0.13819048661707184,0.07385331812255538,0.036310448462305384,040887
2015-08-17,0.011116231154092793,0.019427143139418703,0.015416056302846844,0.054905324276361904,0.028214033508805955,0.015341853013108241,040576
2015-08-17,0.010082922205555265,0.017349708184623856,0.013496462654528512,0.05960685141123119,0.02640672619355506,0.013248284625596981,1A1-017
2015-08-17,0.013028906738036547,0.023920296485635855,0.018675007427677883,0.09204683767366331,0.04631017570818543,0.02302384268559169,1A1-110
2015-08-17,0.009022001883633318,0.017694123064043527,0.009324838844704893,0.02506841565508579,0.010215394516534115,0.004776842821264123,020138
2015-08-17,0.008460969118132773,0.016434712650005505,0.010027557800286245,0.03452930089177583,0.014251485742596057,0.006765920951227564,1A2-076
2015-08-17,0.012449268540532243,0.027595820998542825,0.027062351790781498,0.13793606047242882,0.07375032441138123,0.03648470511542294,040887
2015-09-11,-0.0028633008356545963,0.009734341922005568,0.005757926183844007,0.05948772493036212,0.03213332938718663,0.01845384888579387,030171
2015-09-11,0.012976123864755435,0.015147508698982388,0.009951011625998468,0.042327250601816364,0.019933928985665823,0.010081590135682236,1A1-071
2015-09-11,0.004671607977318922,0.011486910415439842,0.008515476725300609,0.03402382097334879,0.018661411132534254,0.010395315355317897,1A1-052
2015-09-11,0.008280180234021136,0.012048140412682436,0.010731714582284856,0.04432122074735782,0.028770624685455458,0.017659849647710113,050707
2015-09-11,0.010129507305031715,0.015571846422113154,0.013708826602370909,0.036019703923763614,0.020075682424868693,0.011496259436263957,050706
2015-09-11,0.011432895562997068,0.01622974675596482,0.007632909167015487,0.024134455839263286,0.012706602134784424,0.006692074089577225,020138
2015-09-11,0.006467107123765397,0.00952143000330923,0.005842702277008448,0.028042509195855835,0.014296619425211252,0.007635754744297934,060182
2015-09-11,0.007128692307692306,0.017247256410256404,0.01270335897435897,0.060316316239316235,0.030806606837606828,0.01781768376068376,1A2-028
2015-09-11,0.00497325901328273,0.009405194497153692,0.005433557874762805,0.03101815939278937,0.014646736242884248,0.00859892789373814,020059
2015-09-11,0.007535079886707525,0.009285303910917978,0.004983072631333897,0.01880760046946535,0.007758873806937225,0.003598957107938233,1A2-077
2015-09-18,0.006403608837630365,0.01402930297543716,0.008386088468679847,0.025974537518590714,0.011995650882654519,0.005512551222598907,1A1-105
2015-09-18,0.007558249632804634,0.014640923623363791,0.008869405674669517,0.026476429729430123,0.012157458684747765,0.005555682221277933,1A1-105
2015-09-18,0.006789867102572924,0.010726587937002778,0.008254897467560075,0.03019679836636369,0.014871155084111017,0.00675282151460556,040707
2015-09-18,0.006105331731704203,0.010185654997015802,0.007464879106619521,0.025773099772664787,0.011867605888585613,0.005672602719975315,1A1-106
2015-09-18,0.007400737480712579,0.015972065857764055,0.009278965493056521,0.059188950413802774,0.023492229976153727,0.010397033945854959,050669
2015-09-18,0.003899920993713942,0.010719332931484834,0.009963053331037053,0.02414687749361349,0.013560066592037656,0.007547543126955423,050706
2015-09-18,0.0056156943367251895,0.010413506739777872,0.007044832242352797,0.024199013211981125,0.010912258620555929,0.004994864816653221,1A1-109
2015-09-18,0.013585199571390304,0.020181980310742028,0.016135885346905972,0.08810541119742835,0.038086682962764545,0.017393518617733722,020197
2015-09-18,0.011060112546974457,0.023708705805659935,0.027313989761484768,0.11701533265587852,0.07586206879361912,0.03729730596671523,040887
2015-09-18,0.007878410837793956,0.01466683399490791,0.012495886048796156,0.057583802610212266,0.03078133604979849,0.014515435747078052,1A1-110
2015-09-18,0.007270824825362703,0.014863854110693167,0.010475385097617761,0.04242091796525166,0.022395406143650362,0.01101587855991402,1A1-087
2015-09-18,0.005843030911280607,0.013087183684794676,0.008402364158027717,0.0474088441920325,0.020927568954117168,0.008914719283538387,1A2-078
2015-09-18,0.0054772848250697614,0.014383316242755965,0.00971896563103671,0.056196535603133764,0.028020140078343015,0.013125623309723134,070859
2015-09-18,0.009791699964403305,0.01404908027053484,0.007784324775295897,0.030269538132953643,0.013129681632108212,0.0061525275874343656,020188
2015-09-18,0.007461849169813264,0.015721864558009606,0.013617877722029674,0.05904723525405606,0.0302101920722771,0.014502229434990245,1A1-017
2015-09-18,0.004105509750387418,0.009137402878559133,0.005571966871296215,0.031534937580227906,0.014401579765618257,0.006634269120004259,1A1-089
2015-09-18,0.007040326188961963,0.011222700894242094,0.0076973626062542605,0.02476973952193334,0.011052249992244204,0.0050197335305888135,1A1-109
2015-09-18,0.0035644697027331206,0.008291970580547259,0.004383487301930999,0.0141864493491496,0.006356235894014679,0.0030644659330091276,040826
2015-09-18,0.0050633791202125454,0.010548567706753699,0.0063783658057237165,0.017741971727183392,0.007897680003396863,0.003962784942192678,040874
2015-09-18,0.00356641172993756,0.008423726520910522,0.004594449917778085,0.014297651998392637,0.0063841092576228525,0.003064966004209607,040826
2015-09-18,0.008102123724489796,0.011687117346938771,0.007971403061224484,0.04508578443877549,0.020517072704081627,0.009735127551020403,030171
2015-09-18,0.00586217635146303,0.010829721372678633,0.008623992698517649,0.027713499478793414,0.014087452820484566,0.007115460930181294,1A1-103
2015-09-18,0.0050977163332690065,0.012398644111404122,0.007914448393044738,0.04699328857657426,0.024486580101198523,0.011905820951523337,1A2-066
2015-09-18,0.006032310737401756,0.012940093331021722,0.009532365926953303,0.05066655888811837,0.030406477404068422,0.015060612864077666,030172
2015-09-18,0.010794123426321339,0.0164858047251955,0.012109464394653652,0.046534710498585756,0.023138392241140244,0.01161672985414008,1A1-071
2015-09-18,0.0028267888058700567,0.005850076491265312,0.004583765899006385,0.014621798250271049,0.005811597975880447,0.0028618706620022094,1A1-059
2015-09-18,0.0048947782919543555,0.008433445595220607,0.0057532722442583594,0.017049815998237104,0.007254811835855241,0.0035753196464423844,040704
2015-09-18,0.0067516456265912855,0.013986660161183611,0.011934732784025962,0.05701058211543472,0.030603376686513903,0.014480224654678152,1A1-110
2015-09-18,0.007093544258504895,0.01228411097654959,0.008982675878013869,0.028549750908290213,0.01338181300231201,0.006367057414951001,1A2-076
2015-09-18,0.008273718708666044,0.012120597290942038,0.009750808063488952,0.028514571474060637,0.012552166634007737,0.0061986319992161825,1A2-028
2015-09-18,0.0032090529063915412,0.009315762141419224,0.009087689984901861,0.04174387770508306,0.026974685770005044,0.01604609304227478,050707
2015-09-18,0.006590969460863331,0.014306155292853298,0.00994872783449758,0.04162324556689951,0.02205704728640516,0.010833008239297866,1A1-087
2015-09-18,0.004795228816823288,0.009306163842243115,0.007321262055153278,0.02349521081112307,0.01034179473501771,0.0051015638191341806,1A1-052
2015-09-18,0.004163185812829028,0.010018222974928078,0.007995129356774792,0.027505736084923106,0.014149033958107772,0.007165577990236321,1A1-103
2015-09-18,0.004818655426765014,0.012159816649104316,0.008710018440463646,0.08601098261327714,0.037711999473129615,0.015901033719704947,060315A
2015-09-18,0.008153729331540186,0.016042015120950347,0.013898772780565172,0.058922372196072284,0.03013657045811134,0.014492712374351279,1A1-017
2015-09-18,0.0046292975346803305,0.010799879820378474,0.0073665924683353305,0.022824890799344095,0.010610234728400175,0.005440269715018088,040850
2015-09-18,0.0072528706100496824,0.010800142855705838,0.007928789255560988,0.026121745753391573,0.011943688932999803,0.005673866526063075,1A1-106
2015-09-18,0.008427906876878713,0.015002104855530331,0.010049189696951101,0.05116885022391262,0.023356534338384135,0.010058099656462783,1A1-029
2015-09-18,0.009426624271960072,0.014989030716351683,0.01296868507072389,0.03989251436269267,0.021107659772574183,0.011105289581599908,040576
2015-09-18,0.0043254172813487835,0.01193892413066386,0.008580933614330877,0.08591288672286616,0.0377312755532139,0.015916786090621707,060315A
2015-09-18,0.010585260372727967,0.02351329741544597,0.027226096901602884,0.11699105107753661,0.07578517255924533,0.03728125814863102,040887
2015-09-18,0.002248923505940467,0.005539444456863112,0.004371333309116916,0.0144281811424931,0.0057720261732851965,0.002857463088598538,1A1-059
2015-09-18,0.005285653402051634,0.00783854576539967,0.0060104083453094755,0.018468108677337825,0.007781959462807861,0.0037379535655879845,020059
2015-09-18,0.004429384698010672,0.009418036105032826,0.005891254065432686,0.031671465268401706,0.014409662793559153,0.006637636728232894,1A1-089
2015-09-18,0.0058267646233693335,0.015147158437368491,0.008589320732220502,0.05972196205638937,0.023787327465282643,0.010578054074905311,050669
2015-09-18,0.006153662682106835,0.010274209469555472,0.007240010272693314,0.04373788802764289,0.01928844648860665,0.008673944714232348,020058
2015-09-18,0.007164152820018295,0.015517546237915082,0.011072168484039259,0.06372342247113214,0.030470955295106697,0.013394573164700926,050215
2015-09-18,0.008802378023155635,0.014684581275871491,0.012636812737702504,0.04036633670231768,0.02156217404551281,0.011383518049631232,040576
2015-09-18,0.006381504236445361,0.012530078264847446,0.006611270734714983,0.018104921934046697,0.007657101018338038,0.003847527845180788,1A1-102
2015-09-18,0.003931567287084033,0.00918506615905245,0.008133793119007334,0.029804048730964445,0.01639969782853917,0.008324603412295538,040852
2015-09-18,0.006648542082405806,0.00939441442192799,0.006596887946041348,0.02364924968307786,0.010236304202781633,0.004954038876791596,060182
2015-09-27,0.003724507560905661,0.005877577740194337,0.0011577135965605292,0.009786715799873995,0.005333857276201291,0.0027082415383595077,040826
2015-09-27,0.004293600812663687,0.007860418175165598,0.0058741555808041815,0.01880548596133106,0.00883596298721306,0.00429108636958865,1A1-052
2015-09-27,0.0051556227375790555,0.01085756653009268,0.005132415271092722,0.01446728091809539,0.0064203864513306015,0.003062509447472051,1A1-102
2015-09-27,0.0113651820845542,0.017485841356215986,0.011124101088321472,0.019995798451234816,0.010203944118878188,0.004795114064462115,020138
2015-09-27,0.00922096504152156,0.015648863514599518,0.013060239083846771,0.0827132822126976,0.036305923519957144,0.01659814023573533,020197
2015-09-27,0.005808302471768939,0.007786811829124519,0.003706663771173288,0.018411264580877336,0.009740169017962394,0.004791528490879192,1A1-109
2015-09-27,0.002654155524947621,0.005355420540079149,0.0023967877900209476,0.014576318635058578,0.006599768119034679,0.002978397105610302,1A2-077
2015-09-27,0.006458402366387636,0.01321859296522861,0.00785652385168491,0.05340326309293843,0.028259864938828066,0.013419263871002372,070859
2015-09-27,0.005304760729749323,0.007423772788038814,0.0029683025446781875,0.027531669155254675,0.013803363451344513,0.006733720195140772,1A1-089
2015-09-27,0.0045808574702223175,0.006334414282540417,0.0034880555706852624,0.017044124421288026,0.009163273401106488,0.004710682622156623,1A1-103
2015-09-27,0.0021138151992259615,0.00751230297299674,0.005560531049344705,0.029612759367578498,0.013644444981968507,0.006471018339343824,1A3-001
2015-09-27,0.00518372856011962,0.008995706526519483,0.006066847677896028,0.029986487487905698,0.013728291076611837,0.00648917670859354,1A3-001
2015-09-27,0.004474367899579661,0.006644769207906981,0.004147303932867091,0.021624598024468217,0.01033095683187054,0.004795269565771192,060182
2015-09-27,0.007236344868147488,0.01036551386913228,0.0068087786956997414,0.03296000013677646,0.01519975207900208,0.006874806078345546,1A1-071
2015-09-27,0.007373909864711301,0.012319698280482825,0.007133169743358842,0.04731825212795609,0.02662043824103258,0.013397839668960786,1A2-066
2015-09-27,0.0069055577603046245,0.01409690533590485,0.009550960796676795,0.06329991240758596,0.03128632760922778,0.014284919578171747,050215
2015-09-27,0.007034353906611185,0.0113477600554785,0.009248466250577897,0.04506365002311605,0.028710405686546463,0.01426436517568193,030172
2015-09-27,0.004727909974584055,0.006145725578229462,0.003009438720082612,0.019199902493981316,0.010696761931745777,0.005539358683333446,1A1-106
2015-09-27,0.006967125603864726,0.010034246196936988,0.006067849599136599,0.03032178821050467,0.014442166332613828,0.006611262205776544,1A1-107
2015-09-27,0.008878850226928891,0.011420538399928808,0.006122778544095395,0.028375288110705693,0.012986180920174418,0.0057955243837323105,020188
2015-09-27,0.0030096640671278953,0.004080639243442007,0.0016028147388539272,0.01045720032189201,0.004901879589475916,0.002421916766326514,1A1-059
2015-09-27,0.001497723097677887,0.008769747194236344,0.008740143589081201,0.024097278983323298,0.01446479599012601,0.008016591822382959,050706
2015-09-27,0.0054596364795918345,0.008026065051020402,0.0051360969387755084,0.04248865433673468,0.01943549107142857,0.009137455357142851,030171
2015-09-27,0.007375890947546522,0.009707952989283697,0.007733746756909182,0.026808219825155105,0.01676218908629441,0.008620087422447827,040852
2015-09-27,0.011661337990327775,0.015558599767150275,0.010417917338348553,0.04263281031703385,0.023831218430951092,0.012201792047286405,1A1-087
2015-09-27,0.007929906663990361,0.012903592108059593,0.007971271931896002,0.04507173902519659,0.020633080560606424,0.009607085862044533,1A2-078
2015-09-27,0.008778317064613772,0.012693979992381851,0.010541702341572949,0.05029688347266489,0.028671060884906088,0.014356143040436215,1A1-110
2015-09-27,0.0027580505723772204,0.005422159918727386,0.0036541480003964466,0.01522156598443926,0.007867576193072002,0.00385830405371921,020059
2015-09-27,0.005201791079237026,0.010229068484243072,0.005533642000904702,0.018764659581385696,0.010614443488955063,0.005551690690025628,040850
2015-09-27,0.005698777549495701,0.009180034086664176,0.006144448076204704,0.042819129155771386,0.020598184067986545,0.00947008358236832,020058
2015-09-27,0.012084956975788196,0.015178545282809715,0.008529458190535136,0.023460415184798588,0.011843227878211238,0.005572696183939473,1A1-105
2015-09-27,0.0077039928919745366,0.01216808909827257,0.008993374452434087,0.03765229712510673,0.019056073883516517,0.00863873491610876,1A1-029
2015-09-27,0.016269290398036648,0.026531803627578787,0.03179526861722523,0.12093393818544361,0.08534894451261596,0.04332423076923075,040887
2015-09-27,0.004426825744387901,0.006189664365822144,0.0029411021611359415,0.020401613224599227,0.010004700182571404,0.0047189884118713854,060182
2015-09-27,0.0013369211026615924,0.005044854911926748,0.002966769089004421,0.01526801650888494,0.006774369112283693,0.0030225176728486025,1A2-077
2015-09-27,0.0012470448540513295,0.006484874496728733,0.006689491381479615,0.03417457536487166,0.02366164160795169,0.014238206781580269,050707
2015-09-27,0.003284781144368779,0.007381282883456619,0.006273357419291623,0.02178955040905306,0.010631918140400718,0.005214401974232104,1A2-028
2015-09-27,0.005892537457542361,0.008204765470094303,0.005621151873308154,0.031992226590113595,0.015540608458766522,0.007550147028397037,1A1-017
2015-09-27,0.00759685110822647,0.010459792973346762,0.004947947112060072,0.014402447712576897,0.0075390677128195195,0.003940590174574482,040874
2015-09-27,0.005719222673702045,0.008229014982283149,0.005375409759667231,0.0180605541326452,0.008578178766753961,0.004197574930673233,1A1-052
2015-09-27,0.007710797681770279,0.012909740779768173,0.009823087460484714,0.09122303530031613,0.042244561643835624,0.01850020969441516,060315A
2015-09-27,0.007479233412820869,0.014322810352083035,0.0074417656754102906,0.060668395637536794,0.02596130102398653,0.011954153457707947,050669
2015-10-04,-0.0033665366399724494,0.00440299836390252,0.005939090315451075,0.01565794583656248,0.008591679583225693,0.004607998435661181,050706
2015-10-04,0.010717818417730392,0.021438378454201133,0.017356817576097625,0.07367585706270162,0.03384605905456586,0.019087381119371572,050669
2015-10-04,0.004989710471567269,0.010328864713361066,0.009957923023578365,0.04166891932501155,0.027896342753120654,0.014540337783171523,030172
2015-10-04,0.011088335491638712,0.018442228008030727,0.017251408969047782,0.049044138836152794,0.028568143943299717,0.018334005107146986,060182
2015-10-04,-0.003360689481630602,0.003588253963261196,0.0046525399471565145,0.029915801774031206,0.022224271829391046,0.013336737544036236,050707
2015-10-04,0.00026752201124633765,0.005043733958557995,0.004635406408873822,0.0161625323910029,0.007299123093514089,0.00368509351409644,1A1-052
2015-10-04,0.013193234145338672,0.01809350575598725,0.014981382850241537,0.052621573260355624,0.02877207035666563,0.018788739336005753,1A1-107
2015-10-04,0.02251309753034743,0.04228129970699036,0.03734685537881959,0.03692752302218501,0.01924220803683549,0.012555485558811218,020138
2015-10-04,0.017893214438122324,0.028812849381770436,0.0265443416128679,0.06996735706860709,0.038534633192909507,0.025465593555093553,1A1-071
2015-10-04,-0.0024295148924704866,0.003925397908195755,0.004690378312839852,0.01728556152941753,0.009295566060843575,0.005011785994219366,1A2-028
2015-10-04,0.00874643397459843,0.01574617528950317,0.015255130276428837,0.06092619957041466,0.031078904557340307,0.01831678324617108,020058
2015-10-04,-0.0031229634312604517,0.0038232392910546175,0.0033665431216465804,0.022732928907555624,0.011286014601108268,0.005799417494942382,1A3-001
2015-10-04,0.02053611371551032,0.029930358290918835,0.027947654701312614,0.10641511451915356,0.051484774310206274,0.029442047281007244,020197
2015-10-04,0.02156405426068269,0.032782540878034,0.03116708123260873,0.09693543330027268,0.05945326287296473,0.0423894996142932,1A1-029
2015-10-04,0.0005528191256613194,0.007926163232427699,0.0040099866740920444,0.01244307132344166,0.0066433586260392155,0.0034968134173992546,1A1-102
2015-10-04,0.003701696428571426,0.008276926020408158,0.006980082908163259,0.04164556122448978,0.019975567602040813,0.010272334183673465,030171
2015-10-04,0.018915853430630958,0.025297023226839892,0.02098394544807333,0.05518031658805731,0.03018135801370472,0.01961118714959509,020188
2015-10-04,0.03117878928571429,0.0700164238095238,0.0748900261904762,0.21104070595238092,0.13238992023809526,0.09338482380952381,040576
2015-10-04,0.006715262277615344,0.013087787303632487,0.013100316913623072,0.035306386342236984,0.01974705015114722,0.013200737771941128,020059
2016-03-12,0.22748339572479165,0.24183762333569192,0.23833656278810503,0.19421774988743806,0.02872632823052678,0.020852096117150144,1A2-066
2016-03-12,0.34032161275251405,0.35742779478508496,0.35981216005161526,0.32284682255050295,0.04437039134110527,0.03623120138827089,020188
2016-03-12,0.1461825148406661,0.1918413095426418,0.18895611368849513,0.14222177973861788,0.02409489083215198,0.027059002719689418,060182
2016-03-12,0.3216239935350515,0.3389627931216465,0.3381799876858122,0.26431624307326934,0.01647737191045826,0.011607276475503558,1A3-001
2016-03-12,0.28803204382171826,0.30548376129694277,0.3049884706011894,0.23763889185336182,0.02090466153379832,0.01654897487525897,1A1-089
2016-03-12,0.2797957361177177,0.3021132157915803,0.3016674367560764,0.23525342314420084,0.020669992351333207,0.016549564375170436,1A1-089
2016-03-12,0.30594217978233573,0.3216621337379656,0.32436838112180855,0.28955060066973626,0.04153083298451234,0.034874530138133096,020138
2016-03-12,0.14167105672151967,0.1688690611244009,0.1588419433262962,0.08321909405097341,0.012653981851848963,0.012847346284126558,040826
2016-03-12,0.4138714099349681,0.4370972445741599,0.4383518806315129,0.34462674821750366,0.04341551633628458,0.03892805845020764,040186
2016-03-12,0.16095381454162278,0.17623193940990528,0.17541232929399372,0.17105266649104325,0.042101011064278195,0.02829533877766069,060315A
2016-03-12,0.1455006465166022,0.1920211694364127,0.1852339762177489,0.11194050691435803,0.007267586879809336,0.010662925022863106,1A1-105
2016-03-12,0.37459906790857456,0.3960060903025498,0.40603442000264234,0.34970432685955843,0.044326801922314696,0.04126424511163955,1A3-048
2016-03-12,0.1489837004230117,0.18370635967287077,0.18149359086294406,0.1172720678228989,0.013266870219966137,0.012833589650310204,040852
2016-03-12,0.1580057855637513,0.1716476227608009,0.17106183508956796,0.16879982824025294,0.04211665911485774,0.028325591675447834,060315A
2016-03-12,0.1116082192007046,0.12067542909831556,0.11425368105251572,0.07030080314873942,0.023150837553671703,0.017414993944731914,1A2-076
2016-03-12,0.35520659798736604,0.3745354674109986,0.38134003746143674,0.32462085316585876,0.04198288538759119,0.03910085683854855,040704
2016-03-12,0.34714444712222353,0.3652673425155924,0.37024114646022555,0.3447018134095633,0.05022330763759711,0.04368142625013675,1A1-071
2016-03-12,0.3482897817362503,0.3661127077684483,0.3654600615082421,0.2896735548259127,0.01645475346633801,0.013392300550762588,1A1-052
2016-03-12,0.36148460403436683,0.387224152035861,0.3881938429211806,0.2732089876727681,0.034047630743369445,0.025194151101979836,020058
2016-03-12,0.17969891145232497,0.1901360119734278,0.17322182843390732,0.07620095329965394,0.007952295835156524,0.006413629320975375,1A1-102
2016-03-12,0.1467540254211111,0.15693130515753712,0.14844177843938272,0.08343165918286376,0.009936538501302104,0.00867234286808015,1A1-059
2016-03-12,0.12141629815666478,0.13361377527989288,0.125975064318833,0.06867077879975877,0.011895749326183657,0.009290987070265381,040850
2016-03-12,0.1438694927266934,0.15668053881984131,0.1477148056074036,0.08146035568787664,0.009105821718769206,0.00846943712208425,1A1-059
2016-03-12,0.10142512779161347,0.12037268684979299,0.12106824932527548,0.10076436060570827,0.022560422690396646,0.01650539824792171,1A1-110
2016-03-12,0.44803937850495196,0.4709349635335881,0.4784812181571415,0.4028699529814463,0.0613780590770791,0.059310419028158964,040576
2016-03-12,0.23943233031674196,0.2601257797760564,0.26517678675511913,0.20570834573203456,0.04409165139197789,0.02678509720837487,040887
2016-03-12,0.26638317772582576,0.2873692014027061,0.291099782132909,0.2143988815658576,0.03786897582570633,0.023592087644249905,040887
2016-03-12,0.2630696108578225,0.31013159460330053,0.31372779163982367,0.20889642202289516,0.0200176019624362,0.027352617448832942,020059
2016-03-12,0.4412603597658847,0.46275330914898116,0.4708570574263526,0.4006509979895913,0.0621879480049936,0.059655634900047,040576
2016-03-12,0.20674460336441045,0.21849881901094464,0.21921538908593427,0.17915515200648566,0.03499164450749902,0.028706550719497376,040707
2016-03-12,0.32676468055183494,0.3461465523707475,0.35100398205196887,0.31589301634074474,0.051971361505491566,0.03907920975087062,020197
2016-03-12,0.4111018558007546,0.43192623856654777,0.4425823018086896,0.42130470545086346,0.05475753047772546,0.04860956329035454,1A1-029
2016-03-12,0.25006378489269177,0.2700841822134941,0.26719296745686627,0.2040711747790713,0.029634697713564306,0.018920055056810194,050669
2016-03-12,0.34714976185636715,0.3638821880679581,0.3613065379957971,0.26340794588324196,0.019783203058290056,0.01617034266048367,1A1-103
2016-03-12,0.11256629713547821,0.12684487796808647,0.12680771462859078,0.10520448225664815,0.02393478459943622,0.01680597471136226,1A1-110
2016-03-12,0.26721856998381877,0.28441356160425335,0.2814430498728619,0.1645326895515489,0.022699093851132685,0.015215073104484517,030172
2016-03-12,0.19841751582954262,0.22502324089919884,0.2259433265427451,0.17749900920445086,0.019447136754717976,0.017328574803360947,1A1-106
2016-03-12,0.31881239158163255,0.34060392857142857,0.33114388392857136,0.1775483099489796,0.020153826530612245,0.01409736607142857,030171
2016-03-12,0.3884451618897544,0.414864878099542,0.4160958976036153,0.33369127192721654,0.045021407355652,0.0395453981090563,040186
2016-03-12,0.2913931492353315,0.3073948041345539,0.30817506607872525,0.25801404429386693,0.02962439593786098,0.023120446559423434,1A1-017
2016-03-12,0.34620387628008,0.3641134190274258,0.362478387825649,0.2630980449571584,0.018965441475087743,0.01603547522369639,1A1-103
2016-03-12,0.3515563679921189,0.3727612963460505,0.36756830825720943,0.2658649592512986,0.030731423070034018,0.022045220759448314,1A1-087
2016-03-12,0.14530508934218841,0.19065175158896835,0.18293181971045025,0.10999783779664311,0.007395220432690084,0.01067723453391593,1A1-105
2016-03-12,0.3353878607702316,0.35513529398292176,0.3559066709268789,0.2932000720465987,0.028549374738449408,0.020800310184923385,070859
2016-03-12,0.35039470068179934,0.36833180279391997,0.3659780174453169,0.2709279411068923,0.01234322319814629,0.010229282928338338,040874
2016-03-12,0.35123966236790255,0.3723781779509223,0.3676129545047465,0.2660475783628874,0.03077862573885008,0.022132262224610427,1A1-087
2016-03-12,0.19955433650595195,0.22553861585181706,0.2266197053454582,0.17736009009764753,0.0198078602563672,0.01738212309989596,1A1-106
2016-03-12,0.2707522968701819,0.2846499514338576,0.2845063389094458,0.2517914906465208,0.03830544326241132,0.029095324673656078,1A1-107
2016-03-12,0.25339031666432876,0.2736858374246037,0.26984799621265254,0.20458676216860708,0.029339256908402302,0.01872766692383222,050669
2016-03-12,0.14178341581916176,0.1672774036193515,0.1576480998744574,0.08400226909394785,0.012752105298353326,0.012851651091026968,040826
2016-03-12,0.27659465071818584,0.2980391110899982,0.2995192435200409,0.24028847784947535,0.024166880467828986,0.020972012471303574,1A1-109
2016-03-12,0.2879461188398131,0.3054464065248819,0.3062563533537957,0.25515367540819667,0.02739422791772271,0.022760136769599447,1A1-017
2016-03-12,0.13895582265084308,0.1839662287175006,0.18067663516961177,0.1162611897537015,0.016890612203934154,0.017792096193354895,1A2-078
2016-03-12,0.48138074542301806,0.5070159264860069,0.4731242957093314,0.24722278550689575,0.011811121461408175,0.007053384143882568,050706
2016-03-12,0.26192199218992346,0.2915548593100453,0.2936842321965939,0.23438969969597329,0.021198348502357765,0.020385839699540834,1A1-109
2016-03-21,0.23432282961440215,0.2563341115781683,0.2620575863835246,0.24962738281714725,0.03424709019048002,0.035031793499094535,1A1-105
2016-03-21,0.2613008014112903,0.2693939331317205,0.2768271942204301,0.28176836021505375,0.06796890793010753,0.061151051747311835,1A2-066
2016-03-21,0.01147725409836065,0.020276140308582446,0.021000583722770305,0.05857591721682371,0.04675909860791729,0.03133690780852062,050215
2016-03-21,0.07924728015879796,0.13752847850129993,0.1417712142081169,0.10132579780010861,0.002543948960192439,0.012272726410335982,1A2-077
2016-03-21,0.21804069697549183,0.2512540547829646,0.2633453535968099,0.24259630397770862,0.03688361902449003,0.03629093166828572,1A1-103
2016-03-21,0.3628177766608585,0.3803756783049636,0.3928261580217129,0.4030991557208595,0.06214654447571817,0.05824268585533659,1A3-001
2016-03-21,-0.07355500000000001,-0.015997499999999998,-0.004640000000000005,0.035042500000000004,0.05212,0.039002499999999996,1A1-109
2016-03-21,0.07519579153103005,0.08272395730262844,0.08419123295811644,0.09798606520837023,0.02947784798881602,0.021413405627044618,1A1-110
2016-03-21,0.18562319179031456,0.22017199094747092,0.22717308392871657,0.2215503725744903,0.03729959716245841,0.0372678019201104,060182
2016-04-13,0.0014601692977381018,0.008869427466457276,0.009082334834834827,0.0234073092473207,0.014396512280629232,0.009919081638978425,1A1-029
2016-04-13,0.20825256100316308,0.2295607800497063,0.2403401338680525,0.30025236952101214,0.07376215205603254,0.05994432783551742,060315A
2016-04-13,0.001052376539218309,0.009420878566875747,0.008286597877195092,0.02238665771387398,0.014490161242644553,0.010030058959105062,1A1-105
2016-04-13,0.011538942875166042,0.017372420344884055,0.016981056882214143,0.027068320494701786,0.011188649684290964,0.007079246923277552,060182
2016-04-13,0.005438488481114383,0.012947682828824003,0.01567210554513796,0.05614650683096705,0.028122533485132595,0.017705720600053574,020197
2016-04-13,0.1187412181524063,0.15601738950834826,0.1575241953607949,0.11994944561596085,0.018746952837637453,0.016662020480674784,040874
2016-04-13,0.5425281953347577,0.5786145787037035,0.599449883190883,0.5807022792022791,0.09656916274928773,0.09510277225783473,050706
2016-04-13,0.00014447085294573664,0.007485631390196375,0.007293398334454034,0.029233565363195883,0.014885655269918424,0.008635829238435132,1A1-017
2016-04-13,0.0074948177088605,0.01986200899815786,0.02241736295269137,0.04615890417822223,0.04380829687847934,0.03290961972914432,040707
2016-04-13,0.004968497820055485,0.02231973890210067,0.026530550601136217,0.04520380086537189,0.04274517769850707,0.032767984046769706,1A3-048
2016-04-13,0.004992203974734241,0.01010727345555384,0.010462665093976265,0.01834396088815283,0.012288730338160515,0.00858321803266061,1A1-052
2016-04-13,0.20920370723083942,0.2290075650091241,0.23983741503193443,0.3005023773950731,0.07365782561587594,0.05980529026003649,060315A
2016-04-13,0.0003060219193314631,0.006533000640226428,0.006112270192404889,0.013672417444485623,0.009834053307274994,0.006863877245004545,040576
2016-04-13,0.12448120285940831,0.13586522845532487,0.1376610415530998,0.1177585928440458,0.02492836277813569,0.020023030006442337,020059
2016-04-13,0.06370228970331589,0.07592341448516578,0.08234897905759163,0.09454350610820247,0.04749398167539266,0.0325603682373473,040887
2016-04-13,0.05044845259391772,0.0626659466308885,0.06934093619558736,0.09060220781156829,0.053965172927847346,0.03595888789505068,040887
2016-04-13,-0.0026391184583556856,0.0055256054133782815,0.0053851480729445985,0.014221463202053475,0.010380259367098299,0.007129360489617645,040576
2016-04-13,0.012837417844469822,0.025055691826547183,0.027474538812373425,0.058335698071409994,0.04602616032156535,0.03265877611715886,1A1-110
2016-04-13,0.11812002054538667,0.1318432139521853,0.13496958488980204,0.13605928651475532,0.03333529650728427,0.025690342734404188,020058
2016-04-13,0.007295715231751074,0.012799986643716956,0.013095811505962828,0.02319891304165597,0.01399949376054811,0.010302797861877037,1A1-059
2016-04-13,0.007197390844519445,0.012542020501056203,0.012921175855863911,0.022946343410155258,0.013861198921997086,0.010234994229973956,1A1-059
2016-04-13,0.004027347149846848,0.010202387425911924,0.006658195433390345,0.013533623155256778,0.007528940888659049,0.004666124050280437,1A1-102
2016-04-13,-0.002927029543713757,0.00801092258452785,0.007104866342050549,0.02540206070138968,0.011661060564613192,0.0071670177262282515,1A1-071
2016-04-13,0.011260221058828634,0.02418118354329799,0.025716185565893248,0.04570372155725391,0.03630836093935103,0.028378792275853097,040826
2016-04-13,0.005338855957102978,0.020048097056951177,0.022299366828265027,0.04156907778757162,0.039924792982713876,0.030890739312472448,040704
2016-04-13,0.014723745183309473,0.023861389959264553,0.022653724265110645,0.04277051772542114,0.03498129940548278,0.025256702356049775,1A2-076
2016-04-13,0.013069587157908616,0.02668072060652897,0.027819382892604026,0.05650832094862033,0.044023188517792564,0.03307147782531665,040850
2016-04-13,0.00912124903052677,0.01677759830458521,0.016596079236985778,0.03226615898585343,0.023667035719271562,0.017178034102190227,1A1-109
2016-04-13,0.00946827590194264,0.014025309127351214,0.01150580712303422,0.031542171728851875,0.017428894156645083,0.010785040857230956,1A1-107
2016-04-13,4.9633150888036444e-05,0.0072218064844316926,0.006210843579450446,0.022408549835956977,0.012755772007792045,0.00786003850673523,1A1-089
2016-04-13,0.004362898361956216,0.011021158315645027,0.010833863392723134,0.033284560097339246,0.022516309255804997,0.013633147713385219,1A2-066
2016-04-13,0.02871694850030784,0.035277597304072476,0.036026241204151634,0.05268751011522561,0.0239605164262468,0.016503517349810887,1A3-001
2016-04-13,-0.012438823661114103,0.0028817450295540005,0.0034317696578900193,0.029480860200609,0.01830099946265449,0.01197521135590184,1A1-087
2016-04-13,-0.0008725996820815069,0.007058166897235167,0.00635184966379121,0.024589990023478094,0.013925245738362391,0.008593310825191389,1A1-089
2016-04-13,-0.00020493486745485443,0.006768112916529753,0.006829187226309176,0.01883283515179151,0.013203323888974569,0.008887733337133418,1A1-106
2016-04-13,0.007946366022959861,0.014154611551125738,0.008910026030079198,0.021979439574619553,0.011081424757497552,0.006635616712645721,020188
2016-04-13,0.006737835856140921,0.012120781460315958,0.009992253406380611,0.03405276949961035,0.02025024824662905,0.011450190450327054,1A2-078
2016-04-13,-0.0021886856716629424,0.005396986422723829,0.005810162087400679,0.014221627769659557,0.009700297195089698,0.006413527991074082,1A1-103
2016-04-13,0.0012796738305832812,0.00824342734357488,0.00785748568940843,0.029890239228262533,0.015072772763323493,0.008750576863394182,1A1-017
2016-04-13,0.003958126733703185,0.009905987055016175,0.011565175970873785,0.02674347231853906,0.02357107778548314,0.016016530282015717,030172
2016-04-13,0.013247936097913056,0.025549636945931334,0.027859895511316943,0.05885930841402532,0.04634445199574983,0.03285901113650495,1A1-110
2016-04-13,-0.0021015752551020476,0.0059027742346938715,0.007081332908163257,0.027335478316326524,0.017886741071428566,0.011469687499999994,030171
2016-04-13,0.012093035432479495,0.02312223954767216,0.024008527774038967,0.039100325664163965,0.03190052083638132,0.02505558443889149,040826
2016-04-13,-0.00013642097678586722,0.009145079882312728,0.008090851569933388,0.022642263955733336,0.01469508200696516,0.010149113003796657,1A1-105
2016-04-13,0.008402535967456718,0.016407940043897735,0.01613795158062915,0.03203211166780419,0.023683447504963706,0.017255261079140053,1A1-109
2016-04-13,-0.0017062278784058407,0.006462118777620553,0.006690537574018055,0.019145227251389816,0.01344851278173806,0.008997076076824526,1A1-106
2016-04-13,0.011208034742570106,0.0216007429886982,0.014838116366680615,0.02154975722059438,0.012355486605274172,0.00801052532440351,020138
2016-04-13,-0.0018280624493812114,0.005347117048844583,0.005768349880335706,0.014208674628989768,0.009706788804216767,0.006432169994639498,1A1-103
2016-04-13,0.012171528207066126,0.01944339364678278,0.02083321761348253,0.039964146286436214,0.03169765304913812,0.02297064586905513,040852
2016-04-13,-0.012412678219595203,0.003101183503492747,0.003561659502059822,0.029364634157263113,0.01817539987461938,0.011924398173025246,1A1-087
2016-04-13,0.004581134846533587,0.013060731514273461,0.013274642734492392,0.03706800574157548,0.02752099589504188,0.017449064525649285,070859
2016-04-29,0.004819298263763165,0.0103401986241142,0.00982865234745425,0.033909924265935594,0.02084852381075534,0.011864360247590466,1A1-017
2016-04-29,0.0066855716089213035,0.014197476855098885,0.01125657385327535,0.04917403597980081,0.026147644480291762,0.01482229274793098,050669
2016-04-29,0.004978756792348677,0.009803162125132185,0.00839270255665002,0.027348723819943747,0.018672438794038026,0.01100703030534807,1A1-089
2016-04-29,0.005203816864756846,0.010382201746275566,0.009952095791639953,0.018377938805792093,0.01608816119122537,0.010517314970845699,040576
2016-04-29,0.011070590344351556,0.022637144336222083,0.03158132372114424,0.07671325274177467,0.06945785048700051,0.04087699440141113,040887
2016-04-29,0.007046058199416763,0.011648746354780675,0.01082802845985604,0.02167291908388657,0.017927926742725055,0.011939546441645467,1A1-109
2016-04-29,0.01466704004214963,0.022543231296101158,0.0230217660695469,0.0756161564805058,0.058400003161222354,0.03750416438356165,060315A
2016-04-29,0.004726253723106909,0.0088081226887353,0.00880861386292945,0.01684865364713983,0.013477820837573602,0.00868207895925005,1A1-103
2016-04-29,0.00457362973531206,0.008679663607588558,0.008320536869882439,0.01889090605489575,0.015513729974047558,0.00991509740542788,1A1-106
2016-04-29,0.005661024244131803,0.010908905896372388,0.008788923724977603,0.0210893681468412,0.01586315716423562,0.009752778999196318,1A1-105
2016-04-29,0.004466381586775831,0.00989315082114635,0.00830093490130444,0.012831700408866328,0.011222536034269879,0.007719293730261367,040826
2016-04-29,0.004534152728258312,0.009057971884744788,0.009383400487308739,0.018024565557554956,0.013587825943601833,0.009375626837187465,1A1-059
2016-04-29,0.010869342515592498,0.01669449669000983,0.015506137104716034,0.03766626660466135,0.025913474039829285,0.017871370308567676,1A1-071
2016-04-29,0.01624694341110097,0.02889486859771872,0.03120155939740332,0.058976610547904665,0.05119633440910545,0.03955512324160529,060182
2016-04-29,0.00567958803510657,0.011272668368260784,0.009901150814974028,0.03149358140784524,0.023969348916353217,0.015108285420025071,1A1-087
2016-04-29,0.003957609216038295,0.007847688011170952,0.007747090564532213,0.014417834629962099,0.015126471174945142,0.010287826152004784,040707
2016-04-29,0.007177023250282447,0.013386867306891828,0.014736372123446508,0.04158388936790153,0.03301862624130343,0.020792268835107333,040186
2016-04-29,0.00849614246649205,0.013778182194577087,0.014061537898628858,0.025664049510861188,0.020282411358034186,0.01444149248960097,1A1-052
2016-04-29,0.013564663083680074,0.022289883552935746,0.025222320561719837,0.04946912650254275,0.048694686199722614,0.03552614337725383,030172
2016-04-29,0.021991860433967315,0.028689609563353865,0.030854904902223413,0.08154499999999998,0.05372823801232254,0.03768828288240021,020197
2016-04-29,0.010539502551020406,0.019493309948979586,0.021791594387755107,0.05113462372448979,0.044494630102040814,0.03249964285714286,030171
2016-04-29,0.024280971148063702,0.0339716103170496,0.035086881214774206,0.06172405741717131,0.04999464071437559,0.03897687222913722,1A1-029
2016-04-29,0.018652338480021357,0.026284225994482525,0.020170819613775915,0.03744822995461423,0.025347248598380355,0.018054702322683986,020188
2016-04-29,0.007111963162326336,0.013881438383352396,0.015376036837673676,0.03765644410697463,0.03140231318538126,0.01936837074236682,1A1-110
2016-04-29,0.02884900642838775,0.038705005014142445,0.03799035574697865,0.07319214476729233,0.051898987400359975,0.039692081769092315,1A1-107
2016-04-29,0.017799463414634148,0.03169742682926829,0.03598950609756097,0.08413838414634145,0.07056096341463412,0.05350935365853657,020058
2016-05-31,0.01399900911667815,0.02020404734543783,0.018011302305983287,0.037837414770550824,0.022804314027426643,0.01591776457519345,1A1-059
2016-05-31,0.014475252583622896,0.02418134225360513,0.020793738983253065,0.04631725148008411,0.028819592063468385,0.019524526857747852,040576
2016-05-31,0.016702001275674606,0.025732114808935426,0.024102549819398796,0.04358453500580485,0.030424598044204193,0.02283543766393853,1A1-103
2016-05-31,0.008561379186817117,0.016837697026688157,0.011373324377574778,0.051833188250044765,0.027177874350707506,0.014923085258821418,1A1-087
2016-05-31,0.010905617413143567,0.022352825449979057,0.013642932189200499,0.03175620866471328,0.018885933444956038,0.012716048555881121,020138
2016-05-31,0.012918536324786326,0.02069727991452992,0.01645448717948718,0.046418508547008554,0.02689809615384615,0.01772964957264957,1A1-107
2016-05-31,0.008561270822138634,0.016800749596990863,0.011399927906143645,0.05173076885187175,0.0271288836646964,0.014909982984058745,1A1-087
2016-05-31,0.011578303643182426,0.02278034355746049,0.01888608424859363,0.09285470466113045,0.04236878582909188,0.023424799758907048,020197
2016-05-31,0.01603659511866363,0.023834490390225227,0.020360134573729684,0.04754279679316516,0.028545256489783337,0.019306729424151178,1A1-106
2016-05-31,0.017071660216528676,0.024453677068534758,0.022918547126830943,0.04450652133444373,0.028619891368245717,0.020828153750061237,1A2-028
2016-05-31,0.022590200949808105,0.033098564674856876,0.02881148855084583,0.07747203662014106,0.04797708411054654,0.031177749137025375,1A2-066
2016-05-31,0.012657903044596044,0.02143263426385151,0.016682754812850455,0.05026138934998686,0.02835852254094215,0.0171456097795502,040707
2016-05-31,0.012301265239447601,0.020731128505915932,0.016356135530861047,0.05310912442957446,0.029799192356110372,0.01888453131439532,1A1-089
2016-05-31,0.0027343059441881476,0.01605893704769407,0.011745601667022713,0.03911104245667208,0.027277856053221874,0.02035560752530245,040826
2016-05-31,0.021962812541702577,0.03214517654587588,0.028031935332225325,0.04719167698868121,0.03353168111344311,0.02499017891154813,040874
2016-05-31,0.014399912569982354,0.028079742119794446,0.030341661937265122,0.09766734162895925,0.06966641939565915,0.03878272777820383,040887
2016-05-31,0.01437772222883575,0.02062597364885548,0.018380137197714357,0.03878473359749668,0.023337244864120282,0.016203236879697977,1A1-059
2016-05-31,0.01738938028604011,0.02568004784163262,0.021118876686781345,0.048198322098023424,0.02936404367219426,0.020453091769219802,1A1-105
2016-05-31,0.013838549586197221,0.02421163522233131,0.018015178145602464,0.07477685229344928,0.035744446275775,0.02020544957217001,050669
2016-05-31,0.019501303954893724,0.03152176999028817,0.025805336948311216,0.08635666583036583,0.04712860488831343,0.02885296279810078,070859
2016-05-31,0.009834834393768206,0.021616496997086267,0.016588670541713736,0.07488644987215318,0.039035083992388635,0.02147401602545043,040186
2016-05-31,0.024492307260972814,0.03466057678775615,0.03248728219280499,0.07105697191925407,0.044474019152959794,0.03145617974316123,1A3-001
2016-05-31,0.03744629135259631,0.04806189593802345,0.04777263060092127,0.07046123900753772,0.05255665174832497,0.04190681035385261,050706
2016-05-31,0.014258830112474054,0.022004587476489867,0.017496763111357574,0.053956637243074375,0.02998624997190022,0.018934087899859897,1A1-089
2016-05-31,0.03519654342551226,0.04550716151209368,0.04448238551455862,0.06239600117470345,0.04814909066399634,0.03809745513018024,1A1-052
2016-05-31,0.015149993931021531,0.023329559932000612,0.019856547405092538,0.04720040345294699,0.028456612654993673,0.019287911751688234,1A1-106
2016-05-31,0.016306318616997488,0.025345157328839657,0.02180481642483261,0.04722962960615595,0.029136911806373667,0.019611998486362366,040576
2016-05-31,0.017651031537220224,0.029341680347996894,0.022049231389882844,0.09811734740054721,0.050550383428050225,0.028351178699221217,1A1-109
2016-05-31,0.014827283534013335,0.028377176163816232,0.030564819196257382,0.09773537982207223,0.06949545709026765,0.03873574008743002,040887
2016-05-31,0.008847501053740776,0.023262369336143306,0.014027423076923074,0.11684755848261327,0.053904271865121194,0.026354389357218126,060315A
2016-05-31,0.01735962286109713,0.02825180957473579,0.027953250503271267,0.07610216249370912,0.05815623270005033,0.04018574043784601,050707
2016-05-31,0.014478137597199948,0.023522865264918345,0.020251172261590678,0.05937583652304344,0.03306024733185052,0.020544007267366673,1A1-017
2016-05-31,0.018952474631066255,0.027887438920463154,0.025578667911104046,0.05022248348668926,0.03468576077990137,0.02558588356068831,060182
2016-05-31,0.019917367792104013,0.028213973537757942,0.026026114692674327,0.048262919111772315,0.03260792038598229,0.023547693576604096,1A1-029
2016-05-31,0.008914173340358269,0.023194422023182296,0.01400476238145416,0.11650617597471022,0.05380430979978926,0.02635030927291887,060315A
2016-05-31,0.007212039106145251,0.020238931564245805,0.015356613128491615,0.06649918296089385,0.04566196229050279,0.026911019553072617,030172
2016-05-31,0.01677697697451601,0.02852439654687981,0.025143265713242102,0.06215311202270233,0.041795094827343976,0.02875501994886346,040852
2016-05-31,0.01801063568632836,0.030921244592460328,0.028705412689693052,0.06763122931401494,0.04320242583945614,0.029685689590056984,1A3-048
2016-05-31,0.01304481489643014,0.020194906468831094,0.01611266674012047,0.030755542089026,0.018619427550071007,0.013173616864991926,040704
2016-05-31,0.013313441927339032,0.023779527633609195,0.01766560527423201,0.07440316629260764,0.035520739234114175,0.020115419764342824,050669
2016-05-31,0.01063477690740841,0.022688436780358666,0.01845318928418162,0.041055050454224,0.027154597877265825,0.02015761866337863,040826
2016-05-31,0.01547430073502372,0.026135675498930266,0.02288135032927728,0.0709358579072509,0.04227825846593574,0.02560956804297319,1A1-110
2016-05-31,-0.001095453703703708,0.00791756552706552,0.004781351139601134,0.04237066239316239,0.02241188319088319,0.013544042022792023,030171
2016-05-31,0.015716853437631205,0.02629470504161216,0.023049962205401762,0.07124535309600832,0.04233736538825649,0.025561511495814117,1A1-110
2016-05-31,0.015386822995461416,0.023695489009522116,0.015347490433389697,0.04107502892231023,0.02191535774672955,0.01345104031325087,020188
2016-05-31,0.010440218677528685,0.02202183296664089,0.016897628144139854,0.07545462567639886,0.03922404040554199,0.021553054201106023,040186
2016-05-31,0.014865297706198141,0.029048909224011706,0.020054965104929223,0.1214644885309907,0.059892809907271825,0.031211541971693492,1A1-109
2016-05-31,0.019020055458381098,0.026682998889059582,0.02205394120879769,0.04929772608818978,0.029879862107477576,0.02075172408495148,1A1-105
2016-05-31,0.015277481077259942,0.023950830014310587,0.02067017564958015,0.05950730538457554,0.033120839885170415,0.020539093691270535,1A1-017
2016-05-31,0.01455423587913756,0.02530613042818099,0.02086042597935013,0.049074729501973904,0.031220153659277255,0.021829768410264183,040850
2016-05-31,0.02195687941787941,0.03051127152861361,0.026381250875369307,0.05775633759164025,0.03502379013021119,0.02409297554437027,1A1-071
2016-05-31,0.01807903337199494,0.030635669944116397,0.023539118647195274,0.07436058875474486,0.04095415331083927,0.02524717919654154,1A2-078
2016-05-31,0.025766842407833224,0.03711320111020447,0.033092171822070554,0.09237093940855023,0.0543855340850085,0.03453425215735725,050215
2016-05-31,0.017353256672208935,0.02621451808878117,0.02454458355490409,0.04395342976622177,0.03052786518160452,0.02287085226539757,1A1-103
2016-05-31,0.017522455821205818,0.02982618069993069,0.0202718555093555,0.0487292195079695,0.023122460152460153,0.01325201836451836,1A2-076
2016-05-31,0.030665901081015915,0.04029053086320527,0.03496323360392221,0.05300643847452179,0.036896673464877024,0.02909495087204629,1A1-102
2016-06-25,0.0071145470439808985,0.010754553943481706,0.004174930534916028,0.03377266343476863,0.0136423184900556,0.006786207382314228,060182
2016-06-25,0.01592024056669939,0.023458172254173095,0.013217309580586343,0.08897997545237762,0.034397540328236775,0.016100211460232848,050669
2016-06-25,0.010267414318304276,0.0146896037325494,0.00651202450233783,0.05001180573383967,0.020754823083011312,0.010273483036587233,1A1-089
2016-06-25,0.0142411143295574,0.018612245943895576,0.011818399368954628,0.05796465016638216,0.024363949249124967,0.011939190460180339,1A1-017
2016-06-25,0.013885881121808283,0.02068909794893261,0.010864427584763494,0.03221916073670991,0.013149949769778149,0.006389913143574714,020138
2016-06-25,0.015565280119860728,0.01785299127127589,0.009683788472503611,0.03096419952322606,0.011810063023935762,0.00616542588166786,040874
2016-06-25,0.010007106762116382,0.015291597142133831,0.008110244156282516,0.038612905966076895,0.013748331270569035,0.006431250457089808,1A1-071
2016-06-25,0.015109734556480622,0.018751944058998864,0.011239351937506414,0.046868089346284295,0.019339003623188404,0.009019292964333432,1A1-107
2016-06-25,0.01578491302588996,0.02184981680536292,0.014165337205270457,0.0746833749422099,0.03413176115349052,0.016469101074895985,030172
2016-06-25,0.004643478039288355,0.009183907987398062,0.003232399925871011,0.02773637277613046,0.010735233042994813,0.005871253706449221,1A1-059
2016-06-25,0.010638013259766838,0.016319595977574083,0.0071646435881463,0.03901642253270445,0.016182649061137318,0.007701594731689948,020188
2016-06-25,0.017888607498175575,0.019425488970282595,0.010724244639871403,0.04459073787793411,0.017321581595891096,0.008137218206423847,1A1-105
2016-06-25,0.009505634720470776,0.019252855809410763,0.009886725576737624,0.08312288517172321,0.03780505427391637,0.01794367752144993,050215
2016-06-25,0.0072307268586193725,0.011610473199609382,0.005868830087282473,0.035495397229281765,0.014245164420411599,0.0069444330884895,060182
2016-06-25,0.010797839409798568,0.017300937527487025,0.011409506992699442,0.05349480407247777,0.020861696499252343,0.010109769768669185,1A3-001
2016-06-25,0.010424183523340002,0.014082893930056994,0.007995781428131255,0.029006009359112607,0.011129207941765506,0.005955617605145586,1A1-052
2016-06-25,0.01175130844146899,0.017262082437942524,0.011108141650825127,0.0471197541807863,0.020579513802793586,0.009950170950767272,1A1-029
2016-06-25,0.015584756389776357,0.02552237779552715,0.014751778753993607,0.13456991134185306,0.06046235782747603,0.02765805591054312,060315A
2016-06-25,0.008666487545588564,0.01509602190191665,0.0085414480096221,0.031410353903158224,0.013285127376425848,0.007854581787848224,1A2-077
2016-06-25,0.016456897714123783,0.023409262285403912,0.010935153966042464,0.06856184523106709,0.026272621614281996,0.011996566167615174,1A2-078
2016-06-25,0.01610568556064426,0.02237900330623166,0.010378455719652138,0.09052639556424642,0.03482615525137651,0.015424147455359439,070859
2016-06-25,0.011896817602040814,0.016634642857142844,0.009903928571428569,0.061366702806122456,0.02450925382653061,0.011924177295918362,030171
2016-06-25,0.011163477942888158,0.01620789276014587,0.008876648832156433,0.03152008075968029,0.013325941413827886,0.007864270912547535,1A2-077
2016-06-25,0.014546311100418971,0.02225440744973037,0.014114747499047732,0.0849211392915139,0.03939430319159608,0.018992163950201497,1A1-110
2016-06-25,0.016937842218055183,0.024767555585320115,0.01795779533886954,0.10488848513260113,0.042697091481382274,0.020413339807125633,020197
2016-06-25,0.013374662225052653,0.02206472823690784,0.01692257176799099,0.05173030911673933,0.02847600707882232,0.016881854577965028,1A2-028
2016-06-25,0.012910239643256344,0.015934617585152893,0.007305868528803022,0.026644219876832947,0.009593550772769025,0.005027429394483822,040826
2016-06-25,0.016037475995842883,0.017701460395079707,0.010139437511633667,0.03966150737575232,0.015335804546441638,0.007412480300304024,1A1-109
2016-06-25,0.0146645585069642,0.016343826507688498,0.009422189794727687,0.03952602498675553,0.015418737786599957,0.007469966603853294,1A1-106
2016-06-25,0.012802191222211049,0.015275200056975361,0.00891362594779765,0.03364095830406923,0.014394865821233517,0.007582519344747494,1A1-103
2016-06-25,0.013553355902129246,0.018429151101979832,0.011235969835636907,0.059839312663429206,0.024507940324990665,0.012575847497198358,020058
2016-06-25,0.013280303782795523,0.016413695435012067,0.00825622700542823,0.03743227933692703,0.014391394799834147,0.006853202983639923,040850
2016-06-25,0.012379106204841228,0.020435862117021496,0.008591525857078525,0.07082798449861706,0.0324192449239939,0.01656430125854934,1A2-066
2016-06-25,0.015251156502172559,0.01932235761949099,0.012647700574177518,0.05937572548106762,0.030648452436374925,0.01649703406269398,040852
2016-06-25,0.009765418502541973,0.014350600138653517,0.009063649091049135,0.03015102360961331,0.01152446292944076,0.006046667770759513,1A1-052
2016-06-25,0.009399921329104515,0.013944807720897966,0.008846691486198516,0.02931985616234698,0.012992900787947867,0.00862017728826998,020059
2016-06-25,0.012756373251825133,0.017778343961650088,0.011086764777025237,0.05233802258334065,0.020301386115753356,0.009915281467147503,1A3-001
2016-06-25,0.01891309734909546,0.023179995969908652,0.013934099946265441,0.06447169666845781,0.028903266612932108,0.014281068869783265,1A1-087
2016-07-11,0.012582969147744628,0.01880158970573261,0.015052477174761558,0.0414141799036079,0.019170980891287378,0.011566775871431963,050706
2016-07-11,0.015401161064240831,0.03015444074192472,0.024779617188803046,0.10129022512787021,0.04982598809209423,0.033185665584866866,060182
2016-07-11,0.011637339372431825,0.01909952138587972,0.012514293518864395,0.08052135692939859,0.03755689064251028,0.020927737205827423,020058
2016-07-11,0.008348309009366171,0.015062446479012821,0.010383240869220472,0.04838904492293967,0.024707442886168787,0.01637172939689776,020059
2016-07-11,0.012707586107258435,0.01902709691400832,0.011965181460933883,0.07121560332871016,0.03158685101710587,0.0147645365233472,030172
2016-07-11,0.024463486309626314,0.04051165662131909,0.035219111847769935,0.14313636214913036,0.08316262700189427,0.052140216548992604,050707
2016-07-11,0.01954889284219339,0.028727561741314345,0.02000698932607785,0.0748396682712432,0.035873954583507756,0.021986586437840103,020138
2016-07-11,0.017615559201714443,0.026630969729440127,0.020287022502009103,0.12262869608893652,0.05112973479774979,0.026591594562014462,020197
2016-07-11,0.017347775682163336,0.026485763116641352,0.02262397259099593,0.07639921287904766,0.03819550372311762,0.024526819551266343,1A2-028
2016-07-11,0.02005177170289556,0.028680348823594215,0.021673946676033833,0.09290235074524057,0.044076932253354247,0.024622033122572124,1A1-029
2016-07-11,0.019682351383821312,0.02495684991545787,0.01739433767909584,0.07233614643588149,0.03403281903532972,0.01985168550324819,020188
2016-07-11,0.012389788449600384,0.018247462365174202,0.012909355144719489,0.04031683718087994,0.019711539361371905,0.01290392471094902,1A2-077
2016-07-11,0.00705645018416359,0.02030106544057599,0.015397974158764012,0.08154453800769988,0.040129668630522815,0.02598635093581774,1A1-052
2016-07-11,0.019836044429026617,0.0293177696834207,0.021999294377633868,0.09130914790831542,0.04357537491006269,0.026624655026210295,1A1-107
2016-07-11,0.006163163265306117,0.010957397959183667,0.005756600765306122,0.052717130102040814,0.021781001275510203,0.010687723214285712,030171
2016-07-27,0.009831687581133702,0.015812622241453918,0.005211485287754217,0.030393952834270876,0.01221765469493725,0.006745047598442231,1A1-102
2016-07-27,0.011190336701380272,0.02032860708185249,0.013148370492051684,0.0689116290258148,0.03330587655315868,0.015385899351186035,1A1-029
2016-07-27,0.013900053576212162,0.020584601526922045,0.015168655906777389,0.10497605344227165,0.04401010045539781,0.019841909991963565,020197
2016-07-27,0.012269462967955613,0.015704099637960246,0.008846051898782934,0.03494593394700355,0.014823232398705909,0.007518493529502383,1A1-052
2016-07-27,0.0161364082013964,0.028196465729176907,0.01981152669879043,0.0719785155865867,0.03883066624053496,0.022654194856918084,020138
2016-07-27,0.005858519670986257,0.010152546403352206,0.004999685303018542,0.02551847900985487,0.010209913362303098,0.005444047062931632,1A2-077
2016-07-27,0.010015038498556297,0.011055261068334932,0.007810433108758416,0.031056217516843114,0.015340695380173236,0.009000727863330117,050707
2016-07-27,0.01001932703534061,0.014217650180744541,0.008280575968835592,0.0409516703994342,0.017655031630293225,0.008354550832996539,1A1-071
2016-07-27,0.009812189658550925,0.013930209915250083,0.009987479424876301,0.03598584847891049,0.01532515223142115,0.007815927840101891,1A2-028
2016-07-27,0.011835214401294498,0.019529324722607485,0.012906675046232084,0.06973270428802592,0.032738574029126215,0.015063085702727692,030172
2016-07-27,0.008376511479591833,0.011137474489795912,0.006556926020408159,0.052769400510204095,0.022390140306122446,0.010502946428571424,030171
2016-07-27,0.01089361342378456,0.014188986278137522,0.007995786437455028,0.040956506578271136,0.017607466080789384,0.007977183163737274,1A1-107
2016-07-27,0.015522985949654134,0.020570811088148348,0.017448315106633378,0.04819276966904906,0.028330506903183224,0.016286797482706155,050706
2016-07-27,0.00962653156518491,0.012978958255509904,0.007674170246544641,0.055754674075457616,0.023230140549122157,0.011049474224878593,020058
2016-07-27,0.012485395813176182,0.01664664482364324,0.010578670287624237,0.0512305845940716,0.02061278509543495,0.01026200424399683,1A3-001
2016-07-27,0.007292772982112656,0.011674139450031141,0.0046517231022514885,0.03556532303995729,0.014878955237162945,0.007235022247930939,020188
2016-07-27,0.006261257741088272,0.009006436688360915,0.004448396131427144,0.030362390714939923,0.013340458505947218,0.006801249006775154,060182
2016-07-27,0.002815044353040286,0.005157737994945238,0.0020172268199613427,0.0167189933842113,0.0065888037068239196,0.0035237182219138683,020059
2016-08-19,0.005448213903063018,0.010867494463714888,0.0078046973264580535,0.03127631628850308,0.014529714304398918,0.007524655213066321,1A1-103
2016-08-19,0.00976235969387755,0.014962117346938772,0.011042295918367345,0.06321366709183675,0.027841549744897956,0.014333169642857142,030171
2016-08-19,0.0029550185860569463,0.011182633609201844,0.007442189998597276,0.0656906000140272,0.024201644340019632,0.010701404825361195,050669
2016-08-19,0.005021035979792761,0.010276620741123458,0.0094712580728494,0.02891259852464193,0.01394253989781566,0.008064711099629723,050706
2016-08-19,0.007740214623188098,0.020519075825889098,0.015016627048921285,0.09881746268224346,0.047908446901862495,0.02293807131457523,1A1-110
2016-08-19,0.0031229216197561117,0.013363515415292572,0.01202109824373034,0.0877709312447273,0.04044892533936652,0.01735541701817623,040887
2016-08-19,0.005431769858100999,0.012356456102691416,0.009118899248262891,0.05428540772254691,0.024091482137623053,0.011540040517939965,1A1-017
2016-08-19,0.010874969524885524,0.018252179342332156,0.013720033150978169,0.07627993146815723,0.03362597936611761,0.015993913747993097,040186
2016-08-19,0.0117336341308368,0.02125254363153029,0.017107865811373087,0.07450937355524735,0.037033007975034685,0.01826960413777161,030172
2016-08-19,0.011627103873239432,0.017104524647887316,0.009205299295774644,0.0224700088028169,0.01127383362676056,0.006958582746478867,1A1-102
2016-08-19,0.008083034097857046,0.017659143750838845,0.013074404051776838,0.05525528706920983,0.027619153108549444,0.014366949982850416,040576
2016-08-19,0.018193938814531553,0.03414209847036329,0.023621324091778195,0.2128805305927342,0.08915108986615677,0.041371864244741874,020197
2016-08-19,-0.006476149381176248,0.003335344310659117,0.0020640576729348513,0.021093931689532754,0.013824457869615264,0.009280056485656713,1A1-109
2016-08-19,0.01451926064272767,0.020395392152059953,0.01699578834566208,0.05343372213785335,0.028330320261598,0.018395801450056332,1A2-028
2016-08-19,0.004051924130663855,0.012354484193888302,0.0076575189673340335,0.1037342544783983,0.04129933825079031,0.017190786617492095,060315A
2016-08-19,0.007630526775239491,0.013974345653238266,0.009079930440726818,0.035073035204567095,0.01534525645940527,0.007627067841075991,1A1-105
2016-08-19,0.004682421402534996,0.011009844710463092,0.006927565736061633,0.046849135303620275,0.020654428692734653,0.010267016195841264,1A1-089
2016-08-19,0.010309015669515665,0.02140359686609687,0.015789945868945863,0.06973234757834759,0.03550250997150997,0.01985723504273504,1A1-087
2016-08-19,0.005700688537996976,0.012640622169099143,0.011038120910920983,0.06582118992199296,0.03577790010065426,0.020355901484650225,050707
2016-08-19,0.014373843293119314,0.023081339714753103,0.017686629274869643,0.07281582599555261,0.03759911048844698,0.021567616680298538,1A1-071
2016-08-19,0.016017069057577646,0.019523780368425742,0.013282398771914205,0.046188768577022324,0.02183083140517932,0.012760229153688702,020188
2016-08-19,0.015989545533348193,0.02938828695792158,0.02057993418282685,0.10261719153230799,0.04923558733932685,0.02428372179706269,1A1-029
2016-08-19,0.006980074372207667,0.013922346845632401,0.011011023821445073,0.035285619742720674,0.017907720902018164,0.01032953370050839,1A1-052
2016-08-19,0.004988688758905794,0.011131199203975716,0.008200382289559324,0.04140810658369249,0.01775669638930424,0.008967460308734276,1A3-001
2016-08-19,0.002449256630640091,0.005656829601211564,0.00444704828938986,0.017597630139933592,0.0066194276497412476,0.0034360635988197265,1A1-059
2016-08-19,0.006891213761831606,0.011086913251399965,0.008382918752168093,0.03195468432528868,0.014962998661975323,0.009038418776946328,020059
2016-08-19,0.0077260054553745655,0.012371694301195668,0.009005193721122049,0.03691163342699452,0.0169447462932289,0.008756989065779678,1A1-106
2016-08-19,0.010766517341040468,0.018988381502890162,0.012267890173410397,0.08411140173410404,0.03203101156069364,0.015732572254335258,020138
2016-08-19,0.004699029990841095,0.009377081617303646,0.006273008212680523,0.033273501246459294,0.014736814720350325,0.007664404429024603,060182
2016-08-19,0.0012206421146152184,0.007791484766259411,0.0037817804222100167,0.021885843238754362,0.009628431948979431,0.005007320669673419,040826
2016-08-19,0.007598013634665668,0.013825967500933883,0.00998489960776989,0.061022120844228624,0.027875668192005973,0.014754957975345533,020058
2016-09-04,0.010283632702740764,0.013965082870056801,0.009262583607722691,0.03345746678826979,0.012015055526123426,0.005345010830276478,1A1-106
2016-09-04,0.009853732437220762,0.015715139250500706,0.010871617971036819,0.03685680307348636,0.012487173913880736,0.005585252214604831,1A1-052
2016-09-04,0.010493355137317873,0.017134495713982095,0.010425983481710624,0.05548646769546837,0.02070330696389354,0.0086534910383262,1A2-078
2016-09-04,0.014150841411038367,0.021242184149305822,0.016408359828205852,0.05699810474670804,0.024070054543149862,0.011816312167260687,040576
2016-09-04,0.011740559394844974,0.017110317052670906,0.011192115707881953,0.056825437990287636,0.020050541651101976,0.008940875513634663,020058
2016-09-04,0.008605671068857151,0.017106721926090935,0.008656810632881177,0.02906935210231116,0.008723032041847326,0.004215909045705873,1A1-102
2016-09-04,0.01580713472607667,0.019592014081611667,0.012975337136396339,0.042527447964847385,0.014879242213999383,0.006503701562339393,1A1-107
2016-09-04,0.01516667593051767,0.023715583966994497,0.016280265690001915,0.06854428616690077,0.028802199424194833,0.012503352412045053,1A1-029
2016-09-04,0.010396248927523903,0.014584588019527398,0.008911210152108703,0.042448213620612844,0.015332048894933925,0.006738116449289341,1A1-089
2016-09-04,0.009765166268958654,0.012275314976361066,0.008607215284840887,0.026470170069072648,0.006997650160387169,0.0031101412189424482,1A1-059
2016-09-04,0.009894664429080113,0.013799365305561322,0.009187301484049636,0.033554615173116774,0.012084672744586536,0.005366379720223436,1A1-106
2016-09-04,0.007800569015437068,0.013209419840325627,0.009042732430805419,0.0329861139578883,0.012464542014849393,0.005869164692834747,1A1-103
2016-09-04,0.010379941934574156,0.01420245806542583,0.010671364382402694,0.0432819305696559,0.017788527241962754,0.008437520304568517,040852
2016-09-04,0.009161490753404288,0.017629942171612054,0.011984444163643932,0.06966820672533745,0.02810661473508949,0.012670029285841704,040186
2016-09-04,0.009826577022708945,0.013572531061922192,0.00922601375876403,0.03356250065924177,0.01177481475305577,0.005076793641806789,1A1-109
2016-09-04,0.013384306824288015,0.02137650725416442,0.014126329034569228,0.05063321690847216,0.02126411337990328,0.009789392351782191,1A1-087
2016-09-04,0.011139572601416613,0.019172046657007953,0.012433742729126424,0.06767478828611294,0.02741957319167204,0.011936813774415106,070859
2016-09-04,0.010656102734529889,0.01640275164226968,0.012214553181951403,0.05329846738736871,0.020720859023431425,0.00919983124709046,1A1-017
2016-09-04,0.014735216024729186,0.020404998960498945,0.012691950076594816,0.048770054054054005,0.015969296203085678,0.006865810728744935,1A1-071
2016-09-04,0.011399524236037933,0.01860201475237092,0.01221003530031612,0.11031527976817701,0.041511433087460484,0.017331566912539516,060315A
2016-09-04,0.008775352842063534,0.013473392388126275,0.008716457951335542,0.0309165514891719,0.008866358095049305,0.00402300832548689,020059
2016-09-04,0.010413018967334035,0.018026143308746044,0.011746963119072704,0.10978710590094835,0.04128360326659642,0.017273280821917807,060315A
2016-09-04,0.011440475842505168,0.019887000310739582,0.015040907209157782,0.0779380363565286,0.03608474255728644,0.016370188769270905,1A1-110
2016-09-04,0.009465095198444186,0.012140163223279047,0.008544914204043769,0.026551199494808362,0.007047710082037754,0.0031293788629835344,1A1-059
2016-09-04,0.009908710996477096,0.016107217224458986,0.012740823477604427,0.06132202315047811,0.030532216280825367,0.016596916519879212,050707
2016-09-04,0.012304032517831109,0.02382789075082444,0.022084271799984647,0.11845929461615148,0.05955948922463377,0.02738889082751745,040887
2016-09-04,0.012808883083181368,0.019874519918642156,0.013664175901248417,0.07505641955393466,0.024874512905035766,0.01067503121054846,050669
2016-09-04,0.010347225307844652,0.015891499684261883,0.012989977754815005,0.03475884956514254,0.014309211300553976,0.0073765512069806785,050706
2016-09-04,0.01048859861459366,0.014722454556942667,0.009114900700351846,0.04277230055269936,0.015461620054139263,0.006774746962149076,1A1-089
2016-09-04,0.01178875131937725,0.01822858177940013,0.012287917802797076,0.05180180886621513,0.01734165658809042,0.00794487707801917,1A3-001
2016-09-04,0.010892617439591764,0.017269157608113025,0.011122661445938112,0.056339078761175804,0.02402559823974615,0.011060574923350698,1A2-066
2016-09-04,0.012553558136846969,0.021737254969949146,0.015971841192787793,0.06777809061488674,0.029953515661118816,0.013555912794729539,030172
2016-09-04,0.00686847626442151,0.012603434804498416,0.007956424559317712,0.0281872716822963,0.008703103489063314,0.004063557667811089,040874
2016-09-04,0.012530547396272712,0.02400630013804739,0.02230942422731803,0.11848114656031904,0.05956088331160365,0.02739610380397268,040887
2016-09-04,0.018252474884889073,0.02726981686898283,0.016405498116366678,0.03347873482628714,0.011064090623691916,0.004975978442863118,020138
2016-09-04,0.010920848214285706,0.016640235969387747,0.010614993622448972,0.05642737244897959,0.020908137755102037,0.009377206632653061,030171
2016-09-04,0.009129821145461745,0.014761567908574445,0.011248164057339138,0.036480113456202924,0.013738966838419872,0.006628480149293164,1A3-048
2016-09-04,0.014365574921335575,0.021186053916817056,0.016233082340396984,0.05666230184768181,0.023903778725561844,0.01175039943630046,040576
2016-09-04,0.009018475475212053,0.013907163151075937,0.009609103929229335,0.04171968526690827,0.01483745242818681,0.006318170762566045,040707
2016-09-04,0.01202533989820144,0.017910656679260607,0.01182267877102714,0.037525678895734986,0.013321759651002749,0.005669640333293294,1A1-105
2016-09-04,0.009888522966554037,0.014190233460653246,0.008795918784584491,0.02509748273835757,0.006935391141472011,0.0031455797953087446,040704
2016-09-04,0.010126149880768685,0.018209568312526292,0.012090095034366671,0.07427305723102819,0.024540871440594747,0.010595937368494875,050669
2016-09-04,0.014039871184479845,0.01815672421464804,0.010299489409984866,0.039739185280768884,0.013252752514016194,0.006029410207350715,020188
2016-09-04,0.009868406558616517,0.014622342993463922,0.01044130185474504,0.03412145128248316,0.012794340456447856,0.0059461826275316225,1A1-103
2016-09-04,0.010940133517772305,0.019491862121850022,0.014600985164691974,0.0774813618111106,0.035906597953128366,0.0163127162446623,1A1-110
2016-09-04,0.012175740193444385,0.0207062815690489,0.013583042718968293,0.05037588035106572,0.021171560093139887,0.009779851334408016,1A1-087
2016-09-04,0.009824583858764183,0.019623092995079472,0.012973359357614416,0.07688433851346342,0.03315434549860296,0.01444668020423805,050215
2016-09-04,0.011060633337469742,0.01415866736210213,0.009628821702239864,0.033555528828255875,0.01170014782527765,0.005050667404758947,1A1-109
2016-09-04,0.009917889963620042,0.015938064276970275,0.011759462533836784,0.052938242469697715,0.020659699865514913,0.009177356247521497,1A1-017
2016-09-04,0.014350244137399538,0.023831516294175927,0.01467718017174942,0.04085241164813386,0.014343226081691068,0.006657328801056919,1A2-076
2016-09-04,0.0056683234774314,0.01175790130735786,0.005982284399097217,0.025001030436741838,0.007349925005413193,0.0033493729432327395,040826
2016-09-04,0.010847089844706802,0.016203697276245526,0.011847406554646547,0.03988707637289962,0.014100672733062258,0.006834019007495221,1A2-028
2016-09-04,0.01141832032368618,0.017443699805086234,0.011315386548178805,0.0369410438278847,0.01315078628305913,0.0056305990365163126,1A1-105
2016-09-04,0.007991558301540032,0.0132278602449247,0.007839468207706823,0.0355068314459534,0.011381217071942838,0.005031519163932131,060182
2016-09-04,0.01031491206253159,0.014831464111057156,0.0089719721411057,0.027190683061308514,0.00796214004256423,0.003475561527942782,040826
2016-09-04,0.01324032614519153,0.02217924792392178,0.016477443744977227,0.09401425729975892,0.03721355612108226,0.016749983257433702,020197
2016-09-04,0.012848250282452279,0.020034044270678477,0.014332813670690364,0.0719162487363977,0.028721436046857347,0.01285287149907831,040186
2016-09-04,0.010982601967732212,0.016345062834552174,0.010816132011459588,0.0361136466657871,0.011398460942211999,0.005102355482886008,040850
2016-09-13,0.004534249626447512,0.008682296413896147,0.005297931920059765,0.045742485991781844,0.021057373459096005,0.009533481509152036,020058
2016-09-13,0.008862116930083045,0.01583576480042861,0.012162868336458611,0.08636841749263328,0.03735640436646129,0.017030721939458874,020197
2016-09-13,0.0039027096238663933,0.005897092645819911,0.0038900532732048135,0.016684757049407806,0.00804569044551266,0.0038418018732345495,020059
2016-09-13,0.010199126776074954,0.010123316432183407,0.005712387114537444,0.023884963024291137,0.010316958142023944,0.004788161801203694,1A1-109
2016-09-13,0.0037955732499529915,0.0065765547228978476,0.002190452258487138,0.022243261371287175,0.010314281890857485,0.005005886502453486,060182
2016-09-13,0.007690387073411148,0.008596782418739384,0.004049464270146651,0.023958846290546443,0.010886296883696914,0.005347452135542749,1A1-106
2016-09-13,0.00697645263872595,0.012202215504420178,0.006018951276177101,0.025513130790832585,0.011706932763988065,0.005516562173796566,1A1-105
2016-09-13,0.005427642053862088,0.0074205500887836555,0.004692191106836338,0.030594423276117198,0.017556782332050908,0.008887019088487717,040852
2016-09-13,0.011861561436503666,0.01868545271359484,0.01049281703385276,0.04628486252910623,0.022724997313272433,0.011168293480207772,1A1-087
2016-09-13,0.009078389720295534,0.012174491080179414,0.006599062523560015,0.02377351018263721,0.010552148131219847,0.005091516110336241,040850
2016-09-13,0.011798306111696523,0.016898730242360382,0.010506971022128548,0.10940433140147526,0.04656094889357217,0.019646272918861955,060315A
2016-09-13,0.0051419232783854515,0.00916988356955784,0.005042162802341694,0.02217345387844708,0.009939302938684322,0.004690213641965795,1A1-052
2016-09-13,0.003476388314715451,0.009135450017591694,0.005986950369425627,0.03491371635588001,0.01460142030961386,0.0068202990588442204,1A3-001
2016-09-13,0.009563189619087479,0.01790621598995396,0.00856958664713269,0.021031617831728744,0.009966627249895346,0.004665580786940138,020138
2016-09-13,0.006887833520600346,0.008702393155390653,0.0028610693482912855,0.013251691069899367,0.00603244043543482,0.0030358034096251217,040826
2016-09-13,0.00627770579572001,0.008265889614717527,0.004442587263677655,0.02183518144144071,0.010454590400905822,0.005386606741009348,1A1-103
2016-09-13,0.0074279209183673416,0.010082838010204077,0.0062702742346938765,0.04774669642857143,0.02041707270408163,0.00915174744897959,030171
2016-09-13,0.00827293498774003,0.014648496363335796,0.00974570859850676,0.048786824152133784,0.0233938088891644,0.010419574895996904,1A1-029
2016-09-13,0.008989030983741292,0.013929668601271001,0.00965136612136886,0.0631608202522002,0.031875522463463056,0.015014038130751193,1A1-110
2016-09-13,0.0035551865057810174,0.0069839047295724346,0.002493461162411728,0.016873630693722365,0.006718621595406221,0.0030135709435865554,1A2-077
2016-09-13,0.003515376656139264,0.008744848212910175,0.005482088661223213,0.02290515511862577,0.010194975196425813,0.004740622188414727,1A1-052
2016-09-13,0.0031017289227453053,0.0076805954538774306,0.006167780213589372,0.024440655219712927,0.011143615098221718,0.0053956341547053335,1A2-028
2016-09-13,0.0022725047334523157,0.006753530825638238,0.003086351090245978,0.017655327849771113,0.0069637360712345745,0.003055341196554665,1A2-077
2016-09-13,0.0005276991066935035,0.006544469363361851,0.006148400855561146,0.04297040261701058,0.02588962946653246,0.014687666394061397,050707
2016-09-13,0.01133438914027149,0.019955796265050996,0.019985715353938175,0.10628307960733183,0.06150717002837642,0.029284132026995913,040887
2016-09-13,0.005311769219570779,0.008291805857161924,0.0036830325188950503,0.016478756262965723,0.007549876014509453,0.003917114638052144,040874
2016-09-13,0.01047653968611308,0.014114072543470331,0.008131814015565696,0.05096578477090972,0.02585337685727151,0.012414982794108182,1A2-066
2016-09-13,0.009980404231107428,0.012377825867687358,0.00855515138192037,0.04189836725633197,0.018380102113829535,0.008486337609269116,1A1-017
2016-09-13,0.0034828071415140644,0.007056514266044736,0.0035132138178046515,0.023680016983386596,0.010776993864751585,0.00510773926862259,060182
2016-09-13,0.0030710387583686247,0.004325714309664578,0.0013732815940360541,0.012772589302679075,0.005192627750891342,0.002677175355701846,1A1-059
2016-09-13,0.0012286929159849543,0.008001347197106694,0.008310246419242806,0.027567075834553256,0.016920003157381094,0.009557232770745426,050706
2016-09-13,0.010309018435043917,0.015948972202958857,0.011874268088303283,0.055132194001386976,0.02965414326167361,0.014038767914932967,030172
2016-09-13,0.007556029510551836,0.009437666890584163,0.003909337608827221,0.032741291959588414,0.014388869477163741,0.006796525759379599,1A1-089
2016-09-13,0.004739213075301318,0.01118010272882771,0.0047891143243565725,0.01557369893392736,0.006312720871951945,0.0030545818250527035,1A1-102
2016-09-13,0.006956400958747465,0.010865492457560024,0.006795708945377776,0.035260006157093834,0.014636473194652118,0.006852398517899546,1A3-001
2016-09-13,0.007059862211401685,0.011335171572382098,0.006335327032498084,0.03587518007987744,0.01527699431009957,0.0067690585129664025,1A1-071
2016-09-13,0.008037100857997664,0.015746164849294055,0.009455785488217986,0.0698635286081646,0.033476266782879606,0.014776173627080072,050215
2016-09-13,0.01241669917585662,0.016946056391243764,0.009496010461189693,0.052732866791035976,0.02332875723191726,0.010381699175856608,1A2-078
2016-09-13,0.011031823540459338,0.016255229555698667,0.009514407893324759,0.05902942871324325,0.027497504909851915,0.012341874490233953,070859
2016-09-13,0.0069448929746119825,0.010927333359029706,0.006243569482988999,0.03445612023332305,0.015200171651762765,0.006835202487408773,1A1-107
2016-09-13,0.005340744844999296,0.012175418712301862,0.007028540468508902,0.06769149985972786,0.026198628839949487,0.011798816453920597,050669
2016-09-13,0.007671282815698136,0.01085995639405535,0.005268979042449049,0.030689754382842386,0.012838583474236893,0.005837536709086052,020188
2016-09-20,0.0059040191901175805,0.011222742271105821,0.0098550305522526,0.024587696855595184,0.011469313978068432,0.005689062128418542,1A3-048
2016-09-20,0.0072127403817565505,0.01418146146756258,0.011065302818576438,0.057754222958910625,0.025898413956115827,0.011869023309746088,040186
2016-09-20,0.00650864479804206,0.010637491711697476,0.008092291050926634,0.02412407068707262,0.010508981941677258,0.0050643956222139325,1A1-103
2016-09-20,0.0045560505880578965,0.01060148185407871,0.007059472679810005,0.02353813421196473,0.009733453756408323,0.004675790085004523,040850
2016-09-20,0.005181233410518638,0.01223502026114363,0.007777552153684519,0.04689730596470919,0.02258301655196072,0.010566741171930271,1A2-066
2016-09-20,0.005818121332626957,0.00963911575654343,0.006676454610076508,0.025362170632179656,0.010884280658400336,0.005029274522361334,1A1-106
2016-09-20,0.0063602250698513866,0.014986280073189417,0.010083250995227843,0.06351866806369456,0.0298130835991395,0.012879763617931405,050215
2016-09-20,0.0038314063355724096,0.0066647635686423404,0.005115717131808065,0.016104608448547577,0.005824452476221344,0.002748163105922588,1A1-059
2016-09-20,0.005854605445185661,0.010638325307775698,0.006510401056181121,0.033174657156824265,0.013816122940679592,0.0062175921664349865,1A1-089
2016-09-20,0.005228998604850825,0.014207809106031333,0.008998865233955784,0.05675927036381207,0.025856174581455255,0.011407119741360812,070859
2016-09-20,0.0056408763501192265,0.013801425164819742,0.009835272478608492,0.06495654018796464,0.02423282437929582,0.010687355870388549,050669
2016-09-20,0.007193039726972919,0.018156082713398258,0.019789140654958196,0.0993963279392591,0.057402811373571574,0.027205132870618886,040887
2016-09-20,0.01035794533744357,0.020567199988990426,0.012791899702741383,0.032330811681162606,0.013840387537157325,0.006276637124298135,1A2-076
2016-09-20,0.004483025330890825,0.009327220941658889,0.006207852060561216,0.018715452844265987,0.00758160899076781,0.0036456303303449,040874
2016-09-20,0.007745059803527989,0.014662572555316786,0.009197181500460477,0.04993847143835455,0.02141078630127281,0.009054879861619477,1A2-078
2016-09-20,0.007737946653034223,0.014576044135041405,0.012266139732563497,0.0579385558629538,0.028692851386299425,0.013243550740763003,1A1-110
2016-09-20,0.005871153364856623,0.010584204963746303,0.005905153056646328,0.01649450018726702,0.006687894948082181,0.0031566838474398062,040826
2016-09-20,0.00844373957303724,0.01520810220040092,0.01008959042705514,0.02869931646236131,0.012007288204483938,0.005304213947881348,1A1-105
2016-09-20,0.008184636503273328,0.013585894127384182,0.011473825476833139,0.03693290939051855,0.017085067256214868,0.008487954240422322,040576
2016-09-20,0.005873038461538461,0.013281468914646998,0.00982356269757639,0.09407182665964171,0.03714319863013699,0.01545830979978925,060315A
2016-09-20,0.0036245695713479913,0.007653788296672299,0.006665017653694291,0.030617212408347416,0.01612805087422446,0.007860802340665532,040852
2016-09-20,0.007169990485637361,0.01137922958966781,0.0090074936233527,0.03185268148140651,0.013741205641814606,0.006022128383165648,040707
2016-09-20,0.0073171524411145385,0.011121564198619061,0.007207645316096171,0.01691939939278193,0.006620924783311293,0.003108565692179615,040704
2016-09-20,0.008558990238223171,0.018086836378291237,0.012051879365932298,0.044543496328139004,0.021378541554719684,0.009907115797958084,1A1-087
2016-09-20,0.004691172132278133,0.010794301625890089,0.008735351557785468,0.03923494918015827,0.01664709477749614,0.007544740340350688,1A1-017
2016-09-20,0.005987601465067937,0.010097670510951165,0.0071034390899360825,0.024858640178072836,0.010418617666904498,0.004685437562046284,1A1-109
2016-09-29,0.0044670954783546405,0.009325292462640576,0.00665301968109689,0.021828539015560016,0.009362923316900322,0.004783563453242949,1A1-052
2016-09-29,0.008820961128132172,0.012474499069920106,0.007784676633110836,0.03631304363168838,0.015681135381332752,0.0071336421928000875,1A1-071
2016-09-29,0.009966727622117524,0.014591605297958497,0.010794805906824259,0.04240840647987431,0.01907670058820286,0.008847444967903679,1A1-029
2016-09-29,0.010996906643450302,0.017074340342887757,0.013815395124564695,0.08535566166622024,0.03690245178140906,0.01703898740959014,020197
2016-09-29,0.0007376759169671891,0.006444183525376017,0.004501442409182861,0.025922603571114426,0.010385251121470665,0.004955597567947925,1A3-001
2016-09-29,0.010161235481550002,0.014514521662041317,0.009696022201665117,0.04013602913968548,0.017548001464693177,0.008708612781375266,1A1-107
2016-09-29,0.01045442931793179,0.03670928286578657,0.033270300467546754,0.11909987279978,0.05798670448294829,0.03760633800880087,030171
2016-09-29,0.018659000627877766,0.02968667434072834,0.01783609669317705,0.029757107576391773,0.013836360401841765,0.007527689409794886,020138
2016-09-29,0.015277760757423249,0.02027777837191747,0.018601472068444883,0.05913821936336187,0.03452405856819325,0.021802294916960237,050707
2016-09-29,0.004295496679716534,0.007071328608949894,0.004877149140195251,0.01909880841468853,0.009328517270429652,0.004900281356856134,020059
2016-09-29,0.011227815698140074,0.014000504360594468,0.008307333807955857,0.0352528210376435,0.01501364332117113,0.007347978552994566,020188
2016-09-29,0.00886013192452097,0.01257926076777038,0.008772345163070839,0.032686132124682354,0.014984840977879128,0.007941004552154147,060182
2016-09-29,0.005892646455386765,0.010964550157150334,0.010603160686223152,0.027977132006285998,0.015243049807927362,0.009010267883126704,050706
2016-09-29,0.0120890937388122,0.02126402860097855,0.014813488404471137,0.03786306098094593,0.017712788495962445,0.011271793826325625,1A1-102
2016-09-29,0.004178449757190881,0.008618667351512883,0.0058477521479267805,0.04647426129996264,0.021246760833022033,0.010072166137467316,020058
2016-09-29,0.010490101773379704,0.015922346666340074,0.014182982780580998,0.03821954012149121,0.017127779723705473,0.010127044652917258,1A2-028
2016-10-06,0.0030264153692767786,0.014616202737940027,0.020370251361300697,0.08821471489378015,0.059107636321803804,0.03007023468057365,040887
2016-10-06,-1.1011064278189278e-05,0.009402948893572181,0.014182900948366701,0.08436517860906216,0.03714157007376186,0.016842611696522652,060315A
2016-10-06,0.0012336331166107766,0.0068346476063959475,0.003940022637850958,0.011086391193963782,0.005480728970987276,0.002674227094415729,040826
2016-10-06,0.0008203869555438313,0.0062652960965129964,0.005133996866662525,0.01845907029456474,0.009268173628777052,0.0044715003761556064,1A1-109
2016-10-06,0.0011895384358036741,0.008522057142453255,0.006850857584439081,0.01768546651179884,0.00878021613955066,0.004505296667671888,040850
2016-10-06,0.002417894948952172,0.013471028121081852,0.00950918099588035,0.03578907845244492,0.019372662099229807,0.009701149023822315,1A1-087
2016-10-06,-0.002658456119860071,0.0018064707558873752,0.0022944290887550152,0.010409076013456886,0.0045766271054308045,0.002289300290038108,1A1-059
2016-10-06,0.003551406327058398,0.01068896199955896,0.011517721396924646,0.043690149746396505,0.025020979892143268,0.012453584090134535,1A1-110
2016-10-06,-0.0044774254529441415,0.0027787408782083503,0.00401385002516356,0.03178962160291897,0.0198000644816306,0.011331002138902868,050707
2016-10-06,-0.000132409108554173,0.005547479892883339,0.0043090943457453545,0.020053304633431773,0.009778183930076961,0.004768050292053594,060182
2016-10-06,0.0025504729910118314,0.008629086499955503,0.005205743970810713,0.026850030479665388,0.012064486740233154,0.0056820565987363136,020188
2016-10-06,0.0028177472150558466,0.00885773342082109,0.009020271187198949,0.024330478398974002,0.012856001386879827,0.006795555348434916,040576
2016-10-06,0.0017781708283789081,0.007344117783062486,0.008062427665477602,0.016387419573259347,0.00936217053111375,0.0049890347139648515,1A3-048
2016-10-06,-0.0029244488217227875,0.005258872814948762,0.006990605571342452,0.022013075935015364,0.014350830319469562,0.00846969495393093,050706
2016-10-06,0.006999177480117204,0.018410079531184592,0.011429441188781907,0.018070639388865634,0.00896134261197153,0.004464683968187523,020138
2016-10-06,0.0018760586734693806,0.007129732142857138,0.006980312499999994,0.039661313775510194,0.018022684948979583,0.008456709183673463,030171
2016-10-06,0.002815254355365771,0.010477826216395017,0.011433687867123761,0.04434318491008611,0.025365752300475157,0.012684996361340009,1A1-110
2016-10-06,-0.0006116993968298555,0.009628750526020472,0.009573773670921581,0.05816317225417311,0.02367704586898583,0.01102338511712722,050669
2016-10-06,0.0029650175052885327,0.011159185034132994,0.008364921041449196,0.02093652242893963,0.0105137574709246,0.005017305063139124,1A1-105
2016-10-06,0.0015930080039709585,0.0065292597102438316,0.0052730015860582,0.018079408155984363,0.009053455609759876,0.004356940148600853,1A1-109
2016-10-06,0.0022364540936509786,0.010902064492439011,0.00823651878008,0.021363985570838698,0.010741985903392983,0.0051557035832725225,1A1-105
2016-10-06,-0.001987779927874048,0.006371722996745529,0.005618103505145568,0.027592173344181542,0.01326093983639721,0.006725269372856004,1A3-001
2016-10-06,0.0020140963958669936,0.006901679031389247,0.004980265168209189,0.011220675162822581,0.005321212110082757,0.002603254370500952,040704
2016-10-06,0.0006868853298570675,0.00674335936097051,0.00465349525782658,0.025832514183288694,0.01230368238412271,0.005877034828038015,1A1-089
2016-10-06,0.00021378664609341796,0.010134169589002658,0.010113408612708647,0.06024394129611444,0.024579041240005588,0.011327856291204938,050669
2016-10-06,0.0012700474453288927,0.006028020657997971,0.005140796695927403,0.018494045309450844,0.009711158604872615,0.004811489179782583,1A1-106
2016-10-06,0.0008782473913168089,0.00608253725077759,0.005540089334857442,0.016377157205412336,0.008355342975547145,0.004264388134791515,1A1-103
2016-10-06,0.003127941176470582,0.012368328079024788,0.01077481585193976,0.05624784295180869,0.028811009383576874,0.013088989503746012,050215
2016-10-06,-0.001009964946418505,0.004343717061477719,0.005893917653694296,0.023362617174280866,0.014666102171460785,0.007766104314720803,040852
2016-10-06,0.0018300551191824082,0.006485765032178579,0.0058109628370145985,0.01632856858364263,0.00827486313192481,0.00418647378058393,1A1-103
2016-10-06,0.0021672701785083793,0.007219064172113988,0.004194889541722502,0.011033853140721401,0.005413861962753367,0.0026219390767736215,040826
2016-10-06,0.0005467318229715451,0.00956546259220232,0.01428779504741833,0.08459590621707061,0.037343406743940995,0.01684350421496312,060315A
2016-10-06,0.005524957337883953,0.017572318892436413,0.012205671033799406,0.026029490807002096,0.012881021138390403,0.006181975118352964,1A2-076
2016-10-06,0.0023797930618805227,0.01197975354942405,0.011256628047147063,0.07487383002946695,0.03252204728100723,0.015189164880792926,020197
2016-10-06,-0.0005198588482208993,0.005725336805007947,0.004192118307877083,0.013099887721554309,0.006383745101845225,0.0033090009584005645,040874
2016-10-06,0.0020585648030779762,0.008552675634161986,0.008833607304233718,0.024348292273737256,0.01287675813114216,0.00684606312540078,040576
2016-10-06,0.00043669577652746854,0.005648627472018991,0.004868043257398449,0.018576358311147467,0.009769135639992205,0.0048667687551552765,1A1-106
2016-10-06,0.0017223999562432848,0.01009911611440391,0.0056446718246549185,0.013377206034448466,0.0068368158041290416,0.003679924320776478,1A1-102
2016-10-06,0.002450613115428098,0.00871204003494706,0.006125170238462323,0.028877125218419154,0.013067627068557915,0.006208270891150166,1A1-107
2016-10-06,9.964081277263006e-05,0.006759923274539206,0.007151052087104946,0.029090932731598802,0.01358451869859824,0.006580410136381657,1A1-017
2016-10-06,0.0014393789431633433,0.008713161900432538,0.008050248023252608,0.032656108838196,0.016054692880954336,0.007430294135879,1A1-029
2016-10-06,-0.0018664260905768442,0.0020946021895362713,0.002448455491164733,0.010209769171016304,0.004478849361804385,0.0022245006622257472,1A1-059
2016-10-06,0.0014711843129169338,0.006996409183720979,0.004773966083150982,0.02539548946479287,0.012062043507612094,0.005732722975264878,1A1-089
2016-10-06,0.0016635753414377854,0.009322307947942797,0.006788470766064191,0.0406219894513411,0.021124594991531048,0.010318517720460536,1A2-066
2016-10-06,-0.0012461028792308862,0.00281331768174835,0.003128021581842506,0.013958092323702855,0.006885177907725852,0.003447852346498833,020059
2016-10-06,0.003296456654128597,0.013955122693892178,0.009915085527494177,0.03763272120723624,0.02007601289629231,0.010116451728461399,1A1-087
2016-10-06,0.005538345721591242,0.01225104224891479,0.012717238954629234,0.04746978712017603,0.023941098144734496,0.01153656062317892,040186
2016-10-06,0.002933551942476922,0.012585918544752103,0.009475480843528655,0.05069432125992709,0.025761740207126002,0.012075558327967383,070859
2016-10-06,0.0019512968322573552,0.008765928930955237,0.006462346400043766,0.03061191839916838,0.013936127831272552,0.006496967994310101,1A1-071
2016-10-06,-0.0006968009899140865,0.005326366735151284,0.006406797254389239,0.04055162215166232,0.019483129435935755,0.009147788102353374,020058
2016-10-06,-0.0006434240435016923,0.005659963136236708,0.006286142164307055,0.019243310145495518,0.00972812154019497,0.005187171410375738,1A2-028
2016-10-06,0.0020353509686430885,0.007546932377173628,0.008648282353893803,0.02286587699143707,0.012267011022490334,0.005904220581388284,040707
2016-10-06,0.00362680573594351,0.011697098200580918,0.00876507816374241,0.044930769948284405,0.021492722624979324,0.009651657850615147,1A2-078
2016-10-06,-0.0008509291711600704,0.005257465432907097,0.004961066611462022,0.01603460464489292,0.007507611307964864,0.0037799204282853113,1A1-052
2016-10-06,0.00222241314517984,0.014355175243500261,0.020249311680343576,0.08826214970473192,0.059260256154613056,0.03031840957895542,040887
2016-10-06,0.004073046983356445,0.011447156726768378,0.011321935101710586,0.04259738759824318,0.028033915857605188,0.013960921174294965,030172
2016-10-06,0.0008686014845083496,0.006999195417162359,0.007281556535457503,0.028611335367851144,0.013325251814686452,0.006415951611234667,1A1-017
2016-10-06,0.0049836312957126675,0.01212217963965035,0.012721899417256344,0.04788178509841233,0.02417358981982518,0.011715811827317589,040186
2016-11-07,0.0020922509574351654,0.008274595196410986,0.006299441924718235,0.02515440152095415,0.013385124904256473,0.0069697239577634264,1A1-071
2016-11-07,0.001773903573680964,0.005197198998093642,0.004749136839408305,0.009059340038986938,0.006148320319778703,0.003451509703728127,1A1-103
2016-11-07,0.0008448476126155038,0.007279812236015523,0.005524574515983787,0.03213786416457623,0.020822175178491036,0.011624176046825764,1A2-066
2016-11-07,0.0042454273578363365,0.007915367834026809,0.009646084720295885,0.031069233125288958,0.026227961742949616,0.015317635517799353,030172
2016-11-07,0.003709900695724558,0.0076240842599750195,0.007471549771064988,0.024856870874710116,0.01682026609977998,0.009928035470060055,040186
2016-11-07,-0.0006903128646064765,0.0038129478872532597,0.0039733572158040156,0.008863066559046544,0.0061915438656527984,0.003499057226195749,1A1-103
2016-11-07,-0.0018723352126760809,0.003341735245435257,0.0038184569130502197,0.016905159226883217,0.009357466335626462,0.005066912532974704,1A1-017
2016-11-07,0.001540720253315094,0.006389025688291605,0.006800297615508114,0.02474438856514241,0.01691042234048878,0.010024909317952066,040186
2016-11-07,-0.0032073888424663595,0.0035613603878969064,0.003247312758378042,0.01858551334769987,0.011480941925411202,0.006804661139941937,1A3-001
2016-11-07,-0.000361806981758396,0.00408610025516535,0.003667881255041257,0.0102718299970528,0.0073878383073773,0.0042574040803189115,1A1-109
2016-11-07,0.0007299964528748905,0.005483674924924918,0.004906393882414521,0.01963423454417718,0.012759079228310882,0.007351419814309721,1A1-029
2016-11-07,-0.0010128284465660243,0.00354893744654782,0.0025333586618304415,0.014188399998180376,0.008499781627008434,0.004637638005179937,060182
2016-11-07,0.001692890456367557,0.007091787182649805,0.00492213215643951,0.02662133094357075,0.012983484813444328,0.006340745194778493,1A1-107
2016-11-07,5.494443406798243e-05,0.004960669125887189,0.005527983750466936,0.038088903156518486,0.01928365427717594,0.010648967594322004,020058
2016-11-07,0.0023878933434190596,0.007381990744860724,0.00411938017264394,0.02380886379816676,0.011707997463735867,0.005893373676248105,020188
2016-11-07,0.0023527742346938726,0.007352353316326529,0.008573144132653056,0.03352991071428571,0.020052436224489798,0.011236900510204085,030171
2016-11-07,-0.008234279063915457,-0.0030061962128837493,-0.0017331240563663874,0.009965627830900856,0.005947209360845494,0.003423167463512828,050707
2016-11-07,0.002058117515666684,0.005414783264565368,0.004397441947943159,0.010215258093162496,0.0072256449129800785,0.0041529556524167,1A1-109
2016-11-07,-0.0019161177100958861,0.0024441417653694305,0.003648545910885501,0.014750243485617574,0.012232661449520588,0.0073265296108290965,040852
2016-11-07,0.005596098331321136,0.013680812564677474,0.013237111827354259,0.07138970248361508,0.04564375711452226,0.024045982558640915,050215
2016-11-07,-0.0025450704242439047,0.0027203850586565406,0.001808110950029718,0.007388187531087363,0.004815352667143843,0.00267812669084909,040874
2016-11-07,0.00209441768619875,0.009478081804035204,0.007804795932603561,0.0326079428257137,0.023117964343206704,0.013217152446877016,070859
2016-11-07,-0.0017971726338520274,0.003335446266071307,0.0021434896525221515,0.00538652799154178,0.004565964956684765,0.0027433693676031964,040826
2016-11-07,0.0017174851618772043,0.005926840859268975,0.005427546303890717,0.011745977340173281,0.008852905326811515,0.005273091996361301,040576
2016-11-07,-0.0026846504390694846,0.0020134174048682773,0.0022657158180557652,0.01117055813819135,0.006158929498536424,0.0031731024880603835,1A1-052
2016-11-07,-0.0030361586477766923,0.0056911393603590885,0.005330900547061293,0.05308215668396688,0.022934788890447467,0.011686235797447042,050669
2016-11-07,0.0018932360732032774,0.005287953111273534,0.004523497223693829,0.011267673284423846,0.007837563958985766,0.0045299842575392745,1A1-106
2016-11-07,0.0005667247558959059,0.008159116745032472,0.005678850355186465,0.01185873871855746,0.008432296333588912,0.005048001833667427,1A1-105
2016-11-07,0.004086210757639174,0.012329605483465886,0.007831146923398908,0.0148442967768941,0.008391640853913768,0.004495296149016323,020138
2016-11-07,-0.0006780754768546505,0.005035009353324788,0.003399794698054882,0.010125890874736122,0.007235309460758444,0.004295722679810003,040850
2016-11-07,0.0012096878918144355,0.011483230789897905,0.007698500806018265,0.034519256224252184,0.020578928443489162,0.011905271807272072,1A1-087
2016-11-07,0.0007025332008809317,0.004712061653762811,0.0028967931109147413,0.005569941147439624,0.004565134222656581,0.0027458147383041,040826
2016-11-07,0.0024044156764306958,0.005555967226057209,0.005477282232433852,0.01324387755825017,0.011361855250106278,0.007026418652199436,040707
2016-11-07,-0.00016457377866401163,0.010461948002147397,0.018620655341667302,0.06131275078610321,0.04818624511082137,0.026507290052918166,040887
2016-11-07,0.0006209108777737522,0.004664897325815956,0.004529846764599388,0.016811387825652148,0.009180955490611908,0.004966520629666023,1A1-017
2016-11-07,-0.0007448542657738981,0.004569502997449935,0.004684958132633432,0.011565957879117772,0.008859380377887464,0.005296667760263657,040576
2016-11-07,0.0008806844046364545,0.007194574288724971,0.006658193888303474,0.05118943940990516,0.028891940990516334,0.016533997365648048,060315A
2016-11-07,0.003297021985028446,0.009624181228894604,0.007235819833754454,0.03940064119063923,0.02390655270739368,0.012954819113514527,1A2-078
2016-11-07,-0.0012632404075741805,0.0038233395908295743,0.002492620749170284,0.015227486415302652,0.009553727012430749,0.0053424743935937356,1A1-089
2016-11-07,-0.006260799750279867,0.001324241582709029,0.003001732899911016,0.015136839030971048,0.008907262191796552,0.004816216668101833,050706
2016-11-07,0.0007567757269581102,0.008372579060424044,0.003304222622220452,0.007694880564063804,0.005317380365169652,0.0033760602052587602,1A1-102
2016-11-07,-0.0016551807165437367,0.005808412012644891,0.005919501580611165,0.050677203371970486,0.028817879346680734,0.016454337197049525,060315A
2016-11-07,0.0012084217973701843,0.005137046816491855,0.0031718533551043176,0.015109064468284633,0.009325421940367003,0.005208471131271072,1A1-089
2016-11-07,-0.0007272698770391439,0.005941696345466128,0.005795585166315577,0.012818541983050016,0.00711431746925978,0.004086183926909319,1A2-028
2016-11-07,0.0025432165818376636,0.01007964572729708,0.013055995847843557,0.060221390972408265,0.03146857554245915,0.017053986070184834,020197
2016-11-07,0.0010627329043122608,0.006966255999278267,0.008095980433431585,0.0253028614803232,0.018719040837192585,0.010757625719211706,1A1-110
2016-11-07,-0.000780167098089449,0.0037616987774864294,0.003620830779444599,0.010999900565990914,0.00784661788571543,0.00456598198418712,1A1-106
2016-11-07,0.005770347076956948,0.013118487559176483,0.009316969063084879,0.019157245953979957,0.014073621325553237,0.008113714631729602,1A2-076
2016-11-07,0.002361823951223249,0.011852453792468746,0.019353038193112963,0.06175295536467519,0.048392443438914017,0.026550850525347017,040887
2016-11-07,0.003442063050059141,0.008243672871434016,0.008761322978689283,0.024953985986648167,0.01833796143822298,0.010517908261662752,1A1-110
2016-11-07,-0.00038009608640763285,0.007275214967036046,0.006291795833917795,0.05495636134100155,0.023956007504558837,0.01220210092579604,050669
2016-11-07,-0.002161349459601437,0.0011407790233706997,0.00143071774653239,0.005267273418202547,0.003196092127616771,0.0017066780996076846,1A1-059
2016-11-07,-0.0017584418207046955,0.0017992069725952737,0.002412222979334948,0.012559340031716135,0.006570783363893158,0.003495017592546704,020059
2016-11-07,-0.004703300776229165,-0.00024986140760693436,0.0006763847643370449,0.005127608512814205,0.003206866400844963,0.0017152697941232337,1A1-059
2016-11-07,0.002996433701606422,0.009515777230192236,0.006429028294827851,0.011913177810314732,0.008320225444098547,0.004969514563106794,1A1-105
2016-11-07,0.0011145357709076466,0.005469637997093402,0.006537543764037518,0.009126233320121545,0.008320560344827579,0.005371017307438231,1A3-048
2016-11-07,0.0013918686646099579,0.0041334399637627875,0.003486653322560106,0.007371446794965965,0.006351864869497085,0.00394394299985309,040704
2016-11-07,0.0038344429518180176,0.013180330019702669,0.008742274314884467,0.036939251298584996,0.021932452534479664,0.01250286360379724,1A1-087
2016-12-25,0.7954077582460441,0.7838863019267179,0.8132978320704255,0.7603658636313096,0.08335958110962867,0.10202544307315987,050706
2016-12-25,0.6483941184137031,0.6781708429528951,0.7089750158257306,0.7340013572891455,0.11377166682182087,0.11097392198845647,020188
2016-12-25,0.6584595173867617,0.6738203318556654,0.6978815241604979,0.6797776762671202,0.10181514435722601,0.10772350254372158,1A1-089
2016-12-25,0.46415268633930057,0.41718691741071445,0.4074885803571429,0.37350305424244873,0.02963128395160645,0.04078935441871647,1A1-029
2016-12-25,0.6192871945714883,0.6380927152273335,0.6597002107434311,0.6432526928078195,0.10155529653543782,0.10586567923654076,1A1-017
2016-12-25,0.55226447935696,0.5533155128790648,0.5683767916514432,0.5450487888198758,0.06828929667519179,0.07772650895140665,040186
2016-12-25,0.19654507376185462,0.19960285353003163,0.19264378292939938,0.26183240358271853,0.052065266596417276,0.04616450842992623,060315A
2016-12-25,-0.01060377073170732,-0.008658165853658537,-0.0232175243902439,0.013717001219512187,0.000682282926829265,0.007203203658536579,050707
2016-12-25,0.7440086512010982,0.7685084974605357,0.8036159064516128,0.7676795753603293,0.11313626691832529,0.11934508819492103,040576
2016-12-25,0.696725279627382,0.7108002680393347,0.7415063800632978,0.6955967032895503,0.09242802288158175,0.09847710812231344,1A1-106
2016-12-25,0.5774807292857771,0.5950739008487994,0.6185968200809218,0.632014791868238,0.09625774430468821,0.09714870052335291,1A3-001
2016-12-25,0.6397800916539977,0.6480239618686794,0.6639776056144128,0.6196501255661714,0.08210271875193902,0.08535133455745483,1A1-109
2016-12-25,0.5459157397435896,0.5529488798534798,0.5676373289377289,0.5589383073260072,0.0729787741758242,0.0699930357142857,020138
2016-12-25,0.7454202548730873,0.7771880705479991,0.8097016376535425,0.7733047898341368,0.11486255982385342,0.11930688236970637,1A1-059
2016-12-25,0.6637492879378225,0.6826560002390667,0.712448423386439,0.6779880793516313,0.09953011344953148,0.10636118157472696,1A1-105
2016-12-25,0.4270114279801324,0.4161185140728477,0.4239959437086091,0.4588183650662251,0.06938558360927151,0.06860711506622515,1A1-087
2016-12-25,0.6505882131018462,0.6592443988052793,0.6886080782577667,0.6577263058989621,0.0847560496712806,0.09195877283718729,1A1-110
2016-12-25,0.7038161379483437,0.732622826663321,0.7654916812539926,0.7530182693027287,0.11373339084603451,0.11464746353928998,1A1-052
2016-12-25,0.8152580625494569,0.8492702073591829,0.9004949347169267,0.8920051875764333,0.11725330192072508,0.12155428925976547,020059
2016-12-25,0.7971603067993365,0.8226103482587064,0.8661747263681592,0.8280284411276947,0.10128927031509118,0.10904600331674957,020058
2016-12-25,1.0865722222222223,1.1064730555555555,1.1776461111111112,1.1159422222222224,0.11893583333333337,0.1354236111111111,1A1-071
2016-12-25,0.5727524109271988,0.610590790784121,0.6372402156683966,0.6842948257118808,0.10606326167765465,0.10074342158788047,050669
2016-12-25,0.8993770354955034,0.9185966200600899,0.9673285994719238,0.8996750111264173,0.10135524363321677,0.1127163902723324,040826
2016-12-25,0.7838642367481496,0.8037632303785168,0.8380125435253228,0.7899183642326896,0.11344991485939171,0.12151989347875027,1A1-103
2016-12-25,0.6909785192034487,0.7277795505315243,0.770470659383726,0.7695264163768188,0.1138481559545387,0.11763861326115711,1A2-028
2016-12-25,0.43087143079800494,0.4298191614713216,0.43256069201995007,0.4403644856608478,0.058138968204488765,0.055909307980049866,030171
2017-02-20,0.7860288438613742,0.816914669411331,0.8463162182008112,0.7636695087255748,0.01558143910532137,0.017238438306501166,040887
2017-02-20,0.7946235795896952,0.8141073002640574,0.8451568505760749,0.7574102824232364,0.011051733922385098,0.013849639290429601,1A1-109
2017-02-20,0.7460118820476107,0.7597672317113716,0.7856595339947327,0.7200413781993916,0.016393500409113002,0.019057262394845172,1A1-089
2017-02-20,0.7308718342430656,0.7608120965208212,0.7885989082860373,0.7315777912709213,0.020566742558058727,0.020575752084901845,070859
2017-02-20,0.5830802222222221,0.5803777666666667,0.5620421111111108,0.3081305777777779,-0.0006384444444444476,0.009223544444444447,040826
2017-02-20,0.6156353316680917,0.6503096740756574,0.6730755423167345,0.6705814248503952,0.040121790847403284,0.027306304498824544,1A2-078
2017-02-20,0.6765369381036133,0.6899375122142698,0.6973601272394921,0.559281026250553,0.014408553487664195,0.017495466578558935,1A1-103
2017-02-20,0.6651387583222372,0.6916722784204397,0.7140514126997339,0.6561828807423435,0.019033044066245005,0.017456957182090543,1A2-066
2017-02-20,0.8136682548179873,0.8401704523554604,0.8735666849571733,0.8062811335653106,0.020054087259100642,0.02246548982869379,1A3-001
2017-02-20,0.4657362755102041,0.5041335714285714,0.5073625765306122,0.3471579591836734,0.02178553571428571,0.015450994897959189,1A1-059
2017-02-20,0.6292724833098432,0.6649484965259748,0.6928252260588976,0.6838554077961574,0.029807095789135315,0.023554374490022983,050215
2017-02-20,0.8369237083333334,0.8623543333333334,0.8949963750000004,0.808179791666667,0.016023499999999996,0.020169125000000003,040874
2017-02-20,0.6839343242555362,0.6973189030287607,0.7234094636039707,0.6420454683125482,0.0067832438279460385,0.01500584308984473,1A1-106
2017-02-20,0.8437055357142859,0.8640748146420091,0.8978169087207329,0.799079955039023,0.012285517475398713,0.017331384882931792,040852
2017-02-20,0.7049364302788845,0.7214439462151393,0.7433894282868525,0.6834463306772909,0.01708228286852589,0.018830581673306774,1A1-052
2017-02-20,0.696239144219145,0.715588378304404,0.7414537205483199,0.689515600266861,0.01645642211983668,0.016935583730584118,1A1-017
2017-02-20,0.6295658656667313,0.6445277146343472,0.6323502153427112,0.4267836308234386,0.00976803440364876,0.010921469467218723,1A2-077
2017-02-20,0.6383483460512918,0.6535841640650124,0.6674849928984885,0.5695961090416979,0.013186924007128302,0.016344204932200658,1A1-110
2017-04-09,0.5510173830152165,0.5786232661183919,0.5777617328920749,0.5103145819773066,0.02717689286656697,0.019548256442958913,1A3-001
2017-04-09,0.46890928023465717,0.476994230595668,0.47781427910649826,0.41715882220216605,0.030493421705776173,0.023731412454873646,020138
2017-04-09,0.468738125,0.477936875,0.47801937499999997,0.413586875,0.039889375,0.032918125,1A1-029
2017-04-09,0.7618228933092226,0.803775517164672,0.8301938962800314,0.7663758029076615,0.03660059652975116,0.03118249662734294,050706
2017-04-09,0.6555677960403439,0.6789833680425851,0.6983083073403065,0.6594286029137096,0.02886616641763168,0.020669738513261107,020058
2017-04-09,0.6386030383458646,0.6635796548872178,0.6802956981954884,0.6299348712781956,0.035448371879699236,0.028072929774436085,1A1-071
2017-04-09,0.5471911217116544,0.5740143897271346,0.5901900936902954,0.5477354460392885,0.023602120095037482,0.016978043281242344,1A2-028
2017-04-09,0.6828299379305218,0.7105638398830467,0.7309317007780366,0.6724172869071807,0.02228356434907578,0.01708420412309827,020059
2017-04-09,0.3849994416834424,0.43091340085556123,0.4444712087946654,0.44846700931051836,0.02042766859587317,0.017144093168092605,050707
2017-04-09,0.20460159469096667,0.21925972117670364,0.21584269364104594,0.15135627228605392,0.025312424722662437,0.020823251287638664,030172
2017-04-09,0.5452314373085646,0.5728212534309239,0.5841712119614938,0.5185134649349615,0.026176932753888386,0.021026511694975943,1A1-102
2017-04-09,0.525818465829183,0.5495975862439814,0.5471152991239105,0.411166030398418,0.018283531846158947,0.014471121564718149,1A2-077
2017-04-09,0.4136569438238112,0.4224392834344082,0.42174428157250793,0.3643379832960955,0.03550682546015535,0.026655362804553683,1A1-107
2017-04-09,0.5260453387767678,0.5465491712178401,0.5378071533854569,0.4097667680634729,0.017925903905407485,0.013670522300107816,1A1-052
2017-04-09,0.5441689612944303,0.5660349161262781,0.5782618425352757,0.5240798650623075,0.0326509438645949,0.024579000489478076,060182
2017-06-12,0.01655817041737168,0.020951248110547084,0.014290694134235749,0.06160632834179357,0.032709980710659864,0.018386755696559502,040852
2017-06-12,0.014319384906719027,0.02188052321503716,0.013897391639781173,0.08147531070276336,0.037465558984429756,0.018889607939402437,050669
2017-06-12,0.016255028868632962,0.02286751676624081,0.013419353968403899,0.06805391509433956,0.02952731385930528,0.013629417550239683,1A2-078
2017-06-12,0.01168116534381721,0.020003461723907708,0.012592233142941903,0.07817537929926059,0.037913087122617005,0.018446295217961074,050215
2017-06-12,0.014929645444301363,0.022178505553766898,0.01358029115690062,0.07718689691993992,0.03523561150461478,0.016925076491736423,070859
2017-06-12,0.02377007366523,0.03187194762072302,0.024824930512797945,0.08588821609200452,0.04665225789427388,0.027572304842114523,1A3-001
2017-06-12,0.017681637587238275,0.03086205077076462,0.027399731382774732,0.12018823663624507,0.075572425607792,0.03965244823222638,040887
2017-06-12,0.02140646160258036,0.03386366228149651,0.02633011486910931,0.09143152340871477,0.05102016228451658,0.03481470552616005,1A1-059
2017-06-12,0.02086216960399648,0.027725326697540787,0.020654384554362026,0.0719977164940717,0.03917189023605842,0.02261682125168843,1A2-066
2017-06-12,0.015886673045894046,0.01935229724975435,0.013051875068240551,0.03883405837144699,0.020214853570951992,0.012127736749202348,040874
2017-06-12,0.020372870787469848,0.026764450580518725,0.018015709344843187,0.06739311753147621,0.03463566886874249,0.021094907503392636,040850
2017-06-12,0.02652313251726547,0.03395119449833163,0.026218688717312005,0.0699710815938543,0.037783376154264005,0.02544012268177231,1A2-077
2017-07-05,0.01986499541190864,0.0249753443192632,0.022567978860793907,0.0512134453592306,0.03219120823987221,0.021893991936854252,040852
2017-07-05,0.007794645793043571,0.015244950581018357,0.010762193971617207,0.07182464518693507,0.03267402034550997,0.01531553692750944,1A1-110
2017-07-05,0.02338305931498563,0.03126519708654669,0.02593790690054941,0.0921978317329502,0.050194209196532065,0.030315159345229093,050215
2017-07-05,0.007405532594773299,0.012022625453496852,0.00936482428463173,0.035047795334598515,0.017285188322748953,0.009873395124028453,1A1-106
2017-07-05,0.012656036189106056,0.0177829172040877,0.0172583640490128,0.04033874925587856,0.023662775448953264,0.01618950652346463,1A2-028
2017-07-05,0.004623993601603448,0.01084680491314626,0.006359910962072149,0.03470322026929795,0.015300097646212353,0.007287485481550003,1A1-107
2017-07-05,0.00650086647132691,0.013344198409376304,0.008399146086228548,0.02581268627040601,0.01247695479280033,0.0066113740058601905,020138
2017-07-05,0.0029222797454836664,0.008288230399572835,0.003551620316810536,0.02917151308178339,0.013145968229954615,0.006459645590460082,020188
2017-07-05,0.007648240923027804,0.012979617433639509,0.008877985291281181,0.04753121055116959,0.02155214841074007,0.011054217424993176,1A1-089
2017-07-05,0.005036397669434768,0.014524428073935173,0.010006936110366993,0.09092935842485937,0.03372202852933298,0.015691988347173856,020197
2017-07-05,0.0070988260117485855,0.019529305532981975,0.015699441593721702,0.08876419599944284,0.05103343744920941,0.027158286586640046,040707
2017-07-05,0.006930901707112044,0.01129983531634228,0.007267660295788561,0.03706777809852846,0.01589252762048165,0.007590777230192231,1A1-105
2017-07-05,0.0064318330218092615,0.01112939250868648,0.00808310995377551,0.03492383661273807,0.016863890922628272,0.00924801188186387,1A1-109
2017-07-05,0.005417590585448684,0.010528578455788518,0.008249804280677137,0.031773441155918784,0.016212330935470833,0.009262210156664313,1A1-103
2017-07-05,0.004135415802973589,0.009177930007307215,0.006593306067972025,0.03315160136152824,0.014676697250100672,0.007300985803122712,040576
2017-07-05,0.008238773199050045,0.013967395219456414,0.010945318409710615,0.04885783457208196,0.022862209627056016,0.012396667253056552,1A3-001
2017-07-05,0.007012729446454229,0.011021633629020273,0.009453775211853905,0.024995754745031955,0.012477699960354824,0.0080774723722682,020059
2017-07-05,0.007022982167616691,0.011618139597134486,0.009299388826837155,0.029593485999845928,0.01473252730704052,0.00849238308812201,1A1-052
2017-07-05,0.00696808547200557,0.01179536940296005,0.00918112556079372,0.035079673197245156,0.01732325077622568,0.009892163188460213,1A1-106
2017-07-05,0.006812225506000355,0.01374145710191653,0.009315070302704636,0.05376209430413756,0.024634043077198624,0.012324475640336736,1A1-087
2017-07-05,0.007416147959183667,0.012354164540816321,0.009006409438775507,0.04848867984693879,0.022931792091836732,0.011737480867346934,030171
2017-07-05,0.0033587504669406014,0.008696092641016062,0.0052605958162121776,0.04340664503175197,0.018430753642136727,0.008948328352633542,020058
2017-07-05,0.006460864215880559,0.01248164024309684,0.010051992172017434,0.033665964955740514,0.01479477391333068,0.007512058891531243,1A3-048
2017-07-05,0.005483581089582279,0.015362911109713131,0.013003000754906895,0.07654428346753901,0.04399366004026172,0.02585733392048314,050707
2017-07-05,0.006424582720076375,0.014224026413142927,0.0079705325390827,0.02393519650741876,0.010098985938183699,0.005297211802378771,1A1-102
2017-07-05,0.0039202339424444675,0.009105990398293023,0.005646405843090046,0.03848188488893753,0.016241850722179665,0.007587953386584957,1A1-071
2017-07-05,0.008198240252897782,0.016929365648050577,0.010137653846153845,0.11260536037934668,0.047553974183350896,0.021048378819810323,060315A
2017-07-05,0.0070459724903697805,0.011372580136347253,0.007333332540437676,0.03684028839847396,0.015843760357680627,0.007565809954458532,1A1-105
2017-07-05,0.011592315102548165,0.02672410037290242,0.01753886109384711,0.1710330251709136,0.08182288844002485,0.04023962399005592,040874
2017-07-05,0.007229862976894142,0.013975145531076483,0.009505102543435427,0.05398244895217626,0.02471997626723984,0.012349877306107824,1A1-087
2017-07-05,0.004535726496997083,0.011095893441160725,0.007905981744663133,0.07045027487066659,0.02985584824879586,0.013740176161027528,040186
2017-07-05,0.010181403996476936,0.0204315105141473,0.011594394748431132,0.03212447539359242,0.013649431630518549,0.006476185456347018,1A2-076
2017-07-05,0.004723160839332056,0.009704356055041373,0.006219635669164093,0.0201498945938005,0.009451288991724205,0.00570955988932961,040704
2017-07-05,0.015991904544255125,0.021864186260743382,0.018217688904176715,0.041645986222104976,0.02365420659303377,0.01599230753826145,040850
2017-07-05,0.008103030558482608,0.016862815068493152,0.010054649631190727,0.11238791622760799,0.04758120179135933,0.02105840516332982,060315A
2017-07-05,0.008369420765875267,0.015478667908067371,0.012073560621734845,0.05811114519215845,0.027076370799496537,0.013786184891118804,1A1-017
2017-07-05,0.00801403877653062,0.015219485896308544,0.011833003543164525,0.05754293086949774,0.0269130853118157,0.013719414214038172,1A1-017
2017-07-05,0.005055420407920551,0.011530549444014977,0.008325583635606822,0.07150757685675209,0.030212393262769813,0.01385822976749717,040186
2017-07-05,0.004041186975259852,0.009146995429261675,0.006576068792221542,0.033443387938619416,0.014820448387192988,0.007358979114782942,040576
2017-07-05,0.011435398272299287,0.015905884661805064,0.011573009857626727,0.02655491030809278,0.014238524286965353,0.009586545563712386,040826
2017-07-05,0.010138979384608122,0.01594059620516211,0.010429925319385079,0.0548894091671193,0.02366426866129833,0.011003804283656448,1A2-078
2017-07-05,0.011042450994572548,0.01801789452296333,0.015426526951263191,0.04813695529244837,0.02666482505441218,0.015919739303523705,1A1-029
2017-07-05,0.010400518447837155,0.017123392970737922,0.01718560353053436,0.03598048982188296,0.022272163645038177,0.015785768129770995,050706
2017-07-05,0.006956266655550039,0.011506141612893194,0.008459816401160253,0.035454137265775267,0.016994063333746964,0.009292762300676308,1A1-109
2017-07-05,0.007192879091205363,0.012779002031884952,0.008724203823668317,0.047798459309092635,0.021657790932006676,0.011097885492806936,1A1-089
2017-07-05,0.007777363646823094,0.015206552613412498,0.010700190274277824,0.07167228222497848,0.03269932318705559,0.015338076379106171,1A1-110
2017-07-05,0.00458622139360818,0.009129939906106145,0.0066326512734507116,0.030003691915301386,0.014491924157047805,0.007995111832568062,060182
2017-07-05,0.005934461672423907,0.010825013118666417,0.00850292820746195,0.031779746443519115,0.016185068284432478,0.009241740676107627,1A1-103
2017-07-05,0.0098606744274384,0.0148926627179077,0.010616817656473192,0.025853747166313893,0.014048839773912868,0.00954624549497076,040826
2017-07-05,0.007829044151641236,0.013397056749884418,0.008623095527045765,0.06076527594775776,0.029703873381877032,0.014040757628294036,030172
2017-07-21,0.0029968320895522324,0.0208520895522388,0.012637511194029852,0.13362733208955221,0.060063682835820885,0.02974144402985075,040707
2017-07-21,0.013480002146915042,0.020751503170828356,0.014895429217862324,0.05003911761791517,0.01856301691108468,0.009579896122341124,1A3-048
2017-07-21,0.02374246594907886,0.02844577161388256,0.022168419305871802,0.04215647733388533,0.02255319540467812,0.01579103667287657,040874
2017-07-21,0.012083970382243797,0.020220553979118837,0.014021512548917656,0.03842140290834524,0.02040105228956373,0.014191767606752444,040850
2017-07-21,0.01225444643804985,0.01928989643917916,0.012867833834009055,0.03181877975820749,0.01651766261138151,0.012132131579838947,040826
2017-07-21,0.013536649620818055,0.02131743071050872,0.013887733302721353,0.06210372742665676,0.02559646239749173,0.013596330257786324,1A1-110
2017-07-21,0.01694819387989876,0.029408298565840926,0.02443077536620906,0.14691156990566753,0.0686995768463839,0.03240758282843775,040887
2017-07-21,0.0157914428349686,0.02281031075094603,0.015097147130135269,0.058816213234461005,0.023093136202442705,0.01199663725612382,1A1-109
2017-07-21,0.015963574806013577,0.026958340203685743,0.01751397732783705,0.05381401066925315,0.021869893307468472,0.012690561348205624,1A2-076
2017-07-21,0.014572147298632845,0.01791225807115796,0.012570396660352489,0.04585720000823587,0.020627889865755214,0.011790370099654092,040852
2017-07-21,0.017382321376230612,0.02527952395730957,0.017921152864704543,0.07114053936274758,0.02692669852066414,0.013491124717667537,1A1-017
2017-07-21,0.016278124437781104,0.023949832833583203,0.016320120689655174,0.09495583883058469,0.037209842203898044,0.019571329835082446,050669
2017-07-21,0.02010183681262727,0.030613790824119864,0.024528902749490815,0.10514677598559781,0.05319251600232755,0.030190028185917938,050215
2017-07-21,0.01806284220341856,0.023261617152941543,0.016625876604861204,0.04015959510488434,0.014672575099027446,0.009039699758018526,1A1-106
2017-07-21,0.012925007241632461,0.02459552622292889,0.017324531476301055,0.07425007528605179,0.0346614579560174,0.0192876599678024,1A1-103
2017-07-21,0.01856956721209022,0.028414584398613718,0.020769012556104766,0.09839584881540822,0.04650859382989605,0.025754688654053743,1A2-066
2017-07-21,0.01948502509671417,0.02216766416923755,0.014318624700063657,0.034368412663434704,0.009061939302678611,0.00449177758190098,040704
2017-07-21,-0.01574004319447111,0.0060816898636974455,-0.003716720099827227,0.05173772941063544,0.022039007007103085,0.012643673449798424,1A1-089
2017-07-21,0.014596567394888703,0.02489808326463314,0.015132488664468263,0.07176020300906842,0.02870246908491344,0.015894259068425395,1A1-087
2017-07-21,0.017240751278772375,0.026816078964194377,0.016310633525149186,0.1326776630434783,0.052314996803069044,0.024042078005115087,060315A
2017-07-21,0.02250540199774401,0.025711786652517207,0.017809304351697943,0.04461460037698884,0.016638678053015925,0.009774568911778673,1A1-105
2017-07-21,0.02367844702084564,0.03196103088868258,0.02124117742003544,0.08511426512785883,0.03567023061017807,0.019095003059329898,040576
2017-07-21,0.011325088127816237,0.022850107978898776,0.0123284006484229,0.09089478994944505,0.03750153766897462,0.018414206712276063,070859
2017-07-21,0.021635474525265177,0.024374267947156067,0.018784187935196907,0.0391851398218417,0.01850082553285421,0.012995178214169971,1A1-059
2017-07-30,0.007259547623632721,0.012308435988291464,0.009416579456170072,0.030235253851486645,0.015461116738561086,0.008939710348944687,1A1-052
2017-07-30,0.006300627610485698,0.01335994401129718,0.0066148008075102415,0.02191658995982338,0.008706044592068099,0.004198321035045144,1A1-102
2017-07-30,0.003921493082302701,0.006287081890250928,0.0018330963746535063,0.025266892267706675,0.011342825626110744,0.005524193789539451,060182
2017-07-30,0.006220425813965015,0.008245914812428756,0.005041872491203718,0.020983274567619795,0.00851042122999157,0.004147534441746366,020059
2017-07-30,0.007505135510560611,0.010726261297601564,0.005530620564364484,0.02156778991617029,0.010098460008006894,0.005582111210860256,040874
2017-07-30,0.010944032021766425,0.015639620133947242,0.009050082670573457,0.026200775429049805,0.012072667434072834,0.005779062369192127,020138
2017-07-30,0.0036345502638317636,0.007961545413983084,0.004769021397532396,0.02151153610227363,0.008934597928144637,0.004311843020097765,1A2-077
2017-07-30,0.006806924632810551,0.016115435026138908,0.01347541962285288,0.0552704529188449,0.0327017071197411,0.019079027259148625,1A2-028
2017-07-30,0.0056650562134939195,0.007536059254689193,0.003076993424714485,0.0285009519075369,0.012962174639046668,0.0064354497582467625,1A1-106
2017-07-30,0.005066835681932556,0.012935551711122293,0.010096571149974837,0.06716987323855059,0.03660505221439357,0.020642419791142425,050707
2017-07-30,0.006342937233977404,0.010337153290259362,0.00619690648253055,0.04889184761306918,0.02593960379857304,0.013250855214808477,040852
2017-07-30,0.00823628420120166,0.012007718128947766,0.0081463764443075,0.028632757125250343,0.014791368664304423,0.008761005680942836,1A1-052
2017-07-30,0.011522363102998687,0.022582534511849058,0.020122146061814554,0.13041519326635476,0.06626984776439909,0.03133995896924611,040887
2017-07-30,0.006621917788277815,0.008943896777402387,0.00529272020780386,0.028570666143012218,0.012399826799784072,0.00579625842345648,060182
2017-07-30,0.005191752229772777,0.006618780498709076,0.0032403796341831377,0.017520562919828786,0.007887605006091354,0.004670748315096507,1A1-059
2017-07-30,0.004059975850987632,0.008116139291503309,0.0031550835202427594,0.0267427570632916,0.011580979908021722,0.005631068587907111,040850
2017-07-30,0.003939999999999999,0.009715000000000001,0.003610000000000002,0.0926825,0.029047500000000004,0.012272499999999992,070859
2017-07-30,0.005448801876376475,0.008213971972370322,0.0028621420176460116,0.016954482435914707,0.007525170778738171,0.004064952783353512,040826
2017-07-30,0.00898691006839476,0.01348787134709804,0.0072548398940846,0.05653537349113435,0.026040885808623324,0.012445972106086918,1A2-066
2017-07-30,0.009505573979591833,0.011927021683673468,0.0069341326530612205,0.05085451530612244,0.021947378826530608,0.010524802295918368,030171
2017-07-30,0.0031234601924419914,0.006933456836346702,0.0029502486032435766,0.019861847443159778,0.008427772949483983,0.004208551466594239,1A2-077
2017-07-30,0.012245975785945447,0.01653299121590384,0.011246777334720296,0.06625363008552937,0.031943705790568655,0.014981536061026353,030172
2017-07-30,0.00603957730605098,0.010008286792865742,0.005708369159645469,0.04055973241054819,0.017452244310099577,0.008104013650289964,1A1-071
2017-07-30,0.005909046676820551,0.009130820203121988,0.0035838650043564127,0.04044933346857063,0.01789004163535148,0.008647446060271511,1A1-089
2017-07-30,0.009085546842714272,0.015660987994875603,0.010260283322313135,0.05654018841088794,0.027607226802490555,0.012659649041243086,1A1-029
2017-07-30,0.007266821082900822,0.01262813297797727,0.007186554565857761,0.07082523074765042,0.029324667905737126,0.01374944557441437,050669
2017-07-30,0.007337354943490249,0.011526838124054464,0.005371314185280762,0.03189477418350093,0.014519313873809732,0.007079975304796649,020188
2017-07-30,0.005025959737004129,0.01032270186471985,0.007272709011346641,0.04268117831383586,0.019376192167297027,0.00958228933943178,1A3-001
2017-07-30,0.006059996143293948,0.008375315372322244,0.0030994030419480277,0.031131139483432307,0.013832344161362739,0.006589058617313153,1A1-105
2017-07-30,0.010556250035083483,0.017651537709749223,0.0107957930574768,0.08501150397947119,0.04089758437080248,0.0191028931156152,1A1-110
2017-07-30,0.0072411505416511,0.011078150448262979,0.0063448426410160595,0.04877260179305192,0.0217906074897273,0.010488328352633539,020058
2017-07-30,0.012176129321153497,0.015983807988536627,0.009737820616156183,0.05708205803331541,0.027676583378112116,0.013697539853125554,1A1-087
2017-07-30,0.005527924726220755,0.007015074630049008,0.002637446853477691,0.027926542276788483,0.012510536370757577,0.006122813566420539,1A1-109
2017-07-30,0.0032340245845173476,0.008881861850225327,0.007124626926720059,0.026446076092884425,0.012230717586612708,0.006395728135135915,050706
2017-07-30,0.010577480775530598,0.014012816772702967,0.008910842988672202,0.05397965839928275,0.023857096544767985,0.011422648580147927,1A1-017
2017-07-30,0.012073850895679663,0.019381038461538453,0.01135875816649104,0.12529601633298212,0.05540134404636462,0.025224403055848256,060315A
2017-07-30,0.010036086257701573,0.017737287034556657,0.012138189793731578,0.09992767814090546,0.03774856482721672,0.01766003951245647,020197
2017-07-30,0.010371088683968167,0.014772723864736572,0.008268739107847067,0.05638651457009944,0.025135067655323865,0.011175707370061619,1A2-078
2017-07-30,0.007222595105110386,0.01093918539449379,0.006981316408655113,0.04153919298091298,0.018868339563725915,0.009409160766118384,1A3-001
2017-07-30,0.00819707860445565,0.0146006062235739,0.008454927737803814,0.07438828462280245,0.035090361001903915,0.015994822157109987,050215
2017-07-30,0.006513264756260087,0.009060593694010051,0.004846584088824226,0.028992150155159335,0.013765158332377755,0.0071415636224862545,1A1-103
2017-07-30,0.009590615428101548,0.013903110931236503,0.00845124087778805,0.039311251027854856,0.017452620644465004,0.008231794891561308,1A1-107
2017-09-16,0.013175766532454839,0.021641276537335295,0.012758716142020501,0.06280632595168373,0.02408007412152269,0.011151732857491459,1A1-089
2017-09-16,0.011392050815095308,0.02504960631137283,0.01696109777132407,0.04606233627896158,0.010828569531801545,0.004746073342532571,1A2-077
2017-09-16,0.013139587307410123,0.02490066947909024,0.012271975421863531,0.05410530630961114,0.018847441305942767,0.010196360968451942,1A3-001
2017-09-16,0.018507947989322312,0.033992034573323004,0.026823762019575776,0.05480231522144725,0.017128553704182096,0.007873161471339589,050706
2017-09-16,0.02218766471374241,0.03464404820639327,0.023763702461712402,0.06534524013259325,0.02158874331894337,0.009772049285640861,1A1-107
2017-09-16,0.012678906648709949,0.026618467181740848,0.016663166997448256,0.05405913595123335,0.016779412390133256,0.008528199957470936,1A3-001
2017-09-16,0.012598182297154897,0.025011525816649102,0.019343830874604843,0.11649022075869334,0.05186932982086408,0.022770261327713374,060315A
2017-09-16,0.02230425395124565,0.03497407781944817,0.022379261987677472,0.10957309134744173,0.03891120412536834,0.018058122823466378,020197
2017-09-16,0.01179869784086126,0.022812037719773044,0.016354187375954763,0.07969069927427287,0.035566653715843735,0.016609943826306605,1A1-110
2017-09-16,0.016406529697422484,0.031676600672394487,0.022488924635786327,0.08165202605528576,0.027942938924168843,0.012715869443406797,020058
2017-09-16,0.00394914380530973,0.025792672566371667,0.015126329646017688,0.1040378672566371,0.0400346902654867,0.016896909292035387,050215
2017-09-16,0.01404950657894737,0.03182282532653349,0.011677321876865272,0.04842005488307994,0.01265009394420841,0.007901668239352552,060182
2017-09-16,0.014270950781783186,0.021184184944468526,0.013858670677700566,0.046043429065582946,0.015171530352267785,0.006846751876900157,1A1-109
2017-09-16,0.022561905090326594,0.032861850582895785,0.018369274717451273,0.06019125856545341,0.017738522069947492,0.008364685636735782,020188
2017-09-16,0.01663718789181443,0.025915810048361108,0.017226238581407836,0.06680467490596452,0.02850771583378112,0.013597139978506182,1A1-087
2017-09-16,0.012806902753091844,0.03469944666721203,0.01821540405824475,0.061367452999620695,0.02145460841693497,0.012679838956770042,060182
2017-09-16,0.02007320795491848,0.036258730003282606,0.026329781130320615,0.07690205003282637,0.023156012419301902,0.010072783455520293,1A1-071
2017-09-16,0.049109662435083676,0.0759680539526832,0.06379748701673399,0.21741385170225047,0.13899175418349682,0.08676809578765145,030172
2017-09-16,0.014566972930506378,0.03252512818727873,0.02296023350173038,0.05526136988344805,0.013935208043279369,0.006039299395361787,1A1-102
2017-09-16,0.011952072677553533,0.023850372188414744,0.015549199776613775,0.05173475173316895,0.015513583018795263,0.007161732822369432,1A1-052
2017-09-16,0.013338422602082895,0.019757557990598088,0.012436604104775373,0.04460047291089667,0.014864064673180468,0.007025089710231416,1A1-106
2017-09-16,0.011631289936033365,0.02477420132243658,0.01790246439593784,0.07509917477025464,0.03417957447542197,0.017486005750099128,1A1-017
2017-09-16,0.009236839531551733,0.02076600339500404,0.013188128971220327,0.052304813858780295,0.018227567355011517,0.008760100915716683,040850
2017-09-16,0.019704323670000263,0.03515706401355481,0.024814222490839453,0.08135133740391765,0.027985733841639816,0.012249482188610628,1A1-029
2017-09-16,0.02175483361239012,0.03544973001255756,0.019923821682712412,0.05372170887400587,0.015165543114273743,0.007304186898283792,020138
2017-09-16,0.016830082908163263,0.034826390306122446,0.012626836734693872,0.0739867219387755,0.022523934948979585,0.011901926020408158,030171
2017-09-16,0.013536408042280394,0.0247611184365687,0.013648752921249546,0.0742269133916511,0.028185800315173336,0.013425832582920605,1A2-066
2017-09-16,0.012826343705919811,0.022780247559949018,0.017368744141602582,0.06226430885129904,0.02762922194225779,0.014066585009327927,040852
2017-09-16,0.0120296702101097,0.019074898695373134,0.010906056732151611,0.03850005756509972,0.01026651678965819,0.0047621557846975636,040826
2017-09-16,0.011876993887921534,0.02534607778685904,0.016177600328109654,0.04577078313966576,0.011196429882851829,0.00501981092237897,1A2-077
2017-09-16,0.014327705388880141,0.02245572474493202,0.013553832055465924,0.04048189551007538,0.012427982475827692,0.006293295260163289,040874
2017-09-16,0.004611183693516695,0.01998748362802881,-0.001434097904387695,0.08820884250163719,0.015224814996725598,0.006690810412573674,070859
2017-09-16,0.016209862993808884,0.02325589477994217,0.01536220873842795,0.04509624905623122,0.014991097211090593,0.006868247058345234,1A1-105
2017-09-16,0.012545018335893743,0.028406445686109335,0.0197705625898211,0.0576836347192626,0.015120612270181868,0.006739253060111997,020059
2017-09-16,0.012119979644892918,0.0223411064358342,0.012217770509166545,0.04848695513018025,0.014140104182714514,0.006858259031736241,1A1-052
2017-09-16,0.012702304499261812,0.01951912865860654,0.012463418494775414,0.04246141288503151,0.014480042032766236,0.006953460776584892,1A1-103
2017-09-16,0.013673267525596434,0.03517961066477245,0.025612938201146317,0.06862145630235635,0.0196575965071278,0.008940450570714733,1A2-028
2017-09-16,0.021570648590840468,0.035527209989934576,0.028281991066935082,0.07268226346250632,0.030383118394564673,0.015596207851031708,050707
2017-09-16,0.00624142965027229,0.02309015454816201,0.011547095068924425,0.07916877956943495,0.03499413163716812,0.017460609470728385,1A2-078
2017-09-16,0.010576645407450453,0.016699591669367738,0.009051806660817476,0.03558365119703591,0.009183768302019642,0.004508860203306098,1A1-059
2017-09-23,0.01678664248399783,0.023214820172794862,0.022296823459341534,0.05006773070409599,0.030141958006831428,0.01990712563506415,050706
2017-09-23,0.014295874962848844,0.02186886325037758,0.01925557361388272,0.05399945779021877,0.030296308448628274,0.019196886141556534,060182
2017-09-23,0.00616032351760455,0.013259078329043378,0.009817455959099813,0.04945870043922831,0.02469276749238434,0.011027518950575013,1A2-078
2017-09-23,0.011061115538635063,0.015705551917653684,0.014607118471517178,0.04625963491257749,0.028289634122955404,0.016192223124647503,040852
2017-09-23,0.02132145314057825,0.03922977203006365,0.04277782249405629,0.13770186440677962,0.0957740133445816,0.05458224863869928,040887
2017-09-23,0.009140864631893739,0.015715045738411468,0.013585492567508125,0.04846810812296594,0.026723974953821783,0.015108993535051449,1A3-001
2017-09-23,0.01660586995066297,0.021059443930516997,0.016901802343509093,0.046973760407030524,0.02449104905437352,0.01373135535512385,1A1-107
2017-09-23,0.008667692092897864,0.01348868866507472,0.011259725966723155,0.0303261678092744,0.014687717050531497,0.007823876136188568,1A1-052
2017-09-23,0.015528182107482401,0.02634001949162655,0.02084229374676798,0.049046437706352676,0.0272465535621942,0.018081268149091046,1A1-102
2017-09-23,0.010738941969374097,0.02009553657267456,0.019098699390455425,0.051027483150800364,0.02827682813816345,0.01862021656177214,020059
2017-09-23,0.02066151852135898,0.03892434676739012,0.0423567660480098,0.13755655034895306,0.0956940821765473,0.05431126428407087,040887
2017-09-23,0.010343401382501512,0.016646727820604664,0.013577151241141424,0.03836218217543729,0.021558919467166787,0.012505233573959594,040850
2017-09-23,0.006655659612204744,0.012896436495986258,0.009638599115036067,0.034400630444421904,0.017830101567623997,0.009270510193712885,1A1-105
2017-09-23,0.010685383199541819,0.015384048548308117,0.011750908681514597,0.03543313016729331,0.017935929050465114,0.009206446749743658,1A1-105
2017-09-23,0.017348154039347013,0.025571262034323982,0.017841338426119704,0.038484450606948495,0.02089117203850983,0.012128539137714524,020138
2017-09-23,0.008081684847604253,0.011357715363078525,0.00990524918688736,0.025429086477741406,0.012382196326183889,0.007224528464530407,1A1-059
2017-09-23,0.010999281875658587,0.018413519494204424,0.017681480505795575,0.09597952107481562,0.04773061169652267,0.02300280295047418,060315A
2017-09-23,0.006281080750121432,0.011910920466138808,0.008711823161418317,0.024677097112576735,0.01290845178947292,0.007374833346988226,040826
2017-09-23,0.01213564034226399,0.024282825080656475,0.022237062701641178,0.08790721700098189,0.04830405386449711,0.0278898923411418,050669
2017-09-23,0.018364180953656575,0.02592928140905438,0.02251410996517547,0.09508015671042062,0.043674796410393804,0.02236168497187248,020197
2017-09-23,0.010845208524735262,0.015162814379790621,0.012712282388562134,0.03586996527940763,0.019733532950194137,0.011070574490842889,1A1-106
2017-09-23,0.005856412477985385,0.011720674052106318,0.00970686284135307,0.03534841029170634,0.019067522368873865,0.009538842790339884,040707
2017-09-23,0.008349915370505686,0.014100103158506952,0.0126562381257736,0.041872890675097314,0.021647216248862892,0.011122321942526499,040576
2017-09-23,0.009221935679611649,0.019945594371243637,0.018165767163661584,0.06215254160887657,0.03966959431345356,0.020876354311141935,030172
2017-09-23,0.013125162547017726,0.020585765269568325,0.016127824646247537,0.055289277718072724,0.030603966505462994,0.01613996149023822,1A1-087
2017-09-23,0.011970498606683928,0.019315806659850436,0.01776338317194927,0.0662384305346727,0.03742407111926386,0.0190223228183076,1A1-110
2017-09-23,0.01724321860816944,0.021885001779834476,0.016394391964047347,0.046516602740945094,0.023803687817033008,0.01331143565898371,020188
2017-09-23,0.01119360904713684,0.015373237079111306,0.012783794301866287,0.035710642356104785,0.019620314145078765,0.01097170697563689,1A1-106
2017-09-23,0.012063370388553794,0.024363396338897454,0.022196701851592088,0.08879218929723658,0.04878431056249122,0.027988184878664595,050669
2017-09-23,0.010368446209940799,0.015267844930432307,0.01378351011080126,0.04267037427114247,0.02186992659230207,0.011217473492700233,040576
2017-09-23,0.006934012272994378,0.012546058720455167,0.010590951094356923,0.030721696960955745,0.016323598938251502,0.009038600493428132,1A1-103
2017-09-23,0.006671588010204075,0.015442276785714281,0.012932104591836732,0.058264496173469384,0.029485427295918368,0.015418667091836728,030171
2017-09-23,0.006551267234441612,0.012483215665799808,0.009135320163215891,0.03927716144672873,0.02020600097769914,0.010441788457829258,1A1-089
2017-09-23,0.011673329753455359,0.022384548935375417,0.02045490054165109,0.07105657499066119,0.04037556359731043,0.024147271199103475,020058
2017-09-23,0.006180658766659243,0.013906294290730157,0.011083291422495848,0.060043730311796786,0.031123729940904444,0.014356275560665611,050215
2017-09-23,0.010564822444678608,0.01827721917808219,0.017487914120126447,0.09632137302423602,0.04782749631190728,0.02297361064278188,060315A
2017-09-23,0.017613544602415696,0.024021459801207855,0.023111018809763465,0.06863164978610972,0.04389806051836939,0.02786603453699045,050707
2017-09-23,0.007634562689919404,0.012573110714757559,0.011149465253005678,0.02772135618972123,0.013272228002378114,0.006647581913066453,1A3-048
2017-09-23,0.011479372750822118,0.01671061301731091,0.013986320577650924,0.03910439008500339,0.021947057202798267,0.012420814144226588,1A1-109
2017-09-23,0.007397971435440828,0.013907646681299244,0.011216204473537241,0.036811559242570006,0.021233370606347352,0.012180316048272011,1A1-109
2017-09-23,0.00738361297235976,0.010988322752623758,0.009486194227738597,0.025036370150663324,0.012284993964524819,0.0071722921114104,1A1-059
2017-09-23,0.011412994476854905,0.018991095397045004,0.01737785556624769,0.0655354957799563,0.03707889537098294,0.01881235151660951,1A1-110
2017-09-23,0.012822224485302208,0.026209846966861176,0.021523151216558404,0.06292074837608717,0.037570762138060106,0.022465378179015744,1A2-076
2017-09-23,0.009027841385196278,0.014886294418869272,0.012549588139450665,0.04664006159588955,0.02313300384489386,0.011671843652476756,1A1-017
2017-09-23,0.005113197321384847,0.011111033372508688,0.006881172200186077,0.020212965084961558,0.009027605038930511,0.004654571764360214,040704
2017-09-23,0.013631023643202577,0.020878896650546295,0.01623681981013791,0.05587136843990687,0.03091909099050689,0.016272255060003574,1A1-087
2017-09-23,0.012173980674080246,0.02137564260520256,0.01967445108509282,0.05169910167540294,0.0292861705775731,0.018380715720374273,1A2-028
2017-09-23,0.014002738070639446,0.020480208247238074,0.017581672865526077,0.05717181295974872,0.03003270452792243,0.01625739713337188,1A1-029
2017-09-23,0.006891523309746085,0.013539113991794015,0.012253509841232083,0.054091656954272475,0.027376689807932446,0.013254676963786639,040186
2017-09-23,0.009782001100077299,0.015252514271273106,0.013620341767259316,0.05468821088779211,0.02739377980614853,0.013177362341678059,040186
2017-09-23,0.005637977436145097,0.014466225584889457,0.010676706696716035,0.056477482131358704,0.03077223518995494,0.01448051065142736,070859
2017-09-23,0.0053868215732938785,0.012537405876803673,0.008587903293239848,0.04530690197465749,0.024307953624493474,0.011638621491820487,1A2-066
2017-09-23,0.009133595833273611,0.0139522092590336,0.011752288427910023,0.03138560769059861,0.016415580519801572,0.008989410960769398,1A1-103
2017-09-23,0.007144962628666003,0.01368435348023241,0.011347479827238386,0.04553066449421541,0.02275778263418331,0.011505662554526794,1A1-017
2017-09-23,0.006019266815504933,0.01171037244190334,0.008391591072240212,0.02425951657800742,0.012745529268273674,0.007292637295006023,040826
2017-09-23,0.006739758734444936,0.012464348865669463,0.008942447407101966,0.038706081521486115,0.01991554549959097,0.010295831759259882,1A1-089
2017-09-23,0.015156737553342837,0.021801102855892318,0.01841388160630266,0.05431017925921878,0.028439513185250054,0.01606747652916074,1A1-071
2017-09-23,0.016916568046439966,0.02626215391427777,0.023263479903917333,0.05999389598927563,0.03861769083089689,0.025568876275340022,040874
2017-10-02,0.009383739259437456,0.013018364768148192,0.010853934544215222,0.048892226960165215,0.028660857200136364,0.014802583468655378,1A1-110
2017-10-02,0.00567281845349271,0.008925014475158758,0.006340420246544632,0.038363862065745234,0.021029493369443406,0.010747718995143811,020058
2017-10-02,0.006372359693877545,0.008646823979591834,0.006098029336734692,0.040141600765306124,0.01984002551020408,0.009993641581632653,030171
2017-10-02,0.011348447839831402,0.01552288408851423,0.012528704952581664,0.08459225500526868,0.04546075184404635,0.022106453635405688,060315A
2017-10-02,0.007872638956888027,0.00968464643012203,0.005685721227125344,0.020697888488078846,0.011648194137806803,0.006028418889083903,1A1-105
2017-10-02,0.008023613326398518,0.012137278952843271,0.010364234570041608,0.04218437268839575,0.029437712667591296,0.015063521151178918,030172
2017-10-02,0.004686819236240284,0.00817196203085676,0.00536067696137433,0.029969761954261934,0.015178789008644262,0.007284352363497102,1A1-071
2017-10-02,0.015356121251629716,0.02382952105222791,0.028720509624971222,0.10270022969552879,0.07458529181685707,0.039151899302093715,040887
2017-10-02,0.012739650277628509,0.01659554137560451,0.011024094572810316,0.043037975998567075,0.025448393784703552,0.013354092781658599,1A1-087
2017-10-02,0.002204593741753887,0.0070477467235464785,0.005478982870085316,0.027943014227284707,0.014008963299322717,0.006988860827689328,1A3-001
2017-10-02,0.005021227181188813,0.006501186920392141,0.0038899461726173974,0.01715706326773405,0.009253412162985322,0.004945335210414727,1A1-103
2017-10-02,0.008855805618158406,0.014394998873148749,0.00987119515990556,0.05297801446125775,0.029803800171710658,0.014883631197681914,070859
2017-10-02,0.006364707339941066,0.013506655504955799,0.0110295044200375,0.0768109188320386,0.03285220934904902,0.015498906375569244,020197
2017-10-02,0.004849188169104341,0.009211865740915261,0.004843125895280451,0.017426451508783167,0.01060890057203709,0.0058239202682071785,040850
2017-10-02,0.006068007686585667,0.009693797490150702,0.007226095820591233,0.03363256946166351,0.017502300396726976,0.008217952792241771,1A1-029
2017-10-02,0.005831619097816138,0.011892903954015663,0.005499223417797046,0.013056561219618915,0.00638157643502128,0.003314493416603681,1A1-102
2017-10-02,0.00324857526965158,0.00567986719174362,0.00271621009544502,0.013604608578412345,0.0069140256653992364,0.003391180491968645,1A2-077
2017-10-02,0.0046128088314589324,0.008546998613464788,0.006201703416268679,0.019091506297180726,0.009663470228008,0.004820199333692807,1A1-052
2017-10-02,0.00045380064167085645,0.005432539318067434,0.005299921363865119,0.031108363424760945,0.020783947219426273,0.011968598704076494,050707
2017-10-02,0.005280776413715292,0.006417037475662187,0.003248163671322941,0.019256130396016185,0.010443960753213207,0.005217539107280405,060182
2017-10-02,0.0035417262283838702,0.0071353873756919576,0.006221668789496887,0.01980001102238769,0.010417981800813205,0.0054223595257923835,1A2-028
2017-10-02,0.006388256239408406,0.009091237001232483,0.005847039208134331,0.018424213988599614,0.009449411049915271,0.004757309024033273,1A1-052
2017-10-02,0.003915965607810094,0.0060049217007780336,0.004091515065166755,0.015484916745131076,0.007944177982060556,0.004120940705684121,020059
2017-10-02,0.004995146409914224,0.006191758511658457,0.003150934102964743,0.01732664053541129,0.01055749761935098,0.005784788055177413,1A1-106
2017-10-02,0.00828075169204737,0.008798846108291025,0.006479862154540317,0.02471508764805412,0.01588041717428087,0.008575033333333336,040852
2017-10-02,0.009492024238331082,0.012988093737269772,0.00813614823867413,0.043988693799446844,0.025046658894534852,0.012632780011148982,1A2-066
2017-10-02,0.012330347425701119,0.019551886772708242,0.011044092716617826,0.01835554520719967,0.009949861866889913,0.0049100512766847995,020138
2017-10-02,0.00358457329455346,0.005863149382506542,0.0014646041594734646,0.009840098480991415,0.005522813433287101,0.002912561339700416,040826
2017-10-02,0.004781131442031491,0.00499918445641604,0.002418551150652162,0.010603625811715525,0.00511899038515273,0.002598865316694791,1A1-059
2017-10-02,0.007881733279549675,0.009775632514042395,0.0052761001892537825,0.014183633066032592,0.007960905749190212,0.00418757139477611,040874
2017-10-02,0.0051539094846148655,0.00686756896468062,0.004481766196388599,0.020554368020889596,0.010826029223555949,0.005337605387979397,060182
2017-10-02,0.009336230960870896,0.014185631626797656,0.009003797671617823,0.048115086428790727,0.026092721208113914,0.012759358514180459,1A2-078
2017-10-02,0.006860243923546715,0.01212130405756249,0.00860966428059243,0.056137596122938435,0.030078428034517685,0.014072571953119183,050215
2017-10-02,0.00497535563778394,0.008610196191797712,0.005164106151711376,0.0283148379843766,0.014686971168670982,0.006932853068146772,1A1-107
2017-10-02,0.004971972557913713,0.007043753965667465,0.002983312471317499,0.02538152080437371,0.01382227872074386,0.007079565439332766,1A1-089
2017-10-02,0.005016830965784146,0.008240726427126392,0.005711273089101938,0.02771787173454129,0.01399992402585979,0.006981490566452631,1A3-001
2017-10-02,0.007710709426286993,0.011305054706129886,0.008023385467807542,0.05699299305652964,0.027245522864356848,0.013419970192172809,050669
2017-10-02,0.0009542052010677643,0.006804630299377133,0.006846518485031143,0.023099761258933964,0.013416634662303743,0.007287532793708199,050706
2017-10-02,0.006738085115871435,0.007800467130979703,0.0043382882399019655,0.01763804463066948,0.010097515240119133,0.005295250104703101,1A1-109
2017-10-02,0.008295613820414702,0.010654216650351513,0.0058041730444068655,0.026906143988609053,0.013211545341283257,0.00634815520156625,020188
2017-10-02,0.006626814341626576,0.008787051500887938,0.005950875920274478,0.03128064139036877,0.015944900989672228,0.008021769728788418,1A1-017
2017-10-02,0.0017474064561185667,0.005323083979979821,0.003256937941336228,0.014302574454876996,0.007079358985799641,0.003408964052921545,1A2-077
2017-10-18,0.004893543404007108,0.007068401924753787,0.002462455470440082,0.0066377517863517406,0.005927325115042412,0.0036902571897853647,040826
2017-10-18,0.0073090840526831,0.00976608925869894,0.0061076372697339105,0.02379470632731156,0.013883439085165082,0.007221532882441932,020188
2017-10-18,0.0056752501093917775,0.011881961494092845,0.00594662705358208,0.010474206312900273,0.00659938312979832,0.0038205715223358083,1A1-102
2017-10-18,0.004846625378044035,0.006272135081772154,0.004030205593260427,0.011075250544670089,0.008194486186162492,0.0048261967925380175,1A1-103
2017-10-18,0.0055615834039439115,0.008713671660761046,0.007054430288091203,0.01593398370821137,0.009279878697427208,0.005075076163148969,1A1-052
2017-10-18,0.004500239920638802,0.008030151129182383,0.007317206926958309,0.016401797506490953,0.009972098662616958,0.00567854749424386,1A2-028
2017-10-18,0.004055309563241405,0.007170017562779228,0.004731125770297334,0.014040619723463264,0.008859766734709612,0.004976515290402088,1A1-052
2017-10-18,0.003870033698399322,0.005949792234501214,0.004516287105406609,0.01457103201347936,0.008558750309727933,0.004752877868080672,020059
2017-10-18,0.004536462992643457,0.005790636085944777,0.0031833978567452756,0.011935404207378004,0.009893236676748096,0.005984640924362419,1A1-106
2017-10-18,0.024670578694014237,0.044537533486814586,0.03170273650062787,0.017590822519882796,0.01039811322729175,0.0056215770196735,020138
2017-10-18,0.004509614623732824,0.0047755134764336975,0.0025372063154541673,0.007817024510735317,0.005288328648388857,0.0030783850214035863,1A1-059
2017-10-18,0.005195348213870024,0.006852083430327293,0.003240186427939582,0.018666788008885774,0.012774304170851266,0.00724130263446689,1A1-089
2017-10-18,0.008045843736849483,0.011797335180249675,0.009113656894375087,0.05419218614111375,0.02799704937578902,0.014701433931827743,050669
2017-10-18,-0.00042324887338902114,0.00512720607652343,0.005464781423117767,0.017509737219782426,0.009991158758862197,0.005310955394816157,050706
2017-10-18,0.003986413265306118,0.006270814386591131,0.0036267473228835216,0.010102269438193525,0.006612517944440131,0.0036468743695196692,1A2-077
2017-10-18,0.011072366111409635,0.016060214938205263,0.011029005463012713,0.039009336826079155,0.026606226043345876,0.015268010030449577,1A1-087
2017-10-18,0.01046687561396122,0.013040598855275547,0.011573113820893736,0.03438792921152352,0.024527239640343996,0.013809411770012643,1A1-110
2017-10-18,0.007228705357142854,0.009747372448979589,0.007866045918367344,0.03644773596938775,0.021945975765306113,0.01182182397959183,030171
2017-10-18,0.01155352664591281,0.012038413785299257,0.008257011491598383,0.01623842738769365,0.011409465442066271,0.0066333144808919916,1A1-105
2017-10-18,0.014362753086893158,0.022012791625124623,0.02797768904823988,0.08766476340210134,0.06810729657182296,0.037193436996702196,040887
2017-10-18,0.013641327713382508,0.01666953846153846,0.013304367228661748,0.0673283983140148,0.042238563224446794,0.023690992623814536,060315A
2017-10-18,0.0021985686350585853,0.005851561981066186,0.0042440025025219175,0.010914445565298372,0.006794183751066957,0.0036871884263210935,1A2-077
2017-10-18,0.009444692606482718,0.015080498258773101,0.014094505759442802,0.07013989619608893,0.03319695017412269,0.017031583846772034,020197
2017-10-18,0.009584946408424213,0.010255212576884352,0.0062563558031760716,0.011646875250215346,0.007841200396705043,0.004547951540113306,040874
2017-10-18,0.002786937505497402,0.006962010291142581,0.006056317178291837,0.022112490544463,0.013376568519658714,0.0075328717345412915,1A3-001
2017-10-18,-0.0007795231504781104,0.0033860175515853,0.0036772103044791123,0.0173587890035229,0.012791287430800198,0.007843494904378455,050707
2017-10-18,0.006019850579006348,0.008913236832274933,0.007495101793051922,0.03474667211430707,0.020852535954426602,0.012010007004109077,020058
2017-10-18,0.007485669209431344,0.011574571486361537,0.011467072931114194,0.036257264505316696,0.030880299352750815,0.017467177531206652,030172
2017-10-18,0.004605138627110978,0.009127639216111282,0.004840103310652891,0.012790821820340774,0.01052214542181846,0.006453189837153193,040850
2017-10-18,0.004509669021089721,0.006061446514463168,0.0034731461875329777,0.01538820394621119,0.010538512801227662,0.005840157642220703,060182
2017-10-18,0.005595273023050189,0.006801743810882918,0.003853443762797041,0.011568778463733937,0.009423509725755412,0.0055933888712229336,1A1-109
2017-10-18,0.006911464618699966,0.008740919715894092,0.0066009594071598145,0.02193703623889522,0.013237934075116536,0.007465355352273722,1A3-001
2017-10-18,0.006566159462214501,0.009382850579937733,0.0075914328319144795,0.026195556347632033,0.016615572189161626,0.009068259050334718,1A1-029
2017-10-18,0.00524088811876066,0.007493122898670661,0.005248004103519017,0.023379973749547388,0.013540389446369757,0.007350093880928969,1A1-017
2017-10-18,0.006562469421317707,0.009561057662658027,0.006509255833076364,0.027477132413403226,0.015308960453283992,0.00778355817658546,1A1-107
2017-10-18,0.012213137527999548,0.024923757251163057,0.02469987904198495,0.0684772151226237,0.052946045287461975,0.035760773907300036,070859
2017-10-18,0.005838408439037648,0.011128468585416506,0.00919555442227332,0.045549261800558793,0.028117613369433504,0.0140000280641891,050215
2017-10-18,0.005935844938647514,0.007535393771949508,0.005723654567014626,0.01738133519746218,0.011063177379342136,0.006005395333814526,060182
2017-10-18,0.0069972604624929415,0.00795938293852226,0.0061886078398195096,0.019441467089678505,0.015663726480541446,0.00928679630569655,040852
2017-10-18,0.006439586907757949,0.009511679943100992,0.007398132372250794,0.027322344868147497,0.015957001395119803,0.008347623208228468,1A1-071
2017-12-21,0.5410456198352493,0.5712542002945701,0.6031946355673733,0.6537926763509813,0.08725496448215639,0.08711722648001878,050215
2017-12-21,0.5081910817434383,0.514962484979445,0.5329545237561923,0.5089512718061552,0.060523785640877,0.06897489261621158,040850
2017-12-21,0.5123366523122284,0.5389446648044691,0.5676157918218495,0.6323780186995653,0.0941954310211049,0.09474795740223463,050669
2017-12-21,0.3389364215344378,0.3790602820777435,0.40368766726866195,0.6203798864809081,0.12246922385620918,0.09842447067423464,1A2-078
2017-12-21,0.4879002143321481,0.48798818488222406,0.5165032323811707,0.48692431704214434,0.06224839672209724,0.0715731639688802,1A1-110
2017-12-21,0.6614783183349773,0.6786278419830701,0.7102929744000658,0.7187342200854699,0.10486336600098617,0.1094569722838593,1A1-017
2017-12-21,0.6666124544654156,0.675267357694403,0.7119094366559383,0.6727175848230926,0.08778051507291132,0.09633274259103748,1A1-103
2017-12-21,0.6871703668186696,0.7032917549624463,0.7392728198766095,0.7352738418723178,0.09417328326180259,0.09954349181866952,1A1-089
2017-12-21,0.8326337195121952,0.8424969410569108,0.89524281300813,0.863756542682927,0.09158972154471544,0.10496853861788617,040852
2017-12-21,0.6909175785932296,0.7105444644145396,0.7437609742647058,0.7152419405521643,0.08938628926193118,0.09905868021642618,040874
2017-12-21,0.7108763937964268,0.7223913587633002,0.7595309772134111,0.7386242620457739,0.10011388887773545,0.10935420357357961,1A1-109
2017-12-21,0.7344593740423614,0.7436060479570373,0.7867846382003905,0.7341297933378399,0.06744248982274295,0.08444985841970858,040826
2017-12-21,0.5455982079941278,0.5449317151866401,0.5776167999548696,0.5627162971627018,0.09663493977279565,0.10898955800324571,060182
2017-12-21,0.5644369021993174,0.5795261544274609,0.6089503193022634,0.5557017835857525,0.05879505093176899,0.06564114912977764,1A2-077
2017-12-21,0.5040146810453653,0.5139308681336838,0.5389465547527599,0.5030654714454089,0.08072656417362059,0.08617817262868527,1A1-052
2017-12-21,0.7205841668876176,0.7317406983943225,0.7701836030540598,0.7420421893631947,0.09562993502304717,0.10447710897965837,1A1-059
2017-12-21,0.641383833444752,0.6735947349823321,0.712715303695922,0.7032716629261772,0.07544014444656671,0.08099052478273322,1A2-066
2017-12-28,0.69928051717203,0.7106895609529704,0.7535552591274757,0.7432202962561885,0.09648966398514847,0.11986586540841584,040186
2017-12-28,0.9828506545628287,0.971806224916388,1.0311209657190636,0.9847759863234591,0.10954994624940277,0.13838995371476348,040704
2017-12-28,0.7412707562071725,0.760189642698229,0.8058575689685862,0.8258442028566345,0.12465421487051707,0.14436558445314585,020188
2017-12-28,0.41992455610941726,0.38084595266540316,0.3703676528384279,0.35569295089396047,0.03425396803163877,0.0553491416742193,040874
2017-12-28,0.43119850718801417,0.40810130791547583,0.40921689916336434,0.3927994771619195,0.03483820118039518,0.06393372572919341,040852
2017-12-28,0.7788046160958527,0.7946941064667901,0.8414487892001306,0.8428858518163918,0.1185120006291716,0.1418903680927892,1A1-071
2017-12-28,0.7929623229039082,0.7965744701035518,0.8465649248413317,0.822887937423449,0.0911435061797127,0.11950751937423454,1A1-059
2017-12-28,0.8976322811846309,0.9106228143234615,0.9725002243201587,0.9516735263679401,0.11554193933722341,0.14614797093471318,1A2-076
2017-12-28,0.8271088483946937,0.8257646767474202,0.8732934070684805,0.845696745316014,0.09468598985726683,0.12490600960261372,1A1-109
2017-12-28,0.2957778026259608,0.29932352739726026,0.29350568851409053,0.35911779452054804,0.02565182665964172,0.04982625658587988,060315A
2017-12-28,0.9170918224928671,0.9047568577618093,0.9333134848885133,0.8937494996301382,0.06899146650110956,0.10454821964493288,050706
2017-12-28,0.6939240386409377,0.6899917654956893,0.7235857111824827,0.7095553861428364,0.08133786695230352,0.10599312375894557,1A1-105
2017-12-28,0.724985197330358,0.7469358027178552,0.7905027472311759,0.7974263891299551,0.11488201194313566,0.1352713962586439,1A1-029
2017-12-28,0.5288731865769093,0.5139750830406457,0.5210023077735532,0.5030725084861081,0.04509246904626607,0.07009675542811855,1A1-089
2017-12-28,0.5245543718381114,0.5244636172006745,0.545040573355818,0.5848691062394604,0.051223498454187735,0.07154980888139403,1A1-087
2017-12-28,0.76655410437687,0.7606898127028103,0.8005694739310303,0.780373349602215,0.08253156505474236,0.11006480948699403,1A1-110
2017-12-28,0.7773335132601126,0.7955759804446826,0.8430686425127244,0.8360572327886422,0.11436857420305387,0.14026079292794008,020197
2017-12-28,0.6437510288859372,0.6429569254737701,0.6650359431986512,0.6392259732083565,0.07238627649793118,0.09523909255759307,040576
2017-12-28,0.6588986451475695,0.6509690463320469,0.6728551922649039,0.6494073007983772,0.07219768035468886,0.09386908297886264,1A1-106
2017-12-28,0.9923071672283071,0.990560777541008,1.0275584903860449,0.9998849878586655,0.1772678855493334,0.19471093017493438,020059
2017-12-28,0.7835004062575309,0.8065269913282153,0.854480036198735,0.8506312657623611,0.14520081834997406,0.1604499080114563,1A1-102
2017-12-28,1.0063425665605095,0.9958676992038222,1.0536658171974524,1.014122567038217,0.10529118869426747,0.13972062292993628,040707
2017-12-28,0.39382838886950455,0.4277540334961619,0.4529348316468947,0.5262883374040475,0.06673767009769714,0.07929722522679693,050669
2017-12-28,0.8678548575831155,0.8693663303137842,0.9053842062009715,0.9095598043518867,0.1465096255136347,0.167096662775495,020058
2017-12-28,0.5191472868726716,0.5115225547885165,0.5269168836291914,0.5573535316677627,0.0489978610563226,0.06852606125356125,1A1-087
2017-12-28,0.7156196162708259,0.7132950445552028,0.7531144466373159,0.7242357193337945,0.06614704000691904,0.09156420517445876,1A3-001
2017-12-28,0.5719298651624113,0.5612134238867379,0.5703771466602129,0.5471605167997745,0.055595758409971,0.08062762564536947,1A1-059
2017-12-28,0.5096553688319172,0.48577906246858343,0.48619227798643855,0.4687174207889792,0.0476985351909831,0.06958640889167189,1A1-105
2017-12-28,0.6357670151814061,0.6337013511742295,0.6621920686831017,0.6423447794597461,0.052994129666876534,0.08486294818478539,1A1-110
2017-12-28,0.8910930716981135,0.8886422786163525,0.9457850855345913,0.8961555484276732,0.1059861352201258,0.1309508496855346,1A3-048
2017-12-28,0.5429528986068114,0.5278839628482973,0.5412869349845202,0.5290392182662541,0.05766291021671827,0.07953409442724461,040887
2017-12-28,0.7679949337522821,0.7659645851188365,0.808382430438976,0.7851594486474349,0.09397143696250819,0.11819341493270313,1A1-106
2017-12-28,0.5125511904761906,0.49750489285714306,0.5037354761904764,0.48802983333333344,0.05199948015873017,0.0729536507936508,040887
2017-12-28,0.7088528474257012,0.7246339650481378,0.7638818606111345,0.7680103359146085,0.1154596944328171,0.13506807136877358,020138
2017-12-28,0.7663472485991475,0.7963060604136915,0.8423531244163159,0.831969442152587,0.1291885766989542,0.14788754983984853,1A1-052
2017-12-28,0.8255797017351427,0.8210599117112313,0.8692072194225411,0.833119190776862,0.10330772588486391,0.12848446038615827,040576
2017-12-28,0.29071915700737627,0.2902912407797682,0.2830459209694415,0.35129804636459433,0.03042533983140147,0.050093525289778715,060315A
2017-12-28,0.722661513265238,0.7513597497831583,0.7952060563969751,0.7977610780659569,0.12465029014296385,0.14155243813194882,060182
2017-12-28,0.45492005290551324,0.42825802590940265,0.42594832999694954,0.4241011952833065,0.049238064802104756,0.06852408344772358,040850
2017-12-28,0.3090019689518495,0.3289103896389787,0.3492950908668427,0.45143339484884054,0.06713836182858818,0.07691784047549165,070859
2017-12-28,0.48997900191713467,0.4620621507498669,0.45481146947154477,0.4293967887757731,0.044304401637235064,0.06872479836115672,040826
2017-12-28,0.35653549765258213,0.3614210610328638,0.3680877441314554,0.466813896713615,0.08822117136150234,0.08541199765258214,1A2-078
2017-12-28,0.6199921422528943,0.6045320573241321,0.6165903898040961,0.5963912579306979,0.057507629941434844,0.08547874206930209,1A1-109
2017-12-28,0.7835355704778671,0.78430753453127,0.8179926791285798,0.7860622510299388,0.08840695606004983,0.11585952026000479,1A1-103
2017-12-28,0.45623333975689306,0.4825759753928255,0.5105531529795435,0.5971966520901275,0.062331892232434044,0.08375113104061666,050669
2017-12-28,0.6510801823981128,0.624797794504968,0.6452789658118924,0.6139929308666019,0.06848368993320696,0.09433307171287525,040826
2017-12-28,0.6789945469729677,0.7018747462483298,0.7415809925223563,0.7676346915150584,0.11615482128173497,0.13384279782094763,1A1-107
2017-12-28,0.34187870580765883,0.3373545818017775,0.34232783677976286,0.40648386603622244,0.04813917513199224,0.06351736516741296,1A2-066
2017-12-28,0.6913997671313357,0.6938605165215681,0.7291159463850168,0.7166510290373695,0.08214741494418625,0.10980446540796529,1A1-017
2017-12-28,0.6403016704736716,0.6625787929790818,0.694853105514146,0.6835233545724133,0.0824544682215276,0.10719448164622912,040186
2017-12-28,0.890569685927409,0.8930731677014926,0.9467409593590463,0.9122206981825027,0.11077321452715286,0.13995163163656144,1A1-103
2017-12-28,0.5544922945295024,0.5464235695505649,0.5554017087679034,0.5397306618779234,0.05881379448592426,0.08308476591325062,1A1-017
2017-12-28,0.6906850152085406,0.6818691963229333,0.7114299039975414,0.6954953152802753,0.06746307676004507,0.09638185371852317,1A1-089
2018-05-05,0.006666947964533691,0.01122744043401688,0.011849877679710125,0.024206871495374403,0.0225498822344582,0.014702235976436776,040707
2018-05-05,0.007711972538288316,0.011987507120807664,0.012082782110741609,0.02201866904275468,0.01683733842104478,0.011077060150319873,040576
2018-05-05,0.00796722517631411,0.012349165497759045,0.012692307074359277,0.019727660834236792,0.014160711361782033,0.010080561033742767,1A1-059
2018-05-05,0.008297496731415763,0.012974104407919313,0.013425840960029882,0.03447992622338439,0.021368641202838996,0.0133503983003362,020058
2018-05-05,0.008779904386199511,0.019404943835250064,0.022061231278416683,0.0710552504011768,0.051124174913078364,0.03214819671035036,040186
2018-05-05,0.009251533333333327,0.017327594814814804,0.01579681851851851,0.0424886362962963,0.0359438237037037,0.024095593333333325,1A1-087
2018-05-05,0.016864703291863917,0.023573352967081355,0.01924284625123858,0.028377887261917874,0.0218112972035671,0.015210709842563024,1A2-076
2018-05-05,0.007348036411672496,0.014508279775560866,0.013818525511528193,0.020302969842934112,0.018590432315294454,0.01409962170789692,040826
2018-05-05,0.00535774815141276,0.009845187674452766,0.009551801821654176,0.01338593286322903,0.012174444811713429,0.008389248445227947,040704
2018-05-05,0.012298964498074215,0.02485225514609198,0.02652624064743598,0.03977301167106901,0.03596786784812483,0.02822761639069576,1A1-052
2018-05-05,0.009602185220825565,0.015228534051041496,0.015894506746055626,0.036088765261321924,0.026582910537078244,0.016929691626070047,1A1-110
2018-05-05,0.01007688822829963,0.014415017479191435,0.01309542844233056,0.02658732737217597,0.019286102354340074,0.012741262449464922,1A1-105
2018-05-05,0.08892517114633587,0.10197235125201014,0.10031052492533887,0.06713713530898233,0.014815659315414655,0.009956233057661384,040874
2018-05-05,0.009218497389550665,0.01412541927397466,0.013563696424532564,0.024647463199261165,0.01862018273145356,0.012530474993403201,040850
2018-05-05,0.009252696778332415,0.014824270984944167,0.015531558679657598,0.03573010596218998,0.026379420460696443,0.016691292796856532,1A1-110
2018-05-05,0.00691559185861397,0.011702606719874132,0.01177205891032891,0.01945685072071989,0.014963685763280034,0.010522886281714739,1A1-103
2018-05-05,0.011149423658258583,0.015880287675306005,0.016232168838891916,0.026161711680459884,0.019093797388374047,0.013797176644035881,020059
2018-05-05,0.01012329219544654,0.014307779195779271,0.013043956105328212,0.026624835091972058,0.019338251889348363,0.012665754836256479,1A1-105
2018-05-05,0.007099350247418051,0.013018395360264822,0.012603940930016027,0.03517676490111897,0.020206832014345068,0.011792199477577188,1A1-017
2018-05-05,0.009121308122166374,0.017776410483955986,0.018104954925666876,0.04940311056830559,0.03715117483217936,0.023522562207851528,1A2-066
2018-05-05,0.010369579740671849,0.01607458518437465,0.015365668344457822,0.033922018382755215,0.021894663037531462,0.013785382153408462,1A1-071
2018-05-05,0.006606876457345012,0.016998619441987606,0.023690056886708995,0.047047829862507023,0.038557045107340995,0.022959165393583655,040887
2018-05-05,0.006565974189928453,0.014261727100575109,0.012733762449151345,0.05009871335390654,0.02669595875999438,0.014914035278440171,050669
2018-05-05,0.010183822819359017,0.014088739278696862,0.013678675973551319,0.024917483871941207,0.018724540082082086,0.012676435330172531,1A1-106
2018-05-05,0.00853637121212121,0.01735753787878787,0.01606492424242423,0.042699825757575756,0.03781264393939393,0.02552392424242424,1A1-087
2018-05-05,0.006881402717081506,0.011773172494439528,0.01211653552547753,0.019239462912563843,0.014047083258821291,0.010147364355489491,1A1-059
2018-05-05,0.00906114733870263,0.013139199515152298,0.012813396465239166,0.024210266800340677,0.01848327796927285,0.012491848272185309,1A1-106
2018-05-05,0.011616856041821638,0.01601452062153896,0.01632036521613356,0.02931693476733615,0.021222371098162374,0.014787262755875136,1A1-029
2018-05-05,0.014044448834717383,0.019726023975354938,0.02091717251540316,0.06333375301366194,0.03732148607018485,0.02415879855344227,020197
2018-05-05,0.009370746173469387,0.0133066262755102,0.01322885841836734,0.03413290816326531,0.024647423469387753,0.015702608418367344,030171
2018-05-05,0.00647530217540717,0.011574767943107937,0.011638448651925095,0.019346730556662813,0.014912171060159442,0.010559946517875207,1A1-103
2018-05-05,0.004081660060774208,0.011505464724534276,0.012866520346148762,0.017333099484740384,0.015646232989826918,0.01064506424230413,1A3-048
2018-05-05,0.007620903483590651,0.017433105749088365,0.023780566180463956,0.04678982620839475,0.03800769512762821,0.022714829699743953,040887
2018-05-05,0.014970640314378175,0.019304172445677302,0.02094782824780398,0.03732416406611189,0.032446057558945904,0.022658562182154417,030172
2018-05-05,0.01269022885771542,0.018823110771543087,0.019828375200400792,0.034953560370741474,0.0280184488977956,0.020234780561122236,040852
2018-05-05,0.009370414118630543,0.016376024310524012,0.015614824467924879,0.03877986436414573,0.027028145230528215,0.01727050912397765,1A1-089
2018-05-05,0.009628740440993985,0.01436564850003102,0.013957594620586948,0.025770319053639034,0.020117158667866213,0.013701920720357388,1A1-109
2018-05-05,0.00861589099395936,0.014184346512904993,0.014398094453596926,0.03903755079626579,0.025353725974739148,0.015274258649093899,060315A
2018-05-05,0.01123268087567856,0.016170290335498792,0.012603968363442202,0.028693570570436963,0.018341165346622765,0.01165790179763282,020188
2018-05-05,0.01599304472571846,0.02301017167686022,0.02196711077526152,0.049260250017710845,0.03577850992986516,0.023090612440078383,1A2-078
2018-05-05,0.010699205878362072,0.01735550877834399,0.01649633424044144,0.039297646544445786,0.027132298388312614,0.017426880333343372,1A1-089
2018-05-05,0.007015589967068386,0.012742205253538847,0.012345536992017094,0.03498796940464489,0.02018609902756942,0.011709222486594584,1A1-017
2018-05-05,0.009560052293385876,0.014524660975212485,0.014093892764627415,0.025949320942172855,0.020243761129552635,0.013879848083545322,1A1-109
2018-05-05,0.009117590317919071,0.015388212909441227,0.015608345375722534,0.04562299253371868,0.02829473386319845,0.016777890173410394,060315A
2018-05-05,0.01008611808118081,0.019485881918819187,0.01509814022140221,0.012460778597785972,0.007082468634686341,0.004105081180811801,020138
2018-05-05,0.009671785629963521,0.018060441350075146,0.01912366696179437,0.04574660377763476,0.03631534803605926,0.023387736155827458,070859
2018-05-05,0.007287029456342329,0.014367882610636462,0.013765752540771767,0.020390430457079448,0.018636773193949907,0.014002256937163265,040826
2018-05-05,0.007163731862445381,0.011838216778263267,0.011945155800289311,0.021983296784824854,0.01693820059799872,0.011230329682210662,040576
2018-05-05,0.009318022532762768,0.019625057836319872,0.022291759828831234,0.07053357782829633,0.050648301350628505,0.03157952627707943,040186
2018-05-05,0.01593594297499575,0.021507884312808295,0.021177685177872826,0.03191615635555122,0.022042245203873344,0.015831764831847013,060182
2018-05-05,0.006199717702342536,0.014265383994950195,0.012743028124561637,0.050343327956235084,0.026897624140833208,0.015211582269603015,050669
2018-05-14,0.011979186273276295,0.01981779001006542,0.021379622546552596,0.05599962097382989,0.042993228170608966,0.028349374370910913,050707
2018-05-14,0.00470242962981317,0.006563798998959316,0.0055889588185737615,0.014630541528321522,0.0103405101838545,0.006563604118142618,020059
2018-05-14,0.04572831465067781,0.053854414103232565,0.052318511542694984,0.04127293549414904,0.013374004677905229,0.008867475234619395,050706
2018-05-14,0.004577803346820294,0.008669413426862518,0.00786568123845544,0.02941634686428005,0.01990620997888996,0.011783711628111522,1A3-001
2018-05-14,0.006055573947484943,0.00821213159698423,0.00667551265565576,0.019178668123396428,0.013912928284617296,0.008278908589954321,060182
2018-05-14,0.007568436192934051,0.012011001601851024,0.006596301281480817,0.023638724526119065,0.015735701254783307,0.009211385601139094,020188
2018-05-14,0.010507328556121081,0.01585733458344495,0.015779409322260917,0.06565007366729173,0.038680699169568726,0.023414854674524508,020197
2018-05-14,0.006055162962271198,0.008957245050429585,0.008183146245797532,0.027305821348524464,0.020180424449010075,0.012861335917071347,020058
2018-05-14,0.008693932829684442,0.012030212252030008,0.008711583538904307,0.030753116198992705,0.018172554476307935,0.009975027495117682,1A1-107
2018-05-14,0.006727642923627102,0.010991533214128251,0.010246151594572081,0.023535892690932248,0.015863202738450984,0.010093138808602358,1A2-028
2018-05-14,0.009539253657327046,0.011974575756949601,0.011055274024024009,0.025299454259305167,0.018999093416811295,0.012464696565831879,1A1-029
2018-05-14,0.012331406446211805,0.019638025324403507,0.014018178107994963,0.019421073670992044,0.013178621808287981,0.007748257639179568,020138
2018-05-14,0.0076819664350585406,0.011084962796804904,0.009173321014334167,0.03024074151985994,0.01984414730823941,0.011353340108326941,1A1-071
2018-05-14,0.007849630102040815,0.010760542091836734,0.009866116071428569,0.0342328443877551,0.026062595663265298,0.01621775510204081,030171
2018-05-14,0.0063236947889385295,0.009888338122015086,0.009189443267601285,0.018408075373594204,0.013593971171622244,0.009111378177476497,1A1-052
2018-05-14,0.004290100799255062,0.008194751687747344,0.006824124117327541,0.016172051641188786,0.0121677260029487,0.008004202956467758,1A2-077
2018-05-14,0.0054367158598194005,0.011464281793229641,0.007258041986554755,0.015382012808783164,0.010171924002545839,0.006287200863200601,1A1-102
2018-05-14,0.009930798081368465,0.012463096104946836,0.012413696544151637,0.033508847376329184,0.03392904241793804,0.021494443192325477,030172
2018-05-21,0.01191601214918691,0.01808625373786144,0.016852012030909736,0.03183544458563566,0.023071643097163162,0.016744895188242633,060182
2018-05-21,0.01607788193475597,0.02330797152701113,0.023004644481917767,0.034410636547816925,0.027787495298984586,0.021952181392471095,040874
2018-05-21,0.008512456515640336,0.016710353485762372,0.014236456726048525,0.055065666993968254,0.03078151599102258,0.018172764062280824,050669
2018-05-21,0.006484287987855634,0.012102621076342976,0.008914439057832619,0.016932614098232213,0.011506305641251649,0.007554545810685076,040704
2018-05-21,0.008978710042142046,0.014577701844999482,0.01150721335697399,0.03345680941001131,0.020020505576112638,0.011773052343509092,1A1-107
2018-05-21,0.01589899637871488,0.020990220993394516,0.021080417495613138,0.031247785385767418,0.02421769059248246,0.019025562360988495,1A1-059
2018-05-21,0.009866375478717592,0.015235804190830517,0.013473046367217422,0.03487002513951199,0.021773644682131534,0.013769205930626981,1A1-071
2018-05-21,0.005644668556493137,0.010669804282744924,0.00895328715409195,0.024207676812527116,0.016336424175559944,0.010050716867283,1A1-109
2018-05-21,0.009177059969078905,0.016150366296009987,0.016243938574061957,0.04883641791044775,0.03436827168936195,0.02105413777724921,040186
2018-05-21,0.008364516356228565,0.013773943101681299,0.013477075207476312,0.024384102980277173,0.01890964230402619,0.013600800631028953,1A1-103
2018-05-21,0.008963159834146075,0.014173995405956407,0.01331939902058021,0.028279900198363496,0.019119100683252056,0.013144546691186596,1A1-029
2018-05-21,0.007371781357871141,0.013094555811989128,0.010791065509168425,0.03407131467280335,0.021321961999428013,0.012818082894920611,1A1-089
2018-05-21,0.013322752143260003,0.019792058432036064,0.020215460406091356,0.037847867597292736,0.033348376226734346,0.02331787329385222,040852
2018-05-21,0.01773169945790101,0.026414474764794565,0.02465031583752247,0.033615422589473684,0.028478540585248492,0.02245798030575245,040826
2018-05-21,0.006643132411724409,0.01247313533817085,0.010263594939908085,0.033841230504213456,0.021259628141773023,0.01278993871090035,1A1-089
2018-05-21,0.009121070316757959,0.014498979543292101,0.01225406090362391,0.030459335260916563,0.020218179588556456,0.012977251738981834,1A1-105
2018-05-21,0.006656335152330207,0.012890389187744607,0.011525534966120092,0.038925130260866525,0.02287425378023757,0.013470749237055796,1A1-017
2018-05-21,0.006420621002086236,0.012629618312384691,0.011331109932929873,0.03923590221383125,0.023094326798737883,0.01359345208538078,1A1-017
2018-05-21,0.006006903546480384,0.012522817481640693,0.01057142083109439,0.03813142530897367,0.025274566989073963,0.015360784972237139,1A1-087
2018-05-21,0.011078195254871736,0.021552876527578993,0.013790174226577117,0.02792044808983817,0.017559914675767924,0.010290123307277335,1A2-076
2018-05-21,0.007014377479042043,0.015465988722368717,0.012807253864625537,0.044645887845457866,0.029559300936943884,0.017262901256405297,1A2-066
2018-05-21,0.011831066564713463,0.02182085592401802,0.019258256707447973,0.055134267090577414,0.03735659283107965,0.023486887851470278,070859
2018-05-21,0.00669760073985995,0.013801046208217723,0.012757822862993786,0.0227911718853217,0.01623107576958647,0.010222189523054558,1A3-048
2018-05-21,0.007288964792678372,0.011631997571908852,0.010919170246544636,0.030417389335076577,0.020404579753455367,0.013182537355248408,020058
2018-05-21,0.007877590943136503,0.012941121480191905,0.011060867224032881,0.031021864612643998,0.02201725100710541,0.0134026253567886,040707
2018-05-21,0.006477962069582592,0.011904459638814749,0.01066487223556079,0.023487496383673603,0.016999986914117853,0.01090089520855392,040576
2018-05-21,0.009551924130663855,0.018734107481559535,0.017020292413066386,0.07961201949420442,0.049413779768177034,0.028696977871443628,060315A
2018-05-21,0.009106602230698103,0.015072627427184467,0.014389338881183543,0.03739892452612114,0.030475036696717517,0.019856158980582527,030172
2018-05-21,0.006612568511552923,0.013106218430951095,0.011040275389575496,0.03880092692101021,0.025452383575138807,0.015396230073437218,1A1-087
2018-05-21,0.014081331381207625,0.02313853141899071,0.019006039979219295,0.05473009268661296,0.03469086794814273,0.021265382494627717,1A2-078
2018-05-21,0.009291377146925333,0.014856599403755446,0.009282540046275694,0.025678362107324017,0.01478482090415591,0.008775910607813471,020188
2018-05-21,0.021225712621321825,0.029405500558465563,0.0291874674164227,0.04023795010399013,0.03338431778616543,0.02620997958712063,1A1-052
2018-05-21,0.018982265735793567,0.027341875635196047,0.025412484374908596,0.03397476424838631,0.028527922482185337,0.022468916909040907,040826
2018-05-21,0.006326842686073042,0.01196060463486287,0.01066290663167156,0.023401600354921934,0.01696984546728903,0.010899508664270693,040576
2018-05-21,0.007951658643784004,0.01497118564252825,0.011185273126831308,0.02014992779405608,0.011569882796149013,0.006712439305148591,020138
2018-05-21,0.013323403667822685,0.020862988728890204,0.019787041380805195,0.03427909173797497,0.027290366051907412,0.020123457408210196,040850
2018-05-21,0.007686070621449969,0.012902110747121422,0.011686086967455513,0.026180943994393708,0.018812614992053316,0.012510601398882756,1A1-106
2018-05-21,0.010434357312677344,0.022265374453562376,0.02815523372191117,0.07358786793465753,0.06570032632870619,0.039187084707416206,040887
2018-05-21,0.008674157783156123,0.014322012484642457,0.012015752635030913,0.03000717005533334,0.02001443754445603,0.01290442359565093,1A1-105
2018-05-21,0.007277103303401975,0.01273363873818896,0.011442223291465199,0.025840280111856944,0.018681310832288307,0.012479077247030883,1A1-106
2018-05-21,0.008099925181932996,0.015211534010946055,0.014897077925462618,0.04273116733826506,0.03068015075880597,0.018358679637537352,1A1-110
2018-05-21,0.005991777354656574,0.010768886909009123,0.00910983321182602,0.024434711988893718,0.016404212904076426,0.010057734980920767,1A1-109
2018-05-21,0.00815804285198773,0.01536637156432311,0.01496826125177923,0.04261278860688443,0.030630849782482285,0.01835081991138909,1A1-110
2018-05-21,0.01084330144182835,0.02235923594600812,0.028323688358002905,0.07399461864406778,0.06608376562619833,0.03938639907201471,040887
2018-05-21,0.008153695235569816,0.013773520690297747,0.013405018877119526,0.02419973155646646,0.018829973266372344,0.013573009004973642,1A1-103
2018-05-21,0.005475133928571423,0.010487838010204078,0.008569961734693871,0.03404288903061224,0.020538801020408157,0.011925325255102037,030171
2018-05-21,0.009237780821917804,0.01867567650158061,0.01690684984193888,0.07904577449947311,0.04924420706006322,0.02864133456269758,060315A
2018-05-21,0.014873699437449771,0.022788682694883478,0.022100703857487275,0.07605017144387889,0.04049130859898204,0.025470702518081974,020197
2018-05-21,0.026446871376183158,0.0329286127905248,0.03345320878140641,0.043740336116755034,0.037240463972446604,0.029891899499479662,020059
2018-05-21,0.007395610885117119,0.015758465422920462,0.01344208900266516,0.053590573011642585,0.030128640763080375,0.017877107238041798,050669
2018-05-21,0.008428640363917462,0.015566392341083422,0.015807655497413326,0.04862946066480347,0.034382689689005166,0.021060114616162206,040186
2018-05-21,0.015976499592046577,0.021206231278850126,0.02122538593510748,0.031177807934973364,0.024189786257558306,0.01901694915112157,1A1-059
2018-05-30,0.011525901195367949,0.018644389708629062,0.012578061262607396,0.056668846189764685,0.030498209749719833,0.017854157639148296,020058
2018-05-30,0.011081659695648303,0.017121466806087032,0.008505570214470052,0.03853503670908604,0.020139599759722338,0.010863475571771824,020188
2018-05-30,0.011341929905111717,0.018786846495255603,0.012805292317110487,0.04268911361085603,0.020908827925721848,0.013658477706356479,1A2-077
2018-05-30,0.013786332742316776,0.017424939742008424,0.011180528959810868,0.04147446423065062,0.020323264210093523,0.010222134597594813,1A1-107
2018-05-30,0.00849142355656377,0.012810892643767398,0.007572581914512915,0.032014152134751006,0.015288702408608142,0.007933897490098091,060182
2018-05-30,0.009872225209376077,0.01537348307646563,0.010674142053620097,0.03636016688141136,0.01944851863323258,0.012167362480796858,020059
2018-05-30,0.015004827216715777,0.023920764800428616,0.017283032413608353,0.09360531542994911,0.04237554848647201,0.021944624966514868,020197
2018-05-30,0.012238182397959183,0.01861142219387754,0.012244400510204076,0.06143785714285713,0.03201991709183672,0.017870235969387745,030171
2018-05-30,0.014113368564252814,0.020650328589367932,0.011954321892005022,0.02903996442025953,0.014489890121389706,0.007547316868982835,020138
2018-05-30,0.017303474909842537,0.02445224008268095,0.018961535755123576,0.058194755805259894,0.03184851130266515,0.019161662415339953,1A3-001
2018-05-30,0.01988001446904881,0.02758700364871667,0.025534437279818818,0.0778011144313035,0.05482625534725717,0.03539327723955713,050707
2018-05-30,0.017152428241338735,0.023412416185883644,0.02081207604982922,0.046040658457475826,0.027482434340824945,0.018218951318924186,050706
2018-05-30,0.019006333187477624,0.027510389036954526,0.019932287581049368,0.04428406758423169,0.025289147340785228,0.016587188631210465,1A1-102
2018-05-30,0.012205043631530276,0.019559418342579748,0.013895206599630141,0.06033133726306059,0.03808872572815533,0.021382771324549237,030172
2018-05-30,0.015375221549992648,0.02219158281487288,0.017607711507372753,0.05057967667662765,0.028459867853818648,0.01764042509675207,1A2-028
2018-05-30,0.017068453660137876,0.023709228526096943,0.016747419219827104,0.06330933474669,0.03346794761461866,0.019697570111609584,1A1-071
2018-05-30,0.013664645889436606,0.019422837559160057,0.014260094096964387,0.03396455279897646,0.017163234502071148,0.010875257754556096,1A1-052
2018-05-30,0.011076256439926158,0.015461149130782155,0.01050349471030663,0.03572184856875224,0.01779643606909661,0.00945266960768107,1A1-029
2018-06-15,0.006550545168861127,0.01396673803651696,0.006260726958112892,0.021361766876168496,0.008654330721190179,0.004508430327379763,1A1-102
2018-06-15,0.004867377651496592,0.010207181697937585,0.007952898398079654,0.027413799539509134,0.013250248738548957,0.00726382893254298,1A2-028
2018-06-15,0.0064633948117825005,0.011263599715226483,0.004209038444424664,0.030933605499688533,0.01532881529767731,0.007872098647325798,020188
2018-06-15,0.009184197873324087,0.01478107085067036,0.009107555767452612,0.059491309523809544,0.031060295307443357,0.01565829605871475,030172
2018-06-15,0.007447389238428707,0.012244334090163034,0.007458836087099245,0.04060035140606191,0.01859914416238099,0.009173867162709265,1A1-071
2018-06-15,0.005089956107583111,0.009928862065745232,0.0060239493836384,0.041007041464325746,0.019388107022786698,0.010286634292118041,020058
2018-06-15,0.008809808673469385,0.012319221938775504,0.007323660714285712,0.04791633290816326,0.02154294642857143,0.010962474489795914,030171
2018-06-15,0.008497267833281936,0.013117348391407128,0.00773804990235378,0.039058605200945624,0.018265736201048405,0.008915764467057243,1A1-107
2018-06-15,0.007339608290318868,0.011418305967840735,0.007121556694183794,0.03443543700376667,0.01706021685661775,0.009480647097357254,060182
2018-06-15,0.0067774246494200505,0.011591752073174078,0.00781344474061217,0.03467342707386286,0.016829087941152135,0.008520512266854005,1A1-029
2018-06-15,0.002528539570840971,0.006237894221715643,0.003916776475543879,0.018868316195054264,0.008415931289954895,0.004548465607810096,020059
2018-06-15,0.008153436665805563,0.01340520573208188,0.011593981959872553,0.02216521828984759,0.012636211357960904,0.00819913896782342,050706
2018-06-15,0.010046782748459682,0.018890025448700772,0.012957259576747922,0.09551886753281544,0.03637094963836058,0.017639766273774442,020197
2018-06-15,0.011987545608958225,0.020784137518872668,0.0171564314921993,0.07220417935329644,0.040420902113739304,0.024073487669854045,050707
2018-06-15,0.011333817496860611,0.019249636877354544,0.00933165969024696,0.026101584344914178,0.013048382168271241,0.006697433026370864,020138
2018-06-22,0.008464903227182472,0.014663432575076003,0.011386161836104735,0.04846872021778242,0.023172545255010266,0.013310790081901096,1A1-109
2018-06-22,0.013470138389728149,0.02283213419180697,0.020207619525180066,0.07764629378737496,0.0397990502110145,0.02410188600742651,040576
2018-06-22,0.011610488503561021,0.0183925711224512,0.014583858485634099,0.0463375527907662,0.02363677805152577,0.015192192257874519,040826
2018-06-22,0.0040249613150881046,0.012913237201161542,0.006878790524682762,0.02083396575042762,0.01035524603206173,0.006032164863359717,1A1-102
2018-06-22,-0.0017379922108460314,0.004876491329055011,0.004173390976338603,0.02418094976240631,0.012016985621907604,0.006249964973301326,1A2-028
2018-06-22,0.0015265816326530555,0.007134770408163261,0.004900599489795915,0.04253310586734693,0.019661230867346936,0.009747264030612244,030171
2018-06-22,0.0121032967557252,0.020661857506361337,0.02145020674300255,0.03684574825063612,0.026529007633587794,0.019952344147582707,050706
2018-06-22,0.029663497240767132,0.04020851290857867,0.04041656161000269,0.054029112761934124,0.04385233178327479,0.035458979025971546,1A1-052
2018-06-22,0.007277016620885523,0.014810358788983269,0.010690132554721227,0.06047571623113615,0.028867324180428727,0.01587508614726678,1A1-089
2018-06-22,0.003789909351173973,0.00985573811011299,0.00810907235832519,0.02999480108208431,0.016909425643094163,0.010583586633468195,060182
2018-06-22,0.006491375988582979,0.015122526609977992,0.012237603764048281,0.07707110795623474,0.03506749970268181,0.017390454896830585,040186
2018-06-22,0.003981005049796601,0.01365023881329779,0.009919176602609055,0.07328408717912752,0.032028466825641734,0.016553666362743715,050669
2018-06-22,0.006334705297633553,0.012529087530637686,0.010956871040391591,0.03587602753450766,0.018880381037954887,0.011542046617670205,1A1-103
2018-06-22,0.0019029889357218082,0.013846520021074808,0.00841049157007376,0.11539923287671233,0.04877043624868283,0.02181586933614331,060315A
2018-06-22,0.006359890472249513,0.015101434895429216,0.012255634148864623,0.060519567966689086,0.02864823626269415,0.015603826833221241,1A1-017
2018-06-22,0.0025367180998613,0.010270953247803976,0.007062321139620896,0.05502459055709665,0.0285528750577901,0.013745227981969485,030172
2018-06-22,0.014732625262117448,0.021166577623714836,0.01672096826415894,0.0706726114518766,0.03403007662605196,0.019941012165944596,1A1-105
2018-06-22,0.006846327988488019,0.013753415561722677,0.010927069071847048,0.03883555671189228,0.02083783559461404,0.012725855689176684,1A1-107
2018-06-22,0.0022704118671309902,0.013224244575408516,0.009681341414411997,0.08925951245646933,0.033666181355478164,0.016231365523707478,020197
2018-06-22,0.00613441211625566,0.01748283310266734,0.016244568444891794,0.07848704705586314,0.0484652922118772,0.030580310140915952,050707
2018-06-22,-0.0006067043332088182,0.005877768957788565,0.004261412028389984,0.03497970816212179,0.016511542304818827,0.008982146059021291,020058
2018-06-22,0.011213274052244352,0.02157335228844653,0.01780671046089691,0.08870316316834075,0.043688781610232354,0.023431994597141195,1A1-110
2018-06-22,0.00753759673482252,0.013340527162869913,0.01063871537161596,0.04485840424426124,0.022163028923208965,0.012778436265667001,1A1-106
2018-06-22,0.007001130486410409,0.014525401640425711,0.01304941188758905,0.052005764579118645,0.02609800466179962,0.0158945939616501,1A3-001
2018-06-22,0.006284483089193953,0.019917814249559004,0.01881919146406932,0.11104045939105754,0.060372986425339344,0.030272750594370724,040887
2018-06-22,0.002472882071342596,0.009427437383740005,0.006945097631031837,0.03770310438778856,0.01803563669438669,0.009719652642521066,1A1-071
2018-06-22,0.00011852346498834793,0.005315238490509934,0.004735123271718119,0.017768741389563393,0.00882953652311809,0.00544803818325982,020059
2018-06-22,0.0018223654000177943,0.007829993325620713,0.002723017931832335,0.026896778277120236,0.012847927160274095,0.006277184301859925,020188
2018-06-22,0.008289580870499727,0.01864926383664696,0.013740664069496682,0.0743366801003045,0.039944075765717346,0.02172137784345333,1A1-087
2018-06-22,0.006190773441711941,0.014352460118331734,0.012762974260080997,0.039942170198648014,0.022482389444144935,0.01367945845256362,1A1-029
2018-06-22,0.004604334449560483,0.015313574717454988,0.006500326496442017,0.02072084449560485,0.01046415550439514,0.0053182262452909105,020138
2018-06-22,0.00663297832537917,0.011572336678923892,0.010706128172815767,0.02537507818175723,0.01542009646980585,0.010961979971163846,1A1-059
2018-07-08,0.027568795217235546,0.03868215799515109,0.032003393152326635,0.09948330977766752,0.05159016303000251,0.031830029961153805,1A1-029
2018-07-08,0.021470251799992037,0.032683692668761685,0.023183117069095812,0.07279952305183185,0.03478467341580812,0.022964314909105367,1A1-102
2018-07-08,0.016358168187744455,0.03551714759567451,0.03142048278242195,0.17228039266814932,0.08003700283764091,0.04521422252473346,040887
2018-07-08,0.023414713125068376,0.03146520166320164,0.025349668973629495,0.08682848421599737,0.0416836302385381,0.02601010468869679,1A1-071
2018-07-08,0.02565336602525274,0.035904964473745506,0.03298643712435352,0.09620384277593996,0.05156336427805989,0.03426786434794764,1A3-001
2018-07-08,0.013774955649219931,0.023013851912430792,0.019761492513839962,0.08957728359335683,0.046325354177151494,0.0282029960367388,050707
2018-07-08,0.014119523248813865,0.021466349767798484,0.017926699232803437,0.05254074369329328,0.027242130084782035,0.017322181400232114,1A1-103
2018-07-08,0.015111153942309333,0.027707678322040023,0.021701848824979723,0.09945369756375107,0.04628574359040671,0.026440252590561885,1A1-017
2018-07-08,0.015497502787247274,0.023971151883535942,0.016989565725434707,0.08533177435089292,0.039948585257605966,0.021804488432923826,1A2-066
2018-07-08,0.013908739203532463,0.017969042959548473,0.012051042349865591,0.048992943151690914,0.020530445692036242,0.010634137829898475,1A1-105
2018-07-08,0.01586022786701531,0.035501833208815864,0.03033043612252521,0.1311000051363467,0.06483899654463954,0.04174366034740381,020058
2018-07-08,0.014216785455516176,0.021468782678415246,0.017885452977410447,0.052291150457952976,0.027090457496022523,0.017204491455487463,1A1-103
2018-07-08,0.012195178117048339,0.03395551526717557,0.029777054707379135,0.11945903307888041,0.05922871501272265,0.03907821246819339,020059
2018-07-08,0.016659628422425025,0.035900095482782404,0.031921672866017325,0.17281643703504868,0.08034000690236981,0.04545511906587925,040887
2018-07-08,0.022903705462545623,0.03568215684696286,0.028351186601201988,0.125907124356085,0.06135097469950642,0.035962991226658074,070859
2018-07-08,0.020209011746907538,0.02509746284595533,0.017054115422265724,0.061332700676337115,0.02765102763193023,0.01673249977752068,020188
2018-07-08,0.012795561363777375,0.01720665832273375,0.0119688096613824,0.04676483441397284,0.020152937290593777,0.010862828108518944,1A1-109
2018-07-08,0.01724142762653612,0.028964684494226418,0.022222295514674962,0.11043141328536456,0.05318421321365876,0.030527181959795258,050215
2018-07-08,0.009136415829220429,0.01651341306416126,0.011989194565023484,0.07778502215020512,0.032569771362311935,0.015342230629719924,040186
2018-07-08,0.016973285433677373,0.02612025591203202,0.022075753042674468,0.058500379390694704,0.03137903121629948,0.020821392293175176,1A1-052
2018-07-08,0.011503089943848105,0.01650584235589751,0.011359788829341692,0.04686609573742011,0.020296980420518695,0.010964994823012962,1A1-109
2018-07-08,0.0115009089017066,0.01813453454837367,0.013556096063507161,0.07947378411726226,0.03314667449604567,0.015574084557293217,040186
2018-07-08,0.01321877879961842,0.018951382932757485,0.012763525018677958,0.04455809368032346,0.020202613594024633,0.012225761796358866,040826
2018-07-08,0.016794922532688515,0.027162417607021306,0.018917958982625823,0.10079772389396383,0.0471169505642128,0.025933680368977242,1A1-087
2018-07-08,0.015042092924650665,0.02311691474396919,0.016369773017498822,0.08504374320765135,0.03737804604829971,0.021030375266871973,1A1-089
2018-07-08,0.016290160168598522,0.031241217597471026,0.023552756585879877,0.17112402739726024,0.0746431606954689,0.03893499315068493,060315A
2018-07-08,0.018994043664612912,0.02749907982855612,0.02082295941601929,0.1170057527457809,0.04519920104473615,0.022751031342084112,020197
2018-07-08,0.016612441849481664,0.025539298238363983,0.01824797134389685,0.07855173601435755,0.03687573505797339,0.020445031525255637,1A2-078
2018-07-08,0.025230380177387407,0.032853054335658306,0.03190957439938,0.0632595886075949,0.036850194609489365,0.026965185854932714,050706
2018-07-08,0.017944929926238147,0.032270499999999994,0.024523463119072712,0.1715241538461539,0.07474814172813488,0.03886568387776608,060315A
2018-07-08,0.013773791587753706,0.020902277390876405,0.015824547586381736,0.05552981381511255,0.026587515770165666,0.015216222094635912,040576
2018-07-08,0.014408200577374158,0.02618758512259172,0.019427330596820433,0.10527539950081197,0.05059478321404952,0.025469029490186687,1A1-110
2018-07-08,0.015142575778405137,0.019503779716199782,0.014745501847517738,0.05205910586511439,0.02364772334511363,0.01335792501290914,1A1-106
2018-07-08,0.010823613061797752,0.021782150632022466,0.01684620962078652,0.0731746488764045,0.035991211376404486,0.020436504564606738,030172
2018-07-08,0.02373530242779405,0.035871635621598966,0.021335444746755954,0.05827950606948514,0.028686790498116347,0.018309936165759735,020138
2018-07-08,0.009674645994858195,0.01401497257029496,0.009370544950302633,0.045444401303670154,0.018642276918561098,0.008410757707645908,040707
2018-07-08,0.014490415691494684,0.01903267382090809,0.014275623428268684,0.05151101549768973,0.02340788861580347,0.013242055774247407,1A1-106
2018-07-08,0.01876572091170726,0.025751399295919408,0.019115290882927318,0.06625371954979954,0.03187433973172989,0.019817718162195495,1A1-107
2018-07-08,0.01291700694207089,0.01725266024960047,0.01134143143838968,0.047990193666688274,0.020142845394584902,0.010474468236446096,1A1-105
2018-07-08,0.013246808272713193,0.020461367512768922,0.015311150402414474,0.055297061677758844,0.026499434955889183,0.015146103157405971,040576
2018-07-08,0.012450747025121191,0.016231013295137358,0.01098968243474854,0.025973258288036816,0.010876836957054005,0.0062226117721952846,040704
2018-07-08,0.01006770412207689,0.017396188895494782,0.013038817710397669,0.044844976549081775,0.020703727870260265,0.010728052913198567,1A3-048
2018-07-08,0.013987852031931577,0.02739251245711132,0.021591635933378147,0.09899255823376255,0.04624135355781991,0.026333931016051977,1A1-017
2018-07-08,0.01442786841683206,0.02614572785228844,0.019369678344459837,0.10462954892644497,0.05031074930334201,0.02528570938834429,1A1-110
2018-07-08,0.014891301187871209,0.022950043830186305,0.016172638440869178,0.08445721951008624,0.037141516747254806,0.02087715275052712,1A1-089
2018-07-08,0.012628885863681319,0.01860314251117265,0.012439508975161773,0.04415944144687176,0.02007326960402778,0.012143185299734523,040826
2018-07-08,0.013819563950889116,0.01924023008852032,0.015361251676520901,0.05118251420851448,0.024008283983078325,0.015906306680376885,1A1-059
2018-07-08,0.011921554037062278,0.018030484891752633,0.01420926643828727,0.05062855845748902,0.023896145049792664,0.015954593737076826,1A1-059
2018-07-08,0.011352075030276338,0.01650434217769459,0.010519533193878671,0.03552230127711109,0.014517502752394582,0.007258229384564567,1A2-076
2018-07-08,0.024356747716281567,0.03218981461579795,0.02391911203653949,0.10394741223356618,0.04838401441877128,0.02622222102812108,1A1-087
2018-07-08,0.023066006500925433,0.038301854191897244,0.03465427869052245,0.10400909164134084,0.05518073623837486,0.038460003960727844,060182
2018-08-09,0.01421754147376543,0.016164646508487656,0.01272499807098765,0.04622190779320988,0.024421548032407404,0.014002527970679012,050707
2018-08-09,0.012454027175222936,0.02388259701132802,0.019511661243673168,0.12151574957821158,0.05916071914919257,0.028689731561822116,040887
2018-08-09,0.020043043708846447,0.030080520979695286,0.02045604375017217,0.09143858810645512,0.041326997789073484,0.020004599243739155,1A1-029
2018-08-09,0.01474577110187109,0.027882507692307677,0.019283641372141367,0.12360893222453212,0.055538098544698496,0.025218762162162137,1A1-110
2018-08-09,0.011704463898357605,0.018801223272389204,0.011144896963123633,0.0590847931515339,0.02339704834211341,0.012084402696002467,1A1-071
2018-08-09,0.01941424005473561,0.02520157755840093,0.01747277123448343,0.0688274232724074,0.030447881927475315,0.017497438178086216,1A1-107
2018-08-09,0.017548826963673134,0.021525790416923218,0.015939022341454827,0.058148776937285596,0.02369930512797959,0.012803184207054263,1A3-001
2018-08-09,0.01458051783220968,0.017491005624925195,0.013885453823752338,0.03154653131607292,0.013305153688115847,0.009008000418877397,1A1-059
2018-08-09,0.014781550737352227,0.019425315599281456,0.013677754250741522,0.045273404144211896,0.016277868049463178,0.009065733467017589,1A1-106
2018-08-09,0.02007903027055987,0.027055470131261715,0.01911275113849451,0.11501490892043935,0.041431325341548364,0.018412020492901155,020197
2018-08-09,0.020483914817915446,0.030015738802846366,0.015197062578484716,0.0363174738384261,0.013854590832984513,0.007093207408957718,020138
2018-08-09,0.014424736417869264,0.021009021319333073,0.014869198606872512,0.06922271129674647,0.026435803203503486,0.01232089704132829,1A1-017
2018-08-09,0.0068710074626865646,0.015716293532338305,0.008704785447761189,0.06483567164179103,0.01637229166666667,0.00739172885572139,050669
2018-08-09,0.014093159591617407,0.02072171861006627,0.013359653859931929,0.06572029419666847,0.025123969639978507,0.012030088214221744,1A1-087
2018-08-09,0.014106393679015283,0.01999663465540821,0.014823970833085563,0.07675518418861867,0.02971488151870131,0.013397558571683411,040186
2018-08-09,0.012689740477409832,0.0172327822524326,0.010871007429183328,0.053369652251701004,0.01942579170352436,0.009301209437124643,1A1-089
2018-08-09,0.015153733515090025,0.019603356264265785,0.01156625285315749,0.029760993532843016,0.013270597260968797,0.008489635429875728,1A1-102
2018-08-09,0.01424107652945612,0.02019490598186305,0.015019563636370237,0.0462578863077782,0.01961929688124149,0.011186378306249951,1A1-103
2018-08-09,0.009403343212658597,0.012327277715181498,0.008450903958261894,0.029462393940136188,0.012689989957380101,0.0070343043648655205,1A2-028
2018-08-09,0.010483692745950282,0.018809702597839734,0.01126333771326321,0.037267347165053526,0.014109373342762495,0.00895540192254317,040826
2018-08-09,0.014647298492327416,0.023116181793101404,0.016315047571469062,0.06267085110428443,0.025657313516858793,0.013039467318848145,040576
2018-08-09,0.013475854067134068,0.018201883356859218,0.01146303156217037,0.04800553047636036,0.016024068956691687,0.0076919283404169436,1A1-109
2018-08-09,0.016313646758057524,0.019831496101724664,0.01302550254958292,0.048888230118333945,0.01707820610052378,0.008223959566940406,1A1-105
2018-08-09,0.0067035447761193915,0.018803134328358197,0.009421940298507467,0.1118344029850746,0.039804925373134334,0.018068843283582086,020188
2018-08-09,0.00788378763866878,0.017468852350765975,0.009989578711040675,0.1321600792393027,0.051548354463814054,0.022580206022187004,060315A
2018-10-05,0.0032660385271979474,0.006484418988127566,0.0033265060914099433,0.013149876328858537,0.006110833611391321,0.002859093369286873,1A2-077
2018-10-05,0.008991862410560362,0.014330197062365699,0.010012416523012258,0.05080477696176824,0.026202949795735234,0.01251708745601813,1A2-078
2018-10-05,0.0048815091476822866,0.008908160788108011,0.006205080591960587,0.02870268207406103,0.01275503320432755,0.0061897897792242045,1A3-001
2018-10-05,0.007247162149427021,0.015172486335193008,0.01186796787827955,0.03200679539071925,0.018493015445943933,0.011842565520393554,040850
2018-10-05,0.005251059488387466,0.009679096275174246,0.008000310562856426,0.035457958199024746,0.0179758925668788,0.00968276324489626,1A1-029
2018-10-05,0.010722746728708397,0.019807842780597832,0.020035173322053002,0.05610716621545399,0.03661335614777209,0.02341553970671178,040852
2018-10-05,0.00024236872196322908,0.0066847389831999225,0.005007068453689852,0.02809909831559503,0.012702325072565739,0.006199898188055234,1A3-001
2018-10-05,0.006156852194470134,0.009953182110186032,0.006592428564086745,0.03050052266419981,0.014413860751361895,0.006759832588138552,1A1-107
2018-10-05,-1.1982598742924842e-05,0.00501874239543726,0.0027897578179560743,0.013031696962054787,0.0060957919414914245,0.0028594096182199048,1A2-077
2018-10-05,0.005508091585512633,0.010413303506948237,0.0075668928219717714,0.03424217447204293,0.01612779447970237,0.00811264700733121,1A1-071
2018-10-05,0.005754620193853222,0.007500336346873537,0.004453170646642443,0.020010404720168365,0.009973720044035479,0.004902935350919226,060182
2018-10-05,0.006454095176648569,0.009584653377235915,0.005400101450565097,0.028136544451366034,0.012713339414434456,0.006039507653288241,020188
2018-10-05,0.003396461524094134,0.00749643210683601,0.0063969406051550175,0.03773324710496825,0.019184060515502425,0.009682147926783709,020058
2018-10-05,-0.0024432523905385047,0.0038894426270759887,0.004875525918470052,0.029811344677906398,0.01875800893306492,0.010947822093608455,050707
2018-10-05,0.007780315545566648,0.017082829667051193,0.01223979951469827,0.028434318588647128,0.01584641811527905,0.01035899488842038,1A1-102
2018-10-05,0.004504057767282538,0.00685584417238808,0.0043111787933406845,0.01645658229177117,0.009198631557541501,0.0051951278362262765,1A1-103
2018-10-05,0.002501287600971303,0.005018362778135681,0.0037754579017790736,0.014726196664849589,0.007218415927449328,0.0035595163288567296,020059
2018-10-05,0.006829547950709883,0.013369479641039376,0.010928970667023844,0.07810271162603803,0.03096478703455666,0.014419326948834719,020197
2018-10-05,0.008750998946259218,0.014976558482613278,0.015744535827186507,0.09637051369863013,0.044215219178082195,0.02049990885142255,060315A
2018-10-05,0.005005299744897957,0.014589897959183671,0.013624279336734688,0.06207050382653061,0.03205799744897959,0.018036269132653056,030171
2018-10-05,0.007252215532968459,0.012569995409073593,0.011469358974358974,0.04624745270744369,0.02559727571620459,0.013701462540847236,1A1-110
2018-10-05,0.00860807451191116,0.012915531076482172,0.008913643202579249,0.044232686727565834,0.02404642083109439,0.012414551316496502,1A1-087
2018-10-05,0.006603322345349977,0.013583488918501894,0.01062049410857062,0.056768946556319255,0.02486650862673586,0.012499466615233544,050669
2018-10-05,0.005262306212447998,0.009367839296718519,0.006640853335387455,0.01922804754660298,0.00972813441688491,0.005325520201047603,1A1-052
2018-10-05,0.008175837329484613,0.009801572333109434,0.005627509544205967,0.027134544156085995,0.013174966329238532,0.0065033313103163935,1A1-089
2018-10-05,0.00721539643854406,0.012547173982266199,0.01219931575466614,0.03290350977318375,0.018175249105961896,0.011165654974770975,1A2-028
2018-10-05,0.0042569324976808095,0.005205027355232412,0.0032496213996713944,0.010083940327033337,0.004665817764974126,0.0022851161689262404,1A1-059
2018-10-05,0.02116981163666805,0.04216978442863124,0.02845887714524907,0.030726015069066553,0.01792173503557974,0.010530789033068227,020138
2018-10-05,0.008116725132276903,0.01085932376155955,0.00815490966945862,0.026250568405099244,0.014423167671457024,0.008313139187494554,1A1-106
2018-10-05,0.010918031674208135,0.018898494132985645,0.021696730385765774,0.08040430573663622,0.04977173115269575,0.027721312025462064,040887
2018-10-05,0.007734073133080334,0.015429792564481886,0.012240666366501575,0.056477795126605335,0.03144355240024869,0.017599857475182785,1A2-066
2018-10-05,0.005331622458971939,0.009431583225557273,0.005957958150699225,0.017842970342562107,0.010405532345499843,0.00653219583252867,040826
2018-10-05,0.005021061182089341,0.00882475702167278,0.006764614950257758,0.032293344928360807,0.016112738279970333,0.008613689934309204,1A1-017
2018-10-05,-0.0011072307615029176,0.005498555928700589,0.006200061281896725,0.02131398124228595,0.011549241080398403,0.006653844829070865,050706
2018-10-05,0.003728649638799762,0.006787263733797542,0.004564267197195314,0.020453438832513465,0.010125504725020778,0.004957745197644169,060182
2018-10-05,0.011913631488917737,0.02072607286270609,0.01776369375462521,0.04233450954761068,0.025459988565917368,0.017398068428587037,040874
2018-10-05,0.00615322948347055,0.012325768118092124,0.00922573078159385,0.05552142422668941,0.028566724958583648,0.01357117072175654,050215
2018-10-05,0.008736761552242971,0.010514112641155293,0.007437943223769925,0.023900706377582705,0.012801121680523657,0.007301891209592347,1A1-109
2018-10-05,0.006432717696930672,0.013205950284395791,0.009525062593904269,0.05374267353509338,0.027207649951706398,0.013791237229019114,070859
2018-10-05,0.006081086089992887,0.009652190978541012,0.005256231397744169,0.02079589170738919,0.011115885356525915,0.005681196364073045,1A1-105
2018-10-05,0.0032962443190571447,0.008570597943306108,0.006613362020489911,0.019422391965798803,0.009764975774148808,0.005336117085194878,1A1-052
2018-10-05,0.006141951571890891,0.016331191054091535,0.01663687586685159,0.06318295249653261,0.03922195648404992,0.022257355235783628,030172
2018-12-08,0.7984047989139659,0.8291198606397419,0.8866718331070763,0.9023746947649756,0.1286898954267775,0.1454734095537078,1A1-102
2018-12-08,0.09547756290890794,0.0526239855938601,0.01047155793910418,0.021975719992450935,-0.007749185015098145,0.001290159788626067,050707
2018-12-08,0.7307076489553526,0.7462564945513704,0.7920550081337461,0.8045507295872363,0.08375905775939792,0.10472901130884715,020138
2018-12-08,0.7830846362035075,0.8024532469258996,0.8553857889381046,0.856272555473755,0.10443899035331641,0.12380327153695929,060182
2018-12-08,0.5833204615621425,0.6057175848799365,0.6372435749626176,0.6640829944366257,0.08714825622306271,0.09534552148385962,1A3-001
2018-12-08,0.7141263090922452,0.7447959612746777,0.7924654188507327,0.8062805685102631,0.10852401827266935,0.12223717153284669,1A2-028
2018-12-08,0.7108938127962086,0.7355817488151658,0.7999974360189572,0.850500443127962,0.08024082227488151,0.1030021682464455,030171
2018-12-08,0.6974952328924668,0.7203664807360551,0.7659605980448532,0.8097237392179416,0.09546426538240366,0.11336770414031055,1A1-107
2018-12-08,0.7583353628128504,0.7866710875046695,0.8432682344975722,0.8847493598244304,0.11174250140082183,0.12763308414269706,020058
2018-12-08,0.7971570529935277,0.8069136474225619,0.8619643533287106,0.8521225349630146,0.08525729340036987,0.10600696197411008,030172
2018-12-08,0.7517554897262945,0.7583311140514916,0.7996000574348001,0.8132889732633383,0.0948213108900013,0.115617571419851,1A1-071
2018-12-08,0.6831729647201947,0.7143715608272505,0.7704432846715329,0.8492172688564477,0.1005641204379562,0.11383295742092457,020197
2018-12-08,0.6672471038282405,0.6866969263319321,0.7280537274224697,0.7807584255367489,0.08591018374417812,0.10043448227876862,020188
2018-12-08,0.7297596644874683,0.7577883422247234,0.8017773524676034,0.7935086511018857,0.10020417507953747,0.11405043084115779,1A2-077
2018-12-08,0.778564470195723,0.7958541814783997,0.8459114417661133,0.8630957818142635,0.09271879694303664,0.11273596966071725,1A1-029
2018-12-08,0.7162684025381297,0.7373998624248954,0.7793005733900775,0.7802519380295797,0.10731315180634729,0.1185498159759667,1A1-052
2018-12-08,0.8725012565042866,0.8851923054908569,0.9432939577035534,0.9334856661628427,0.11474114549779471,0.13523336079587692,020059
2018-12-08,0.8122643864634466,0.8395433934670917,0.8949391175119845,0.8929581126754503,0.13883962986882523,0.15605102256092324,050706
2019-02-01,0.8756705969054419,0.911539811985707,0.9597570710913764,0.9169877282774536,0.14698120606914167,0.16214317003116732,1A1-059
2019-02-01,0.8055670792818489,0.84438359801786,0.8926770801613862,0.8742574528231274,0.13643482935108872,0.15486264804293645,1A1-106
2019-02-01,0.7850475961824345,0.8006221754771958,0.8344614757388354,0.8127149525777485,0.08286597951477669,0.11367536748528273,040186
2019-02-01,0.8969507326936601,0.9218976904953279,0.9695932754948261,0.9269617592685627,0.13118786406108718,0.15499060137646936,040576
2019-02-01,0.8237722268199614,0.8525356704990333,0.896848249789385,0.8739865167996437,0.12815912037266464,0.14541342633430793,020059
2019-02-01,0.7143792615541703,0.7454484301196619,0.779960349222557,0.7639753862317294,0.11915636260389806,0.1355883586271139,1A1-089
2019-02-01,0.820900886195458,0.8371157362821947,0.8761838115901456,0.8559441930291152,0.11593889137737959,0.1372274874020156,1A1-017
2019-02-01,0.8560046505899976,0.8968232234934074,0.944052081894051,0.9221256083075772,0.15050469032716077,0.16519239773524125,1A1-052
2019-02-01,0.7455047035171439,0.787635140950866,0.8264192833156593,0.8162281322905622,0.11302224946977728,0.12602434473312127,1A3-001
2019-02-01,0.7768356305060558,0.8023360171694354,0.8419162342305411,0.8279774260748454,0.12755495040609396,0.1455634630187944,1A1-110
2019-02-01,0.918835189973061,0.9661753744358531,1.0289058213798419,1.007608850802925,0.1589798777245216,0.18033422278977015,1A1-105
2019-02-01,0.8021953385522571,0.8296493262843978,0.8831680801816456,0.8632198366544671,0.11839479869865802,0.13589778636302022,030172
2019-02-01,0.3964199484328959,0.36456935708545407,0.3444439244575409,0.3095275287972141,0.03207574872756496,0.03529209951781409,020197
2019-02-01,0.04839631034482757,0.12460070689655174,0.13339444827586205,0.3222174137931034,0.059421534482758644,0.055428344827586226,050669
2019-02-01,0.7321774139005074,0.752573464225327,0.794092850182433,0.802910504805553,0.09880492213224173,0.1190224977752069,020188
2019-02-01,0.7971556100611451,0.823385901889939,0.8812361416064479,0.8910504544191218,0.11345288771539744,0.13285627015008342,030171
2019-02-01,0.7569932816585733,0.7879571876167354,0.8294585758311543,0.8375132611131868,0.13023049355621966,0.1429898361038476,020058
2019-02-01,0.7734869735982178,0.8020167655774234,0.8446254048644636,0.8507918141106563,0.1226544793910137,0.13835348700334207,1A1-071
2019-02-01,0.7872301744689398,0.8239548188214726,0.8683595318046217,0.85164768655013,0.1404885234186232,0.15789820035495866,1A1-109
2019-02-01,0.9448226505556221,0.9848352261321542,1.0446233313418567,1.0035329456924367,0.14617064732943003,0.1708895097980643,040826
2019-02-01,0.8580971429139567,0.8761114379030605,0.9161679852242679,0.8701817334852929,0.1252115094166203,0.14440826830683817,1A1-103
2019-02-17,0.7726979305135951,0.796819501510574,0.8375278927492447,0.8150458534743202,0.11059177114803624,0.11791819486404832,020197
2019-02-17,0.8001403329015542,0.8325176645077719,0.8725017810880829,0.8382056904145078,0.12545918005181347,0.13599153756476684,020058
2019-02-17,0.627169812374467,0.6556799904472641,0.6838046862293637,0.6801524995101164,0.09109081675892813,0.09585330806348896,1A2-028
2019-02-17,0.7772491085164834,0.8096012252747257,0.8454035535714288,0.8174935618131868,0.12326651373626374,0.1325791030219781,020059
2019-02-17,0.7255317866468963,0.7599132814088737,0.7905953449198894,0.7610337337659833,0.09457207410260349,0.102121571233246,1A1-052
2019-02-17,0.6608499809824094,0.6766799762201456,0.7041635875595734,0.6911214899445197,0.09950887248695836,0.1059091582097663,1A1-110
2019-02-17,0.7427406511578498,0.773806325286807,0.8064783978648822,0.7954979113554282,0.11912678948905886,0.1278587551784576,1A1-071
2019-02-17,0.7391258104582529,0.7625462769448167,0.7973827124584305,0.7762519838512252,0.12094698755525847,0.13004334977332932,1A1-106
2019-02-17,0.7865817744027307,0.8157492054607509,0.8568649941979524,0.8423605068259389,0.13474113515358363,0.14493226723549488,040186
2019-02-17,0.7528612042746642,0.7848275883008557,0.8185347660201467,0.781557369903507,0.11181549028099994,0.12083637746912286,1A1-059
2019-02-17,0.8143097518049398,0.8353752272031247,0.8716333275530298,0.8299943072204492,0.11449048118039336,0.12424693204646807,040826
2019-02-17,0.7959043527110973,0.8264455924534089,0.8659160942173476,0.8396764163279392,0.12744402063041646,0.13850542372881353,040887
2019-02-17,0.751382775511161,0.7869604426936785,0.8207390935096607,0.8037211072031515,0.11040291760457696,0.11839995990433319,060182
2019-02-17,0.7755140254526854,0.7970323750427921,0.8301575647867241,0.7965786147634834,0.11644085299594172,0.1270628436241515,1A1-103
2019-02-17,0.6236560797447047,0.6529953548884837,0.6826833041099734,0.7047206946977136,0.11608926251928736,0.11811598821714125,050669
2019-02-17,0.7262367454583054,0.7526237055382117,0.7872987414073629,0.7695948048053303,0.12111975318359922,0.13004965555711032,1A1-109
2019-02-17,0.7936349179908048,0.8190501661624227,0.8558402160707064,0.8298902413821865,0.13905810378302413,0.14914733997188934,040576
2019-02-17,0.6989580958651567,0.7314277087174085,0.7643675085593891,0.7646917072688967,0.10511139188833289,0.11072670068475111,020188
2019-02-17,0.727569857121484,0.7416275444344704,0.7710431539497307,0.7530166425336672,0.09684962996067217,0.1074506079430342,1A1-107
2019-02-17,0.7077346382966024,0.7413388976847798,0.7754891203556367,0.7563738285663142,0.11134642662502987,0.1177460216604344,1A1-102
2019-02-17,0.7343987187564732,0.7583889705746969,0.7920682862091194,0.7713232293320906,0.12314998981564604,0.13151728175562158,1A1-105
2019-02-17,0.6315828333626529,0.6618657745843963,0.6876697304072479,0.6695106282434687,0.08423366138182778,0.0913333890403729,1A3-001
2019-02-17,0.5799987891814438,0.6107833866200968,0.6339299193981731,0.6515474646247538,0.10883028031524267,0.11169684130395842,1A1-087
2019-02-17,0.7239156720528829,0.7567073789937567,0.7895386402864488,0.7819640778553066,0.11842644271024606,0.12577317627616602,1A1-029
2019-02-17,0.6406575171005067,0.6624386279194495,0.6887627738693123,0.6770041701552634,0.10687372824125999,0.11452592739772793,1A1-089
2019-02-17,0.6016346460283798,0.6255636871756404,0.6494295421903822,0.6475026626752178,0.10871789229124643,0.11535716723564192,1A1-017
2019-02-17,0.30091299544298444,0.3280116722866175,0.33769284299262375,0.39467689409905166,0.06174603740779769,0.06170266332982088,060315A
2019-02-17,0.03670966376885706,0.03481957491690104,0.012533556635131678,0.052871964331373054,0.0005452934032216793,0.006289945666070054,050707
2019-02-17,0.8404345058698588,0.8509685458824885,0.8907604775538909,0.8631386610551395,0.11102174868681647,0.1246902479979334,050706
2019-05-08,0.006081544506912031,0.010856706645092976,0.010959109973604553,0.020574907765035726,0.01675191318579715,0.011391161847383572,040576
2019-05-08,0.005736634213771428,0.012162858805043954,0.0088687648673376,0.01732377053582084,0.01156651278889375,0.007944462289669435,1A1-102
2019-05-08,0.008649911474097294,0.013439172408668813,0.013247772795647407,0.025591736778736836,0.019959675996409246,0.014099859796078076,060182
2019-05-08,0.009655363520408161,0.013293399234693876,0.013747914540816322,0.035272653061224485,0.026881262755102026,0.018358252551020405,030171
2019-05-08,0.006066445807115097,0.010194032010119388,0.01056158781730615,0.019159928646423113,0.015678888740378687,0.011052394507790188,1A1-103
2019-05-08,0.005240396268761396,0.012526542292046564,0.011136120072941496,0.047752541730958054,0.026451625753962683,0.015493236428671621,050669
2019-05-08,0.00761612808706571,0.01493152469652573,0.010745515906236914,0.01839449979070741,0.01203752406864797,0.007753639598158217,020138
2019-05-08,0.00412978501589101,0.008668888843903724,0.00925255587157635,0.02263515066094455,0.020602104091175945,0.013428235946071775,040707
2019-05-08,0.011724206147772137,0.017315605104342897,0.019305313395375064,0.03412284695431472,0.03168116802030457,0.022563287563451766,040852
2019-05-08,0.006904477856064416,0.01459964771011575,0.01688254560895823,0.04895073225968798,0.03536824421238048,0.02408544885505787,050707
2019-05-08,0.006139748609392002,0.010980764424295743,0.011054311145741685,0.02069734934458745,0.016852576464798603,0.011430191367045945,040576
2019-05-08,0.007651527724518744,0.01773801058363371,0.02488634231919624,0.06746080508474576,0.06208880589002222,0.03735417670066722,040887
2019-05-08,0.007165169696685189,0.010979481420878597,0.010890918176087547,0.022233679611585344,0.017519749847437274,0.011871877896176854,1A1-106
2019-05-08,0.01797108317285471,0.023639695328146672,0.02440068675858882,0.0331383383145894,0.027264466896472026,0.021193932984131872,1A1-052
2019-05-08,0.004279678448146476,0.011566513368066715,0.011334478248751098,0.036331071428571414,0.026586282723354976,0.01636471768401192,1A2-066
2019-05-08,0.00502621420196899,0.010363022121071042,0.010253908300143097,0.0343948557733754,0.020992798884463516,0.012274838962740724,1A1-017
2019-05-08,0.00675099648602793,0.010782113194830963,0.010679945731261596,0.022041202479227986,0.017450775135965234,0.011840972092758119,1A1-106
2019-05-08,0.005608023016299476,0.010933442593587674,0.01029552435966326,0.03423363648576034,0.024780167920472867,0.01578041241268135,1A1-087
2019-05-08,0.010202215961627369,0.013908959778085988,0.015188672850208041,0.03483041753351827,0.033139806403143776,0.021972432096625055,030172
2019-05-08,0.008433112207052784,0.014467989053948412,0.015858279695675718,0.038811340680820414,0.030244165523947004,0.019321417032537435,1A1-110
2019-05-08,0.006354270083843724,0.012514847327109467,0.014373796307308076,0.043218846702741266,0.033226499226972704,0.02128332297674971,040186
2019-05-08,0.006056028231470452,0.010279585421832677,0.01062908512799749,0.019216599273295387,0.01569147438437941,0.011035100631387271,1A1-103
2019-05-08,0.005649965072541641,0.010836771449041731,0.010228289002328493,0.03394891321869961,0.02455811884291599,0.015712364320257924,1A1-087
2019-05-08,0.011288968590381228,0.015739916481317957,0.016242271965217783,0.023419974363201496,0.01894857274982954,0.014695773560706824,1A1-059
2019-05-08,0.007717479978925182,0.015783348788198096,0.016364326132771338,0.0699886248682824,0.04692298682824026,0.028950951527924138,060315A
2019-05-08,0.0056938930360799144,0.00967981452038219,0.009449621459483765,0.021451323932028282,0.01654048524073959,0.010961258085406711,1A1-109
2019-05-08,0.007663203157285719,0.011777377641402867,0.01178442557236134,0.02478795933548227,0.01783868880348237,0.012159359967765937,1A1-029
2019-05-08,0.005993819336725191,0.00980941980905255,0.009592749387292914,0.021587062631848345,0.016609548981665306,0.011005172217224043,1A1-109
2019-05-08,0.002006306151152442,0.008584664671775882,0.009630977352966504,0.02128491597060764,0.013221879502856002,0.00866392046269985,050706
2019-05-08,0.007566830086663082,0.01774293734182069,0.024869790436383148,0.06725870043715008,0.06184571592913565,0.037152955748140176,040887
2019-05-08,0.007386972821170079,0.012620740467619117,0.01229488884386309,0.02355220738465018,0.01845875862296441,0.0128328806591149,040850
2019-05-08,0.008684851771331374,0.014293629649244962,0.013856565166970035,0.019712047769669398,0.017344410299100523,0.013331234416360922,040826
2019-05-08,0.0058508608740763385,0.01082830417417675,0.010089518932113099,0.030026918701322902,0.020440563523840567,0.01280206919715603,1A1-089
2019-05-08,0.008217706732022215,0.014277969737976395,0.015710640514424338,0.03881300189450895,0.030295545829073203,0.01939899778472767,1A1-110
2019-05-08,0.009580937245011486,0.016441462737680188,0.016034405892243406,0.049542517061048875,0.03568648060232919,0.021625574141384166,050215
2019-05-08,0.011301688802885032,0.016435824390887508,0.017124819245316204,0.03696927302313306,0.026789413536810622,0.01883227680534787,1A3-001
2019-05-08,0.006183959659316605,0.010537883638328725,0.009729797257350835,0.024257324046446763,0.018014683057282474,0.011910286389291735,1A1-105
2019-05-08,0.0059086992496659415,0.010753740492342477,0.00867458192003289,0.027966067941206704,0.01617392858978312,0.009563735866995573,1A1-107
2019-05-08,0.005869846587250478,0.014666064230521574,0.015758538769049164,0.04467722357265512,0.03564533435286542,0.02277504512770982,070859
2019-05-08,0.007824412088517006,0.015135018991522623,0.01103503027634041,0.022422240449190795,0.01642352856985577,0.011321029670813608,1A2-076
2019-05-08,0.007145526257776905,0.011985066869152001,0.012225434894430013,0.024726862416107373,0.016691057414392783,0.011594128496546313,1A2-028
2019-05-08,0.004208785020545381,0.007852689110945084,0.007831773907358982,0.026128390922674636,0.018389318733657078,0.011714980388494584,020058
2019-05-08,0.006322428634613208,0.01105724593124182,0.010317869181193606,0.030192678845782927,0.020467741980539123,0.012820071049463607,1A1-089
2019-05-08,0.007192499330297341,0.013724349718724882,0.014746181355478168,0.06231377042593089,0.03591031542994911,0.021967285025448702,020197
2019-05-08,0.005642027726844733,0.0085137914415977,0.00866767914663759,0.017495924599831503,0.012450175429902366,0.008447332994697455,020059
2019-05-08,0.008514720328419522,0.014211317779442359,0.013727107558564844,0.0194714642232223,0.01718689404003223,0.01323545656575707,040826
2019-05-08,0.006026520235005036,0.01038385996231051,0.009624215171865912,0.02427171052996221,0.018106019394381674,0.011980853371269166,1A1-105
2019-05-08,0.011035682958724058,0.01564352171373965,0.01611663107319691,0.023358530976517543,0.018964304160007144,0.014684669795240917,1A1-059
2019-05-08,0.0110779352836987,0.016668092873867217,0.016571283892804718,0.025093856136796537,0.020165975172572754,0.015089325844059743,040874
2019-05-08,0.004916138812738139,0.010238437386851491,0.010158780366902868,0.034415005560440665,0.021107271978827193,0.01235087492887808,1A1-017
2019-05-08,0.007210945962489587,0.01238455095245091,0.011464617305714703,0.015096043411194356,0.014113187405122171,0.010318845918417313,040704
2019-05-08,0.006756539959564723,0.012820572040197415,0.014616325147172501,0.04359213504192186,0.03331827436522566,0.02128579547481714,040186
2019-05-08,0.007777788724973652,0.01575201211801897,0.01638751422550053,0.07014588777660695,0.04713326185458378,0.029061160168598534,060315A
2019-05-08,0.003910494451050331,0.010881137699828241,0.012356022757299507,0.017658654214559383,0.015431873596247855,0.010500637468622006,1A3-048
2019-05-08,0.005202623790152892,0.012629282508065642,0.011211379576378171,0.04827959356150931,0.02686029527282929,0.01568951290503576,050669
2019-05-08,0.00553445114345114,0.010736779215450262,0.00971454051318524,0.0294597030036109,0.018744958255826675,0.011660855947040156,1A1-071
2019-05-08,0.005736736006051433,0.012131111284150566,0.007529049790869444,0.02234766352229242,0.013696200720832963,0.008588013927204766,020188
2019-06-09,0.0028407841090415577,0.010045399026201593,0.0061792312883069645,0.029040303585009777,0.013686310526865204,0.006722717277838256,040576
2019-06-09,0.006145173408162203,0.013968655752685369,0.010811315884756626,0.04812635411817443,0.024669681503129343,0.013046343902481071,1A1-017
2019-06-09,0.015396135504794137,0.02380116756909191,0.021093878962210946,0.05932081931754089,0.03884827571912008,0.024016848533558913,040852
2019-06-09,0.004954020549866735,0.014399566559124699,0.01030780649459952,0.06224943154720157,0.031119392972366385,0.016115105204095943,050669
2019-06-09,0.009133581366897512,0.01525336481704197,0.012180406039619004,0.03822357169023622,0.02146971284507666,0.012726414416842908,1A1-029
2019-06-09,0.005138242994334066,0.01210004354557769,0.007671026157378065,0.04213722838237356,0.02094089061551091,0.010789965480536309,1A1-089
2019-06-09,0.0066861548912778455,0.013449495139835788,0.009122872729631318,0.02872513067238612,0.014686289343141439,0.00883365009743738,040826
2019-06-09,0.018415582560961055,0.026942711325032818,0.02206038108118859,0.03720342306774334,0.02428513315963243,0.01775647629181749,1A1-102
2019-06-09,0.005909521601685982,0.019751537934668075,0.011622456796628022,0.10925823656480507,0.05068700368809274,0.023714400948366694,060315A
2019-06-09,0.007029523507862295,0.013579227138306428,0.009288301722271323,0.028420642135663254,0.014511439463987157,0.008778094772714419,040826
2019-06-09,0.009081897237337795,0.016917614064462124,0.010561897237337792,0.026324754081205506,0.014249344914190037,0.008495751360401841,020138
2019-06-09,0.005974333508956794,0.019832363013698628,0.011600595890410959,0.10963741780821917,0.05082752897787145,0.023727771338250787,060315A
2019-06-09,0.02771312529570903,0.03802167889941648,0.035336390257069784,0.055989824727947675,0.042343278427495176,0.0319924908102731,040874
2019-06-09,0.007159950589459084,0.014083174121590379,0.009776197988904292,0.050117111939435965,0.030606268781784563,0.015868980004623206,030172
2019-06-09,0.014815090157445684,0.02278787569267304,0.020898230934998673,0.05575533600140733,0.03384408149353502,0.022502763655554564,1A3-001
2019-06-09,0.012661473464222705,0.026947085474346166,0.02724067892476417,0.09955620714778737,0.06755498082675052,0.036570729350410294,040887
2019-06-09,0.005706144452801343,0.011735110664960236,0.008466622899064092,0.030090359274445456,0.016612499302468046,0.009958478758635755,060182
2019-06-09,0.011703275731151715,0.018391595551854212,0.01675317187576544,0.03623370548180081,0.02247998591583795,0.015005060745603286,1A2-028
2019-06-09,0.008606624028931155,0.019673388695419236,0.014903438923118134,0.0835151801500134,0.037146533619073135,0.019208223948566833,020197
2019-06-09,0.012187668098617856,0.018852894564811356,0.01589486225252148,0.045200365147553254,0.028203557153530068,0.018185672861412032,020058
2019-06-09,0.024716078439163947,0.03734350452992133,0.03356791603751093,0.10408727429865694,0.06164293769371375,0.03808098883414131,050215
2019-06-09,0.006116893676594477,0.01081463749442489,0.00850951632885673,0.021553667550423698,0.012897589077754103,0.008278021086277806,020059
2019-06-09,0.0034725033024488846,0.01036889834461863,0.005603690174868131,0.03442551084034625,0.016649570843302264,0.008171516932556138,1A1-105
2019-06-09,0.017226110191449533,0.0236260508322411,0.021869834157871994,0.038757792648095014,0.0270744380762616,0.020159870561317662,1A1-059
2019-06-09,0.004117525905460115,0.010648689544807962,0.0065362277875041005,0.036908796121019785,0.01810737471276943,0.009219731589889486,1A1-071
2019-06-09,0.005822295095363143,0.011664073459882074,0.008986883682247985,0.026193365133597227,0.014880853084178174,0.009211032056759114,1A1-103
2019-06-09,0.01770069772134491,0.023865178260479666,0.022035843042591173,0.03876437396772967,0.026884140497133953,0.019984729255569607,1A1-059
2019-06-09,0.006874441471792838,0.015381396981107145,0.01244044110846875,0.03808610764301756,0.019495148467432933,0.01081602457391993,1A3-048
2019-06-09,0.01764170589182229,0.028856086069972118,0.024336739965657883,0.08004735820455043,0.04486405357909426,0.027352133558703584,070859
2019-06-09,0.012424891314614963,0.022096275769239854,0.016013036401634113,0.06123827774104428,0.032384990967482936,0.018034264646846283,1A2-078
2019-06-09,0.018753977210172846,0.03619567433667289,0.0253201010128812,0.10154920786083894,0.05290050891775846,0.0317895040184961,1A2-076
2019-06-09,0.0057284605051047795,0.013617965699444737,0.009085686906680995,0.04648912502238939,0.025782541196489338,0.013442538061973845,1A1-087
2019-06-09,0.012380852826136964,0.026720387107907036,0.02706346959122632,0.09907769997699209,0.0671350400720914,0.03641884136053378,040887
2019-06-09,0.003998444111807405,0.00984049231789414,0.005681075727492706,0.031396886750015486,0.014798843670503187,0.007167649337655883,1A1-109
2019-06-09,0.004115169135164613,0.011307627228106435,0.011421111398145766,0.025470005668934245,0.016587664327334314,0.011165201713596832,050706
2019-06-09,0.0078038386327653805,0.015219127125113073,0.011003786753618818,0.03544928344579312,0.019131424296969266,0.011425171799607965,040850
2019-06-09,0.0059297967830171825,0.015114971754771955,0.01059416275197716,0.06402552298269606,0.032199194267705296,0.015853251174406845,040186
2019-06-09,0.003999643243143373,0.010641640485714024,0.005957787890404886,0.03399027881444393,0.0163567622606302,0.008065742796966365,1A1-105
2019-06-09,0.007263205036931563,0.014601728219275606,0.007388852896680605,0.030572941176470584,0.016242223013259765,0.00890970788466672,020188
2019-06-09,0.00483914066431806,0.014633738990941114,0.014412230435329649,0.05883494432561654,0.04321603076245597,0.027396638462506284,050707
2019-06-09,0.005950023405575951,0.013715412895049907,0.010659678744461103,0.047200183192813654,0.024198563294194703,0.012872369739133431,1A1-017
2019-06-09,0.008634319083296602,0.015455373512560593,0.01083672959208657,0.026160468635228442,0.013703637921747216,0.008256612555702458,040704
2019-06-09,0.0029642468347823472,0.01013794480814829,0.0062335579059606076,0.029117375516351775,0.01365146360558929,0.0066921845966864,040576
2019-06-09,0.00424377197039778,0.011211940975434263,0.006413147163120562,0.03266800968753211,0.01665930966697502,0.008398114914174111,1A1-107
2019-06-09,0.008502342911799831,0.01607530314378834,0.010817736695074801,0.050636174062228013,0.026286228668596534,0.013865326119961946,040707
2019-06-09,0.004718941326530609,0.011852295918367345,0.008133603316326527,0.044769923469387754,0.021918749999999994,0.011341256377551016,030171
2019-06-09,0.005729517898555029,0.015069310667776654,0.010491034072664563,0.06423515549741332,0.03230010391270737,0.015909655854195154,040186
2019-06-09,0.006367698817839869,0.01409480969013075,0.009532090274046208,0.047317976894142924,0.026278018986208136,0.01365225819451907,1A1-087
2019-06-09,0.02042917809252791,0.029886037759237687,0.026201117794162024,0.06942313860863188,0.042433838496529125,0.02726752150433316,1A2-066
2019-06-09,0.0036273049041369615,0.009529060247185119,0.005556961788906838,0.02993022475338489,0.01456863999557399,0.007299157484961673,1A1-106
2019-06-09,0.003802253870137116,0.009668262413135184,0.00559312973102935,0.030928441048272016,0.014580360547093116,0.007111253606440404,1A1-109
2019-06-09,0.007587204907680281,0.01648630855435938,0.012679286752470875,0.058456304434554206,0.03060978679256632,0.016124380084601375,1A1-110
2019-06-09,0.005673306214055264,0.014633831533174355,0.010583230817786502,0.06068074344227803,0.030202874175901253,0.01568879155561789,050669
2019-06-09,0.02540718125096286,0.034310123016484353,0.03332901380757971,0.04747208798721304,0.03745527844322906,0.029098629621783986,1A1-052
2019-06-09,0.007784813365810639,0.016737568061987524,0.01283987471181411,0.05933336483831516,0.031050795804013584,0.016273047793749103,1A1-110
2019-06-09,0.005932322555792837,0.011790030085857207,0.0090600580378259,0.02648957609077352,0.015050457078561485,0.009273842167500386,1A1-103
2019-06-09,0.004969166827399516,0.012154046044974172,0.007701745691805285,0.042599960293442714,0.021339423007854866,0.011045184033574334,1A1-089
2019-06-09,0.003439890003956569,0.009428318876199536,0.005398432778519157,0.03008583205359474,0.0146775429019776,0.0073291576190827375,1A1-106
2019-07-27,0.016493897268832554,0.022768454421040113,0.012914336843984284,0.08864961174580505,0.03306447340235629,0.015231533380935374,040186
2019-07-27,0.006494522862823054,0.01872399105367792,0.009419503433941788,0.045022363545996716,0.016533901138622797,0.010205006325682258,040826
2019-07-27,0.013134280000000002,0.024301139999999992,0.014372379999999995,0.09441512,0.03647854,0.016953159999999995,1A3-001
2019-07-27,0.002699155375611313,0.01611117634089633,0.006658291108794993,0.07618191059354872,0.02982287006600925,0.014205900879232467,1A1-109
2019-07-27,0.023451615936740774,0.025398369167598137,0.017130587512586254,0.055981681269803144,0.019396212252778208,0.009675816189851555,1A1-105
2019-07-27,0.01563353483858422,0.02331631361377932,0.016294643706432094,0.05200036052634493,0.023198521438852066,0.013831339101090103,1A1-103
2019-07-27,0.019216038012707416,0.025180024129103685,0.016512729125586642,0.06324161411307523,0.024167035954382445,0.012189568731910367,1A1-071
2019-07-27,0.013863280341811977,0.02149550625233294,0.011583891377379611,0.08114993587692637,0.030921395576707724,0.014564053018183757,1A1-109
2019-07-27,0.01828280612244897,0.02305098852040816,0.015001262755102041,0.06754244260204081,0.023383724489795914,0.010881409438775504,030171
2019-07-27,0.021826705710623735,0.027121622757049275,0.019271812822964553,0.061310916354721884,0.02366165739309108,0.012585109553647715,1A1-017
2019-07-27,0.014801474447513806,0.022196999309392274,0.015073891574585635,0.07617319406077348,0.03271202693370166,0.018052551795580105,050707
2019-07-27,0.01571991259054665,0.02317679613626976,0.015967516648334523,0.052778469854740245,0.02363618595138839,0.014111299124614058,1A1-103
2019-07-27,0.017542335298196942,0.025619103097549698,0.017302914932963473,0.0830492296578826,0.03361485523578363,0.015297334720295888,030172
2019-07-27,0.018832102091804234,0.02705767905256454,0.018062236809876047,0.056640551119384715,0.020285796306275406,0.010889749669328366,1A2-028
2019-07-27,0.017125695274561082,0.02348897646619351,0.014483347964138958,0.06760166791184163,0.023386737485991786,0.011658434348150917,020058
2019-07-27,0.013647612491270078,0.02170074590940835,0.013939429936146861,0.04959559575476405,0.015637212660879977,0.00826920595131198,020059
2019-07-27,0.024486890168604575,0.030338765359644956,0.020590959664502587,0.0504061618310531,0.020088768018926756,0.013041718599078125,040874
2019-07-27,0.009751497610016644,0.020985228451445598,0.01181640786469016,0.04834255191198669,0.01782231494562061,0.010706303315013347,040826
2019-07-27,0.01948504507318815,0.02510822563370225,0.015630355379031298,0.08924340786028799,0.03335441464357967,0.01520509535285017,040186
2019-07-27,0.019998229355176686,0.03176425675461158,0.019259240959456456,0.11813613836238375,0.04645500174619808,0.020593895926596186,070859
2019-07-27,0.02568736127308981,0.03563877854482524,0.024716445534404267,0.09253092462661296,0.04254006395545692,0.021991521528535424,1A1-029
2019-07-27,0.021877265764027348,0.029250156621856302,0.019461177826375933,0.083953881134624,0.03339930115134749,0.017512370553804585,1A2-066
2019-07-27,0.019645135813718368,0.024861980173325453,0.016057373763742663,0.06451155856550919,0.02452796838107656,0.012765980442691545,1A1-089
2019-07-27,0.01990097672620742,0.025911054898889216,0.017986222230133842,0.06196745605647557,0.0240333415388371,0.012794466269276144,1A1-017
2019-07-27,0.02531287623066104,0.03303553754413161,0.028346569290163333,0.06770613077298429,0.03744358807658084,0.02373299298200293,050706
2019-07-27,0.0260102203116604,0.029237399247716265,0.01957552077735984,0.07241767463729176,0.02808964490417338,0.01340400949310406,1A1-087
2019-07-27,0.018627067504673994,0.028721438104140972,0.01497974203428934,0.0445445119137595,0.014134721150403748,0.008397393492183455,1A1-102
2019-07-27,0.010901795942720754,0.026216301909307863,0.017607389021479704,0.09075161217183764,0.04410058114558469,0.02332608949880667,040576
2019-07-27,0.016752011725200924,0.023447539634482,0.014451100682593854,0.04947839535395793,0.01878677556974568,0.009800806176373437,1A2-076
2019-07-27,0.014039137431521274,0.020082340655288657,0.012387426648756843,0.06682518318057307,0.02461958860092709,0.01147581700379266,1A1-106
2019-07-27,0.016286381100948787,0.029176008846909976,0.020286585071373608,0.09370894296521066,0.04526844516625351,0.023893130502607055,040576
2019-07-27,0.015304917261196984,0.024213939919408102,0.017797674725855465,0.06721763624653192,0.02688320567446161,0.013197383240850836,1A3-048
2019-07-27,0.016866644466487175,0.02084734336727465,0.013429857031518862,0.059181282870098606,0.02013601530395352,0.009110929674689777,040707
2019-07-27,0.013587641358560118,0.019481405995879865,0.011723452645560014,0.06471467052477499,0.023736035861433382,0.011239805377859692,1A1-106
2019-07-27,0.011823625161105036,0.02039731089420301,0.012545599555910444,0.06527618615337204,0.026730327200834902,0.012865913378022462,1A1-110
2019-07-27,0.01677564839691921,0.024158987103707678,0.01474907621350528,0.07148730969013074,0.028623877843453337,0.013674999999999996,1A1-087
2019-07-27,0.02480743861601991,0.02629010937341228,0.01793934022613692,0.05795455102860894,0.020148039130555268,0.009960556889878347,1A1-105
2019-07-27,0.0231951423189619,0.03327318543323566,0.01797722059439096,0.0448050816241105,0.0167740466722478,0.00920533382168271,020138
2019-07-27,0.01834001726164243,0.021411187258214587,0.013621230840801133,0.03858831399049995,0.009901480461289846,0.004611561015621172,040704
2019-07-27,0.011108385315128137,0.019610497737395583,0.01161480846128668,0.06589512070781096,0.026817683907759716,0.012932046056095502,1A1-110
2019-07-27,0.0207054548462618,0.02540291422519008,0.01658211779944532,0.06374127085924464,0.024101230304683016,0.01257128048658823,1A1-089
2019-07-27,0.01986503828759379,0.024890707806557714,0.015591206444650015,0.05003205635214305,0.017640126040703048,0.00812958641689793,1A1-107
2019-08-05,0.009580520632109903,0.017313632485511925,0.009165540378836668,0.08022615985189953,0.03456770503326896,0.0160054594333548,070859
2019-08-05,0.009548115832831014,0.017170555555555557,0.016487681908206313,0.055753538634863264,0.037123006544389915,0.02221562351100777,050706
2019-08-05,0.005851052184371842,0.010738603476371539,0.00610616008380538,0.030964691724218184,0.009755320031815009,0.004260453422053232,1A2-077
2019-08-05,0.01626382931206223,0.021921296346071765,0.014558333636378004,0.06026684510727773,0.027736819572469804,0.013498777728587904,1A1-029
2019-08-05,0.014727806590750845,0.016878228335587334,0.009344019029632774,0.06018571217080257,0.023941489660939633,0.011267564399062116,1A1-089
2019-08-05,0.009665718213588238,0.013754060026724212,0.007201806968855993,0.0426242449121184,0.017722780090451223,0.00830509147908315,1A1-107
2019-08-05,0.010876263723932104,0.013914210199080419,0.007284854268521994,0.031107385416540307,0.011222152064200708,0.005771579601839164,040874
2019-08-05,0.007838816997986914,0.014844476597886258,0.011121001509813785,0.07221051459486665,0.03563319294162053,0.01919763871414192,050707
2019-08-05,0.011717778292906066,0.019463149927057832,0.011960905410083319,0.08635575587864393,0.037840240647330804,0.017242621652696372,050215
2019-08-05,0.008790521895701744,0.015289367142967171,0.010257779714219688,0.04072459016330302,0.01695868429363734,0.008783874191187804,1A1-052
2019-08-05,0.010460754573841147,0.01616773990676399,0.011388471391503204,0.054838416967191474,0.021778876770164476,0.01092181799190781,1A3-001
2019-08-05,0.01595654269408995,0.015925659389480883,0.009533528105070447,0.042409516141470885,0.015914528011185692,0.007520197409451505,1A1-106
2019-08-05,0.009643499174545997,0.015500332915246242,0.008023538624815075,0.06454602249094143,0.028635637958019756,0.013678313608198793,1A2-066
2019-08-05,0.018631881854436677,0.030876413451951818,0.029157185750440986,0.1519828027456093,0.08198296475956744,0.03930270323644451,040887
2019-08-05,0.01574070054135384,0.014913012948284413,0.008543782729416137,0.04097594151361919,0.014323403956226338,0.0064338319204876775,1A1-109
2019-08-05,0.01348694515306122,0.016691964285714286,0.010899030612244898,0.055713596938775506,0.021065363520408165,0.009913769132653058,030171
2019-08-05,0.009270527360015676,0.014881599715867331,0.011067491304560823,0.041378468745407335,0.017027393205310343,0.008440699064321754,1A2-028
2019-08-05,0.009691942939858046,0.013208604314531192,0.008179509712364585,0.05067485805005604,0.02205219648860664,0.011033114960776991,020058
2019-08-05,0.010049324902416352,0.012576471728533054,0.005617100779889087,0.027155633069794044,0.009223445888611244,0.0047275827437348325,040826
2019-08-05,0.0077958218940482665,0.009727386515684618,0.005892497274394166,0.02600099088160962,0.008813976039446942,0.004359795083998213,020059
2019-08-05,0.005173366570962987,0.009488325483044936,0.0040408883176844814,0.02901482371770003,0.00909455907115698,0.004082395243268406,1A2-077
2019-08-05,0.01252281596296815,0.017406999579183607,0.010820115023144894,0.07410332795623506,0.030925114672464563,0.014743303057932389,050669
2019-08-05,0.011706302707595127,0.016643783450161768,0.010804729972269288,0.040885163726698544,0.016947966453551074,0.00873855511477429,1A1-052
2019-08-05,0.01541334898104477,0.017580653421731776,0.009230055842306668,0.039213070659428674,0.015858955682121558,0.007478496484826905,020188
2019-08-05,0.008571827031815445,0.012411997347142644,0.0058807426822602505,0.03633351060671745,0.013530939102080817,0.006350690190553375,040850
2019-08-05,0.012216565381825717,0.013559885915510115,0.007116382834451765,0.03601197846001933,0.013715345636233969,0.006564798877897434,060182
2019-08-05,0.01634964315613227,0.026647978233570513,0.013609984303055675,0.039437363959815834,0.01855239430724152,0.009412856843867726,020138
2019-08-05,0.014983381509166215,0.01663312703355449,0.010182333719738524,0.043044287204193996,0.016664582205770693,0.008123543836985953,1A1-103
2019-08-05,0.010064642388320933,0.018600851764191097,0.009863459962607898,0.030730971697362667,0.011686744202235566,0.006475845896813712,1A1-102
2019-08-05,0.014782897312678575,0.019725158452782963,0.011223669858549603,0.06747966402578696,0.02658708350060217,0.011846614636219796,1A2-078
2019-08-05,0.008901405442752383,0.01271919368302313,0.007647329131415673,0.047645268245910824,0.021906713197969524,0.010747734038353073,040852
2019-08-05,0.01625674390570587,0.023020189525850523,0.016502615858558795,0.10557243436914013,0.041221940798285575,0.01915057192606483,020197
2019-08-05,0.013394669110661566,0.012929599115914656,0.007644267765532964,0.028067918347844525,0.00844195771534911,0.00395250456851941,1A1-059
2019-08-05,0.014413216525330296,0.022980602724484267,0.0141735479140354,0.10207807046771325,0.0461228684068082,0.02102978951905534,1A1-110
2019-08-05,0.017925508956796628,0.024909384615384618,0.015061046364594306,0.1379832239199157,0.0588675205479452,0.026182446259220237,060315A
2019-08-05,0.021305075228371842,0.023213209743865298,0.015196361275300016,0.06730619648934263,0.029929268314526233,0.014468672756582477,1A1-087
2019-08-05,0.013788924033172978,0.018325712339867913,0.01137430748806013,0.06700803694891284,0.027467702546595616,0.012855030690184299,1A1-017
2019-08-05,0.013052362894713688,0.017008213343301944,0.011351800290262993,0.054088822455800864,0.02143960044858826,0.010780451446917045,1A3-001
2019-08-05,0.017006393034825866,0.017704936713491364,0.010694469929762954,0.0528716560579456,0.020527710345332177,0.009331063432835823,1A1-105
2019-08-05,0.010711198708830283,0.014114323558376184,0.00825793300689352,0.04728459185906554,0.018214550087536915,0.008385201526425199,1A1-071
2019-08-05,0.022723815880721223,0.03593305247341656,0.0276675702149792,0.14521102808599173,0.07676265401063337,0.04040710413777162,030172
2019-08-05,0.0065749265285696915,0.010481300027295885,0.0049245306927089595,0.03492466835496787,0.013494972582797532,0.006551280131626832,060182
2019-09-13,0.008848767429202022,0.016080855279836555,0.014351079566637347,0.049731719917383746,0.025433055870378935,0.014231811332150263,040576
2019-09-13,0.01308919456502348,0.01894496610572635,0.015813110691562108,0.07296135502765061,0.033486185110305045,0.017706421180947847,040186
2019-09-13,0.007143060828634969,0.013801829341885185,0.011398332945395597,0.05240067363230398,0.02435377644442144,0.012796193425748703,1A1-017
2019-09-13,0.011459326306253362,0.019599490597913913,0.014831167548112239,0.04390172310366778,0.02345551552323588,0.015055409504921406,040704
2019-09-13,0.010048091887964058,0.020964592746730074,0.019492943090236494,0.06574175023120624,0.03444213601532566,0.02056916897872902,1A3-048
2019-09-13,0.005045955060997827,0.012219947471109107,0.007914437780064742,0.04799052191205159,0.022188673591904108,0.010733981689929457,1A2-066
2019-09-13,0.007633121701459901,0.012100976636109413,0.00956031976139861,0.03592452323312246,0.017385486172117555,0.00976743568894641,1A1-106
2019-09-13,0.007184497565728649,0.012606903204458845,0.009376914960127172,0.042770648024981255,0.020040752961364268,0.010917111763649548,1A1-089
2019-09-13,0.006378494949259665,0.012034003769690507,0.010035328882207872,0.033827335792710134,0.017034106001046222,0.010135793535984037,1A1-103
2019-09-13,0.005840559293839879,0.01474242852543466,0.010230809159690924,0.061864766071045345,0.028603385329469867,0.014028379722043365,070859
2019-09-13,0.00854817901120523,0.013656909438999356,0.010790526821427573,0.03876990750833699,0.018537654291336032,0.010167147677200632,1A1-105
2019-09-13,0.006604316008217816,0.013382440963940763,0.009112180024558996,0.05112816220747635,0.02250132329326751,0.010638469313056408,1A2-078
2019-09-13,0.00959725214128704,0.018721453927587856,0.013967717034285858,0.07544070523509942,0.03758008110361554,0.019970676116122188,050215
2019-09-13,0.00854728685294644,0.015919784166218875,0.011948662009672213,0.05349376365753178,0.027617706878022567,0.014651680995880347,1A1-087
2019-09-13,0.003641985182349583,0.007660185129818593,0.006663596207150924,0.02035861311206984,0.00974058912943859,0.0062099605458751945,1A1-059
2019-09-13,0.005084262092224819,0.011382443678802378,0.00807430367346444,0.02296834390809061,0.011454884688641137,0.006994755941476905,040874
2019-09-13,0.0046087918861959926,0.013114724446786082,0.00966953951527924,0.09735675816649104,0.040565688092729195,0.018515075342465756,060315A
2019-09-13,0.00471472552585947,0.011102928462379383,0.007843600276123347,0.027389988243553976,0.012310689318832922,0.006698249326183653,040850
2019-09-13,0.008106605687845403,0.014265439302079247,0.010605458365275995,0.030139012361573608,0.015673864840033,0.010214438091671111,040826
2019-09-13,0.006749122141992917,0.011541252229788423,0.009058483569367745,0.035481246316001726,0.01709304315707018,0.009692659982471923,1A1-109
2019-09-13,0.009098569094444776,0.018334948076421876,0.015407764299031703,0.07759271296686121,0.03877530868466949,0.019894006495459235,1A1-110
2019-09-13,0.01089169376485926,0.023507520707109434,0.027134287522049213,0.11923567451491669,0.06768908735332463,0.033879953792468734,040887
2019-09-13,0.0074209555837563375,0.01311186731528482,0.01222746204173717,0.04103918040045119,0.02295844999999999,0.013464841680767049,040852
2019-09-13,0.00482557792116706,0.012645888974610742,0.009700623158928315,0.06321203184177301,0.027832573993547473,0.014124616706410437,050669
2019-09-13,0.010292925312253292,0.020415966517540875,0.017338452701471697,0.06616835765906195,0.03396922786898522,0.020397045689183997,040707
2019-09-13,0.011564808708576454,0.02019389876692722,0.01413369866784101,0.04289068754816691,0.019966308488384883,0.011303666189584938,1A2-076
2019-10-08,0.019488786102971955,0.03728719233989116,0.028683093344495588,0.022702646504813725,0.010921583298451238,0.005556345751360397,020138
2019-10-08,0.0038002632683715866,0.008977998093514093,0.007000262363272211,0.018865143506393435,0.008738498767524264,0.004509517543521796,1A1-052
2019-10-08,0.006243624646962885,0.013733519133617086,0.007637417061140059,0.014447318011854081,0.006635664008114874,0.0036081173674370444,1A1-102
2019-10-08,0.011600035494240555,0.018391474685239755,0.016089939057058664,0.07699023238682025,0.03430943678006965,0.017104440798285565,020197
2019-10-08,0.010689423111150656,0.013327954747708462,0.008800214470054283,0.03101353586366469,0.014592974325887688,0.007239941265462308,020188
2019-10-08,0.006524071890892275,0.012936695561719835,0.012110443250115574,0.04511458159963015,0.02971584980351364,0.01590456599630143,030172
2019-10-08,0.005891617116720905,0.011498326260005274,0.010262606539713254,0.032699339871580614,0.015974313484035527,0.008589028718444887,1A3-001
2019-10-08,0.00555769056483613,0.00943758046343017,0.008382728530838187,0.020827323886738844,0.009670231837554496,0.005032846470386516,1A2-028
2019-10-08,0.005909491034740379,0.010559672207695181,0.00896909973851326,0.04084194387373926,0.023745942753081808,0.012409820227867014,020058
2019-10-08,0.0056518822141483705,0.009339997225035925,0.00677910198826933,0.021889971097915316,0.01125240657620992,0.00574478676751563,060182
2019-10-08,0.0038239804995292095,0.007651236681698793,0.006156141037712467,0.01847570630358292,0.008837801922791017,0.0043130795629119315,020059
2019-10-08,0.005222563775510199,0.01122438775510204,0.009686128826530608,0.042893520408163265,0.02057684311224489,0.01032213647959183,030171
2019-10-08,0.005316843078295962,0.009679254908046869,0.007861053154341581,0.01963596845658415,0.00906373867075347,0.004624662295336384,1A2-077
2019-10-08,0.009688428538390383,0.012171655360263128,0.008687260638297866,0.032694516137321404,0.016013934499948597,0.007743793555349983,1A1-107
2019-10-08,0.009761782654213834,0.013087007466181768,0.01070368170923216,0.03678755065845665,0.018387456883488994,0.008986698143097216,1A1-029
2019-10-08,0.00969569132290185,0.013569882837290733,0.01036312285260969,0.035171742778203265,0.016487758616916495,0.007986218021665386,1A1-071
2019-10-08,0.0023596084129854458,0.0075253317402910495,0.007161294382731991,0.02080300410459543,0.009681164714831084,0.005014126840609665,050706
2019-10-08,0.0019129856567689947,0.006488161487166576,0.0063708090085556075,0.02854108549320585,0.015651436210367384,0.008685718734272768,050707
2019-10-15,0.010974968596395417,0.01743141005218764,0.017801744720553417,0.043947124825535505,0.03287701225802536,0.02435375697857879,050706
2019-10-15,0.008703530802164471,0.014411917256347736,0.013684786971516915,0.03859500386513646,0.02289542932746625,0.012862467146340007,040186
2019-10-15,0.016094371050992262,0.017547287309780186,0.011950071860816943,0.030805410029367264,0.015144352140250956,0.007850880795586006,020188
2019-10-15,0.013024436780069645,0.020878961291186708,0.01934927471202786,0.07710616260380393,0.03501939793731584,0.018256221537637292,020197
2019-10-15,-0.0070607171328198924,0.0055128692068639315,0.005193615052019993,0.022843067490879606,0.016777431765977565,0.010712085866774758,1A1-109
2019-10-15,0.012232012336719878,0.016122151959361383,0.012230586647314941,0.0322478198838897,0.016901533091436865,0.009336670246734388,1A1-071
2019-10-15,0.013182225055602417,0.02247021665771914,0.02879176202162741,0.08153704885343964,0.059463446966791914,0.032012737748293565,040887
2019-10-15,0.00604409888692035,0.010682181270220303,0.009568353739793563,0.020163282256200912,0.009989243972423345,0.005296564704976121,1A1-052
2019-10-15,-0.002154910477378714,0.005161217566926729,0.0047131365096480604,0.013099515606828737,0.007307161640340076,0.0043256685051994495,1A1-059
2019-10-15,0.013538585794432095,0.029706274478670486,0.03290786890017996,0.08304523605377372,0.0733016428495819,0.05644782814650155,1A2-028
2019-10-15,0.0070043761799483215,0.01348753055445152,0.012560402238175668,0.02144462577007155,0.0138343887867647,0.00857066772655007,040576
2019-10-15,0.006450946704067313,0.015348565918653575,0.015405224403927064,0.051990638148667584,0.03559072580645161,0.02205224053295932,020058
2019-10-15,0.0033877596181391047,0.010746868529420145,0.010219526605649162,0.02182142919244867,0.01727330543858141,0.011598308919158926,1A1-103
2019-10-15,0.012505314014752366,0.01931679452054795,0.018039959957850363,0.07411339884088515,0.04277730821917807,0.02396373234984193,060315A
2019-10-15,0.0026321747448979577,0.01262239795918367,0.01120191326530612,0.04278589923469386,0.02226389030612244,0.01216273596938775,030171
2019-10-15,0.007028196365530409,0.013605826388486982,0.010544342747458375,0.020342073591257195,0.012553093687906317,0.007310810232073606,040826
2019-10-15,0.008281985853204353,0.01213276866842531,0.010560920748633577,0.029692836083380723,0.014724623872825384,0.007575157761340707,1A1-017
2019-10-15,0.0053974999999999995,0.015050000000000008,0.01389499999999999,0.08412999999999998,0.025252499999999983,0.012465000000000004,1A1-102
2019-10-15,0.004725791516404252,0.010056423058316468,0.009802730781071332,0.02829086782038877,0.015721470226053295,0.008777711760049252,1A3-001
2019-10-15,0.004524115800966598,0.009988598916451924,0.007517723617622397,0.02203101873699897,0.012396237335320356,0.006817708921936929,1A1-089
2019-10-15,0.009721646640664317,0.016484657146451934,0.01713996540010065,0.055663154252642205,0.04480242576748867,0.030546568319073986,050707
2019-10-15,0.007687564560879298,0.012180443389179388,0.010332343399850593,0.020844918631949618,0.013055947604311152,0.007738130402304969,1A1-106
2019-10-15,0.008468671884426099,0.018112477710747744,0.01862957690109541,0.054405011017621775,0.037327302159072824,0.021600387363073455,1A1-110
2019-10-15,0.007151065717491933,0.014352308528545368,0.012650043484359653,0.053321270514798694,0.028071907700939827,0.014700812876981334,050669
2019-10-15,0.009782329050890548,0.013629245571412471,0.011161372218557416,0.029561113260824085,0.015581845566585647,0.008702992655221783,1A1-029
2019-10-24,0.004905889753239697,0.00896488655233957,0.005684597055171882,0.01538357540544735,0.009843203305656861,0.006227260592069521,1A2-077
2019-10-24,0.010134714796797886,0.015693438437197435,0.011804177863839239,0.050033696365740205,0.03148029960800058,0.01785305700521879,1A2-078
2019-10-24,0.009624520186471976,0.012095045298619043,0.009454803412789156,0.027364354384730397,0.01677340509279619,0.01021175971941243,1A3-001
2019-10-24,0.007580233271156271,0.021843008833429812,0.020012513293025468,0.06530970776784374,0.046428677451169555,0.029460475815269827,1A2-066
2019-10-24,0.007234497008134896,0.015154689439457992,0.013079844596098207,0.05469788072101477,0.03513100956902304,0.019252462107163134,050215
2019-11-16,0.13465087702546297,0.16184575154137215,0.1727351233183857,0.19472247390269448,0.03470718752284786,0.0364734528055111,1A1-110
2019-11-16,0.21950844309799783,0.2405069504741833,0.24891734299262386,0.31101945416227617,0.05654625974710221,0.050358162802950475,060315A
2019-11-16,0.5066499359540636,0.5176552561837455,0.558278902385159,0.5887471046819787,0.11148674249116607,0.10965391121908126,030172
2019-11-16,0.5379895064291457,0.5667032708277525,0.5953363179748195,0.6210429982587733,0.09786856683632471,0.0993439311545674,020197
2019-11-16,0.0705503539386327,0.09828451596985467,0.10591391306298227,0.12229107347927509,0.029664747443028886,0.03020948232549794,1A1-089
2019-11-16,-0.03639107370874035,-0.012470060093851761,-0.010812653546574732,0.003983837068250011,0.0042194305848177165,0.003698737231054072,040826
2019-11-16,0.015307059122315447,0.02842506883728435,0.029409430304541743,0.04400547404940738,0.012722749163830526,0.011121887744249511,1A1-089
2019-11-16,0.3655824242530509,0.39689285032963945,0.4153984678776827,0.45369568768410706,0.07409651178285871,0.06828629295833917,050669
2019-11-16,-0.005699800992102042,0.0038325386776741225,0.0025664540527009483,0.00777818308930962,0.004185732377673105,0.003661417551316502,040826
2019-11-16,0.08107385657060862,0.13429500560693874,0.14609145681890012,0.17302930906301628,0.03518578622846354,0.03829306825780819,040576
2019-11-16,0.11087031250000004,0.13637449999999998,0.14656668749999996,0.15525668750000002,0.040488874999999994,0.04153078125,1A1-105
2019-11-16,0.37050548557413493,0.3886775419244152,0.4066924527595206,0.41631955924995184,0.06285785025613767,0.06564241530543205,1A1-102
2019-11-16,0.0995078118402502,0.12073036400473446,0.12924772270449267,0.13389484504947446,0.02044230877800031,0.020616820268182796,1A1-103
2019-11-16,0.48708138514672006,0.5127886149757509,0.5388902104051337,0.5455800552344099,0.07742263508548475,0.08004652415127612,1A2-028
2019-11-16,0.22497023386900752,0.2525566988446274,0.2702337570270116,0.29713145511304606,0.0439940584009099,0.05059930245403288,1A1-052
2019-11-16,0.1702198784120604,0.1944388922435398,0.20644473507948938,0.23118970259216928,0.04435593488502634,0.04332738559772261,1A1-110
2019-11-16,0.2900053143471252,0.31795332840766616,0.3327263402292675,0.37347694653412133,0.056917003850976186,0.05469736521583375,1A1-087
2019-11-16,-0.014412119326230217,-0.00255418199174725,-0.0010319854345014524,0.00687496591119049,0.0030371236989591645,0.0022673455687626976,1A1-059
2019-11-16,-0.030700351760327003,-0.013068719479073756,-0.010907484586039457,0.004946678072546085,0.005150290640361051,0.004284491077595739,1A1-106
2019-11-16,0.17756711492890997,0.19744844194312797,0.20532047985781993,0.21501585900473932,0.043692031990521324,0.04516810426540285,040576
2019-11-16,0.07475999376460694,0.10433634906191974,0.11310810220040088,0.13302730841177596,0.034677750616611096,0.034956872326863904,1A1-105
2019-11-16,0.4886697233249864,0.5023304056700412,0.5310020587792237,0.5418787652375571,0.07066965020514959,0.0771865549741333,040186
2019-11-16,-0.01698560091661477,-0.0002525300347067774,-0.0020573420396903155,0.028709656491946234,0.011193438862685772,0.0076742464625789795,020188
2019-11-16,0.024933925319558733,0.04893514051829801,0.05336896121519872,0.07451508361057604,0.01844321441078619,0.0181376816669585,070859
2019-11-16,-0.037311875511948436,-0.018032961287795145,-0.01676025454966343,-0.0037471309519569763,0.0020360429502475122,0.002354789878556923,1A1-106
2019-11-16,0.04989326086582529,0.06344919988746135,0.06746845725887668,0.07297521851535951,0.012094932477232562,0.011717558501811618,1A1-103
2019-11-16,0.4937144610715781,0.5150765519045625,0.537346746546672,0.5489493103809122,0.0706463038928422,0.07370781289242363,020138
2019-11-16,0.3071062331247088,0.3274229139295503,0.3413237307970828,0.3447062435990273,0.05311851756064759,0.05253648899118943,1A1-017
2019-11-16,0.0037786748852143715,0.01176835906961593,0.01182702158435192,0.021482433339020904,0.007298316141341436,0.005941578806539679,1A1-109
2019-11-16,0.47203125,0.48206875000000005,0.5182175000000001,0.51966125,0.08512,0.09371375000000001,040704
2019-11-16,0.365490818044659,0.38778487934305694,0.40988802798529594,0.5091540504565397,0.08903975601802439,0.07635396329894456,1A2-078
2019-11-16,0.6306645926978388,0.6653306361405327,0.6968831118861049,0.6760161562473089,0.05417315888802782,0.05645253229139758,050706
2019-11-16,0.16320707718770167,0.19370909804343164,0.20204797430660076,0.27517101118039156,0.04553616297570416,0.04095587508062783,1A1-071
2019-11-16,0.6790597346284802,0.7177596700380533,0.7626212522531546,0.7883314224914882,0.11850327057881035,0.12560044061686362,020058
2019-11-16,0.015360845495722196,0.014965977604428785,0.004358357762959231,0.03140411298439859,0.001762316935078003,0.003212142677403117,050707
2019-11-16,0.5090750196293966,0.5328388641125078,0.5637613135196579,0.5644622113862258,0.0759146731242853,0.08076212199841674,1A3-001
2019-11-16,0.06298234275101303,0.07981464205312916,0.08356154243583966,0.13396536380008997,0.043986324628545674,0.0345356605132823,050215
2019-11-16,0.10645109756097561,0.13610850449293965,0.1460362419768935,0.15954401155327344,0.029745317715019263,0.029999242618741977,040852
2019-11-16,0.05942073618294877,0.08374858190838083,0.09532413566075573,0.13849889210093544,0.019018122237640045,0.022479931005242065,1A1-107
2019-11-16,0.514485140645732,0.5474395643520568,0.5818323827952233,0.6033825090667847,0.07804864440513046,0.08280168553737284,020059
2019-11-16,0.5338156777313467,0.5647863297200487,0.59731522353662,0.607688148393835,0.08512125030580177,0.08973501585464531,1A1-029
2019-11-16,-0.010107690248659193,0.003658969575816672,0.0040232969770843474,0.024693189956118966,0.009085540955631391,0.006866171087274499,060182
2019-11-16,0.4255787525883884,0.46236934044021777,0.49231049006825667,0.511694459506097,0.07907661822225627,0.07169127482935804,040887
2019-12-11,0.055302440375545096,0.06829564585743529,0.06739315787131794,0.09248782192756072,0.028907205214915018,0.022097718697161157,020188
2019-12-11,0.2908105123092927,0.3163348477230698,0.33661119972260756,0.28462934061488676,0.053882116851595004,0.046889027681460936,030172
2019-12-11,0.21708376305920174,0.2261788152960086,0.22905560407179212,0.21326523372622555,0.04585620278596305,0.034996524243236,020197
2019-12-11,0.1387672982075261,0.16526540716230617,0.17316294538234847,0.1718247561145841,0.03751860885106636,0.04004348932627404,1A1-052
2019-12-11,0.015189607018475881,0.026339844902898285,0.025531076087598133,0.028431890236703845,0.005045309751490463,0.0032945997874977836,1A2-077
2019-12-11,0.12264285344133624,0.16386896389555675,0.17438331467692164,0.14654701525988348,0.00577651447606917,0.011766462548376036,1A2-028
2019-12-11,0.4498713478581981,0.4730576864844904,0.5023529314377155,0.5049238835548993,0.08682438392417527,0.08974236275233878,020058
2019-12-11,0.19823491071428573,0.22247533163265304,0.23468489158163267,0.2317056696428572,0.05432317602040816,0.04704734056122447,030171
2019-12-11,0.14850097222222225,0.16164363662131517,0.1635440249433106,0.18265932256235823,0.054303010204081625,0.0459317545351474,020138
2019-12-11,0.20898526363626324,0.24223645131168908,0.25927724625389525,0.2908535428039426,0.08035278167613326,0.07989149131434124,060182
2019-12-11,0.3943363765548343,0.41148410587739737,0.4331370613013529,0.4512812271420785,0.0842186884880321,0.08594141991674518,020059
2019-12-11,0.24010002587739815,0.2678404332960684,0.27861372618824837,0.2229470100904791,0.03650504053381042,0.03533871011177922,1A1-029
2019-12-11,0.23974785069305618,0.25583750033319996,0.26380595611755303,0.2659927467346395,0.07601520558443292,0.07394506547381048,1A1-102
2019-12-11,0.008828861977856066,0.008425783530447912,-0.00287792400603926,0.006137816746351281,0.00019982700050326735,0.001417771137393051,050707
2019-12-11,0.3606864232844802,0.3859481230827664,0.39407155026214846,0.262100594452073,0.024838913427561858,0.02570878011564407,050706
2019-12-11,0.14124306788981383,0.155120370927125,0.1581335345359235,0.18005664957857961,0.05529614258916641,0.04696037645184499,1A1-107
2019-12-11,0.13924558585281252,0.15656639944420356,0.1623512927523095,0.19797088283600725,0.05534441628233934,0.05078757302219241,1A1-071
2020-03-07,0.5466665906862741,0.5769165498366013,0.6004617986111113,0.5877880339052285,0.09353836233660125,0.09242256699346406,1A1-071
2020-03-07,0.35378532068684676,0.3703341987919099,0.38463923815664447,0.4290289378308674,0.05275654642323877,0.046760631871861,1A1-052
2020-03-07,0.23724933090477804,0.24896710792951537,0.2543735277871908,0.3138879747543205,0.048724673500508305,0.040254992206031855,1A1-109
2020-03-07,0.28012939205955334,0.2945980086848635,0.3024514423076923,0.3855803939205955,0.0628451705955335,0.0502484305210918,040576
2020-03-07,0.28418175047438327,0.31261596774193545,0.3186193168880455,0.4067138709677419,0.0711220303605313,0.05686873339658444,1A1-106
2020-03-07,0.20471276009316772,0.21667359472049685,0.2108015333850932,0.25753791149068317,0.045518291925465824,0.03592869177018634,1A1-107
2020-03-07,0.5122500000000001,0.5470375000000001,0.5681575000000001,0.62412,0.08228750000000001,0.07029750000000001,040576
2020-03-07,0.213240014274226,0.23293627724165655,0.2399031849618013,0.29442279634097296,0.04927057096903898,0.03873359268194611,1A1-106
2020-03-07,0.4532406398305085,0.4897241440677967,0.5036598389830509,0.5718066567796611,0.09168191949152543,0.08407938135593221,1A2-028
2020-03-07,0.768764410865754,0.7872169382315312,0.8241093213050282,0.783055024404113,0.06097293453537412,0.0678724347249206,040707
2020-03-07,0.2061126476683937,0.23241011398963726,0.23240988601036264,0.3085600077720207,0.062147297927461126,0.048871637305699475,1A2-066
2020-03-07,0.611443399847967,0.6323629817559863,0.6574618605093124,0.6366319403268719,0.04668939091600151,0.0477998185100722,1A1-103
2020-03-07,0.2675443531588913,0.28339130769878706,0.2900227177392183,0.3537084602425876,0.047578993008760125,0.04348709400269544,040826
2020-03-07,0.4484312995911126,0.46432154266632536,0.4799565673387781,0.49916722775225486,0.04771020503658334,0.04492455291815547,1A1-103
2020-03-07,0.280874282700422,0.34965124120956403,0.34451848804500707,0.3899093073136428,0.0624999929676512,0.05061171589310829,1A3-001
2020-03-07,0.3336991242802303,0.3288046521113244,0.34730233445297515,0.4156975527831095,0.0680436876199616,0.055831549904030706,040826
2020-03-07,0.050052318840579695,0.07934201086956523,0.08435358695652172,0.2425423550724638,0.08441576086956522,0.0558091847826087,050669
2020-03-07,0.5757247620069834,0.5989212961531856,0.6191348996794318,0.5995678665063827,0.0812142601179231,0.08249038038811607,020138
2020-03-07,0.18150136585207333,0.1983466120466322,0.2025109313471503,0.2912853520077721,0.05126497441709845,0.04038900226683939,1A1-089
2020-03-07,0.5839273278061224,0.6152748979591836,0.6364451466836734,0.5769007142857143,0.0471065625,0.04466133928571429,030171
2020-03-07,0.24195980000000003,0.27484749999999997,0.28046895,0.32711880000000004,0.03962755000000002,0.03134189999999999,060315A
2020-03-07,0.35863105182926824,0.3697601067073172,0.37778514481707315,0.40442147103658543,0.0471875762195122,0.04317150152439025,1A1-017
2020-03-07,0.29889330316742085,0.2792926222067039,0.2879750174581006,0.48574971717877097,0.08638146648044694,0.06924120810055866,020058
2020-03-07,0.39015125,0.3991481818181818,0.41268693181818183,0.5423793181818182,0.09895886363636365,0.07721488636363638,060182
2020-03-07,-0.0035400000000000154,0.03674749999999999,0.03740750000000001,0.08927249999999998,0.00883500000000001,0.012657499999999988,050707
2020-03-07,0.48469225196288357,0.5053080264097073,0.5202759760885083,0.5780569896502498,0.08653200035688793,0.07771317630264098,020059
2020-03-07,0.31461627991183877,0.3431787877833753,0.35487158690176324,0.47519752518891667,0.10072041404282114,0.07717118387909319,1A1-029
2020-03-07,0.350495,0.36111000000000004,0.36694,0.3784075,0.0432375,0.04116125000000001,1A1-017
2020-03-07,0.4355066087016287,0.4538096814508641,0.470004734534244,0.47610214791037536,0.046477688393476546,0.04415947888879117,1A1-110
2020-03-07,0.0948955625,0.2013515,0.21575118750000005,0.32627025,0.08302724999999998,0.06283675000000001,040186
2020-03-07,0.2074397710453284,0.2501291581868641,0.2540304694727104,0.32864743293246995,0.04711375346901015,0.03914719935245142,1A1-059
2020-03-07,0.45271639464594116,0.4664047452504318,0.4780078454231435,0.48015897236614863,0.04236182210708118,0.04047448618307426,050706
2020-03-07,0.2096675,0.2577375,0.25573,0.322775,0.06683250000000002,0.05294500000000002,020197
2020-03-07,0.050397915189873424,0.07510036455696203,0.08002248860759492,0.23538854936708864,0.07525164936708861,0.04833169746835442,070859
2020-03-07,0.2756661265607264,0.3156672176503973,0.3225474148694665,0.3724356299659477,0.04793953178206583,0.041625550510783184,1A1-059
2020-03-07,0.2661924716734456,0.2993524142940151,0.31073009587449163,0.38156115557815223,0.08506977774549684,0.06355233803021498,050215
2020-03-07,0.8025252622576969,0.8109439874572407,0.8531847588369443,0.8302644213226912,0.06272435119726338,0.07352191733181299,040704
2020-03-07,0.6562532812500002,0.6799023177083335,0.705512265625,0.6774731770833334,0.051900286458333326,0.05176283854166666,1A1-110
2020-03-07,0.6084037242651105,0.6392298194429155,0.660376922822856,0.6106955645161292,0.05851414510624242,0.05829455383683805,1A2-076
2020-03-07,0.21812265107212475,0.24072621136173777,0.24800109857978286,0.33791323308270677,0.05853549498746868,0.04558808758006127,1A1-105
2020-03-07,0.1089162468938587,0.13540154863329787,0.1386171059637913,0.3248791258430956,0.10198766240681577,0.06136648207312744,1A2-078
2020-03-07,0.33450190298507465,0.3625973134328358,0.36175003731343286,0.4537689925373135,0.07818828358208955,0.06316350746268658,020188
2020-03-16,0.42217895465518024,0.4411976999219007,0.4216145388602264,0.20398217861030898,0.007278905074075818,0.00617161712500591,1A1-052
2020-03-16,0.4684719428122438,0.49663203675867723,0.4574149286007107,0.18312886888494126,0.0035552179557256057,0.0034686031019404147,040874
2020-03-16,0.4038450510204082,0.4233631760204082,0.40964691326530606,0.24261285076530617,0.03311321428571428,0.026004241071428565,030171
2020-03-16,0.4343788769086527,0.4584925904098582,0.43753218323064563,0.26111456335387095,0.024545551834985264,0.020488458344495038,020197
2020-03-16,0.2871892241871621,0.31108056793954164,0.3022597843219369,0.22438190759917756,0.05011857772405391,0.03471931165765627,050215
2020-03-16,0.3384095501993024,0.35500877354260074,0.3397140175635275,0.16260821611858492,0.010362842862481307,0.007536393684603884,1A1-106
2020-03-16,0.3609510156249999,0.38364246148767606,0.36945210442341553,0.23314466879401408,0.023840704225352113,0.015936657130281688,1A2-028
2020-03-16,0.40306848297730313,0.4257998030707611,0.3972432009345795,0.19891354973297734,0.013570947930574097,0.009496762349799735,1A2-077
2020-03-16,0.39208416324243567,0.4331555673328353,0.4334345685468809,0.23825341613746734,0.017890348337691448,0.012891583862532682,020058
2020-03-16,0.35346468342379433,0.3789027976047182,0.36566220119162235,0.19319100634642739,0.012111988346646223,0.009568507659481348,1A1-071
2020-03-16,0.36353564281367284,0.38052194428948166,0.35824556775535055,0.1696530488639822,0.010426030784055176,0.007245946850593364,1A1-017
2020-03-16,0.39915487061876864,0.41699806287902125,0.3935917441412272,0.2015630770120259,0.015363592995169073,0.00971507349162298,1A1-107
2020-03-16,0.3008412661711347,0.3157186697639648,0.30458506392944884,0.15260236752567088,0.007369822019804398,0.006876340496788266,1A1-110
2020-03-16,0.4347872672036127,0.45124799331308457,0.4232066602339035,0.18718040923993473,0.0053949785302717015,0.005318926360666961,1A1-089
2020-03-16,0.43818092780466966,0.4584951541563347,0.4376883874007562,0.20863542235884822,0.006692077108976842,0.006677086938555734,1A1-052
2020-03-16,0.4174441249259832,0.4308923645763582,0.40890163692295717,0.17493710986249,0.000877994410317618,0.004313497700078599,040826
2020-03-16,0.3891165780261744,0.4066537477624409,0.3907722237360277,0.20135060036198732,0.008757561557738967,0.006656139961812321,1A1-102
2020-03-16,0.39651391163121835,0.41034404022425924,0.3826699241345557,0.1836737178517398,0.014976009166147544,0.010215577333807959,020188
2020-03-16,0.5091128143029365,0.5452935829099579,0.5208399236487845,0.3217137892161084,0.0124687186055857,0.01048494474583082,050706
2020-03-16,0.3934307755356822,0.4113909327724924,0.3955207679063923,0.17804561499420665,0.003077854782381642,0.003651655025539757,1A1-059
2020-03-16,0.3414292030062768,0.3670605112322431,0.363520042946812,0.28883185992732074,0.01805602163858605,0.01389339197224975,050707
2020-03-16,0.4310477418472138,0.4442238299584716,0.41964705038953115,0.1807519816984838,0.004911485328203968,0.005308191618645976,1A1-105
2020-03-16,0.391935689399414,0.4051946902932562,0.3803962789547754,0.16142125670381505,0.006324213704309453,0.005621961127381989,1A1-109
2020-03-16,0.44148510105263156,0.4605616889473685,0.43388325,0.19689438105263155,0.006375805263157889,0.004767199999999997,1A2-077
2020-03-16,0.5002436151266336,0.5291131100381634,0.5336772513588527,0.3978769402683011,0.02233662859951428,0.018024512836822014,040887
2020-03-16,0.33360909731853916,0.35327067238788723,0.3469116279472955,0.20238683368007404,0.03175438742487286,0.024491024618585298,030172
2020-03-16,0.40900922155409236,0.429107211092121,0.4078667805852495,0.17433808384587063,0.004081571631818755,0.004331748488192853,1A1-103
2020-03-16,0.4659992932489452,0.4808290935003142,0.4541754140856453,0.20783864013825298,0.0061695219499057355,0.0048228810934554224,060182
2020-03-16,0.41871235802071455,0.4444905601119979,0.43057244883294543,0.21080641211160114,0.007928741513454586,0.0063002029337429965,020059
2020-03-16,0.4143681300617044,0.4352366317971463,0.39974349775838797,0.18888969232067102,0.01598277417566525,0.01150950624276899,070859
2020-03-16,0.3654790985825275,0.3992319854257927,0.39131631343499435,0.19941982997906152,0.013972808703198608,0.010135053275752813,1A1-029
2020-03-16,0.43369513747150734,0.45297715252223536,0.4279585214457041,0.19794734254651913,0.008835978762868164,0.006912110547055395,060182
2020-03-16,0.3678077260359982,0.392611498534952,0.37077373064043545,0.17064491523650063,0.01031194537463373,0.007187722896609458,020138
2020-03-16,0.43899840973804116,0.4721539611807137,0.44441586797646154,0.20377209092634777,0.009788991078208046,0.007058556378132115,1A3-001
2020-03-16,0.07007750000000001,0.09512999999999999,0.08990500000000001,0.2720375,0.10673500000000002,0.05968249999999997,1A2-078
2020-05-03,0.01335624373563847,0.017194192061494702,0.014143190283400811,0.03566716465149358,0.021370611855782904,0.012214355509355497,1A1-071
2020-05-03,0.017568883605679073,0.022859639030270558,0.022531738548084646,0.06940591213501207,0.04284304111974283,0.02611633002946692,020197
2020-05-03,0.009197153576404467,0.015667433997685786,0.01183575023024063,0.042307991947481534,0.02785004179752993,0.016331271931896,1A2-078
2020-05-03,0.009526658163265303,0.013917512755102036,0.012743373724489795,0.0380593112244898,0.02782599489795918,0.017252978316326533,030171
2020-05-03,0.026724696100917423,0.0418679243119266,0.04815880160550458,0.10725907683486238,0.07892436353211008,0.052105051605504576,050707
2020-05-03,0.022081932995625136,0.037563559175684984,0.04614702279530277,0.11138681633279608,0.09940658665285135,0.06190997678256195,040887
2020-05-03,0.009540172910662824,0.019984783861671462,0.020551981268011523,0.03695540105667626,0.03830810518731988,0.026671616234390006,1A1-110
2020-05-03,0.010430815437177504,0.016672343118114625,0.014765120624738521,0.031115951401478145,0.027506549644401045,0.01814977966810767,040852
2020-05-03,0.014769927503082855,0.022369109849238226,0.018272187437845578,0.02755939108556426,0.020010686483153663,0.014617916683241182,1A1-102
2020-05-03,0.0062127885017669755,0.011334917659940009,0.007263163705391712,0.02098368356047321,0.020999947235599385,0.015097594223733524,1A1-103
2020-05-03,0.00957490145971345,0.01396443972423355,0.012292982860884297,0.02223613066168544,0.01676128081189338,0.011738383145894312,1A1-052
2020-05-03,0.010144885678215735,0.01684051269462757,0.012737160892130728,0.053828626034506936,0.032663485762379006,0.018882247860850045,050669
2020-05-03,0.011463412659901605,0.013511368269574877,0.010591157235832524,0.023150567548387475,0.015674992782060686,0.009461704495138498,060182
2020-05-03,0.010162530736897008,0.013125601151230992,0.01095164464386445,0.023645307505443785,0.015843722788672066,0.009551418476711527,060182
2020-05-03,0.012895616368854628,0.02319315143382088,0.022394054086509595,0.05827467429810028,0.04709608016908038,0.029831213013665724,070859
2020-05-03,-0.0036285781179841415,0.010146882122773626,0.002974110789197969,0.01813683780923261,0.023424535269088484,0.01833129407299707,040826
2020-05-03,0.09914476820472715,0.1096691657252926,0.10652345375680689,0.07830202482331136,0.015783921185262437,0.010702063926543855,050706
2020-05-03,0.007544949217368942,0.01583271454054575,0.01376587206312474,0.037911577395300995,0.030585000401761323,0.01968816097772635,1A2-066
2020-05-03,0.01214063956812384,0.017318034017943528,0.016854179237399947,0.03747499945025947,0.025922506816782473,0.01701477933415427,1A3-001
2020-05-03,0.022713531812473837,0.036526508999581424,0.02319708455420677,0.02345758267057346,0.014065221850146501,0.008136286102971952,020138
2020-05-03,0.013943274065349736,0.01633745337080199,0.014414606957875293,0.028204555713970868,0.018922531786373507,0.011989527371408097,1A1-029
2020-05-03,0.010164540522875817,0.013866863725490196,0.011173466993464045,0.024535770915032677,0.016572533006535946,0.010083801960784315,040874
2020-05-03,0.009781947815533976,0.01494713881183541,0.015185761384650946,0.03646634650947758,0.03326389967637542,0.020883683830328244,030172
2020-05-03,0.009962793066785346,0.01782033788294636,0.016280965494646773,0.05108893733155302,0.039060349751502084,0.023334084143114997,050215
2020-05-03,0.014137018109815791,0.017492651953368334,0.01102434947049924,0.028921580493014153,0.01758795608258433,0.010288425291447897,020188
2020-05-03,0.008426902586586973,0.012952853206290109,0.011474919169156906,0.024523947361975204,0.014213082839367067,0.008273139420957233,1A2-028
2020-05-03,0.011947641925971902,0.015794778827500577,0.014028136959726841,0.02392534982928532,0.018467657406688907,0.013348291805695647,1A2-077
2020-05-03,0.01113395223044506,0.014549496608078936,0.010911387090142867,0.03346190435810464,0.018910694444444445,0.010631412272587105,1A1-107
2020-05-03,0.004841881163585901,0.008550429035135533,0.007175945537439909,0.017311392908469198,0.011518861811784525,0.007435883839635262,020059
2020-05-03,0.01265922343653795,0.016927642382795312,0.015690318959451135,0.036074198698214426,0.02534336683085583,0.016712520010555003,1A3-001
2020-05-03,0.009193970493520604,0.014525726487933571,0.01357020188950105,0.02386512019864979,0.018496933052688756,0.01345188659113836,1A2-077
2020-05-03,0.009394611019103376,0.014731457556616846,0.013967953801417337,0.024006776478970877,0.01737044966106918,0.011948416249422273,1A1-052
2020-05-03,0.011794562943593573,0.0145855253081808,0.01319190605155024,0.03429204379902876,0.025180149420993652,0.015668739727306685,020058
2020-05-19,0.011338866268210684,0.015248648206948079,0.01432603707508405,0.039188887747478515,0.03262987579379904,0.02177760739633918,020058
2020-05-19,0.019884663372630604,0.03049861766065649,0.03207596769533056,0.08157437211049469,0.08667076542995843,0.06257308310217291,030172
2020-05-19,0.029612293015726165,0.03892457061362934,0.036993206521739125,0.08021334451125499,0.0597807978723404,0.04329906619385343,1A1-107
2020-05-19,0.006490797735269339,0.010163499801774124,0.00905139947470142,0.022823100748302686,0.017693971207691166,0.012484714306952768,020059
2020-05-19,0.026048548754353067,0.03183048084650416,0.030431590543798563,0.0886299149477632,0.055061623359228484,0.03646119207072061,020197
2020-05-19,0.0297776423189619,0.042479004813729605,0.038117071996651306,0.06898957827542905,0.056523687735454166,0.04189667434072833,020138
2020-05-19,0.024789995109788673,0.031706419745433485,0.03145700026861721,0.06326004831666529,0.050072437598148584,0.037409528197922676,1A1-029
2020-05-19,0.024692713357657742,0.02800971945359082,0.021452818367891785,0.04717087367624813,0.03248724659606657,0.022537013882708908,020188
2020-05-19,0.014714816555421829,0.019045727130977123,0.01638753482328482,0.04185530769230768,0.02800478238866396,0.018263109448517317,1A1-071
2020-05-19,0.01291796661441238,0.02070828969284279,0.01989501420663302,0.043573203963160737,0.030438598809582128,0.021466508597462398,1A2-028
2020-05-19,0.017488399234693877,0.02497535076530612,0.02554788265306122,0.07058732142857141,0.06439752551020406,0.04550202806122449,030171
2020-05-19,0.017842571705426354,0.03537360852713179,0.032750470930232554,0.07227593313953487,0.05451342732558138,0.04192375678294574,1A1-102
2020-05-26,0.008501113121287901,0.015327777078774616,0.010195254532666462,0.037113422358549544,0.02106423065801812,0.011961890121913092,060182
2020-05-26,0.011601401128286528,0.019992868015779895,0.012638094765716638,0.04824934131529917,0.026520658770961276,0.014875710297195963,1A1-089
2020-05-26,0.020090714285714288,0.03186912337662338,0.027838376623376623,0.07350222943722942,0.05175248917748916,0.03401097402597403,040874
2020-05-26,-0.007488600053078562,0.007596697186836512,0.003928030785562626,0.030736268577494688,0.020586469612526536,0.014773022160297238,050706
2020-05-26,0.007172831312499259,0.015795927556935565,0.009290487154815168,0.02954325810793262,0.018033031014982114,0.011354162140942845,1A1-106
2020-05-26,0.005552547942629994,0.02725688748925657,0.021542081408465828,0.05217133353029653,0.03845163286957457,0.02386892619252257,040826
2020-05-26,0.01258105141405186,0.022074440024627065,0.017051806841837193,0.05849978700981462,0.03679061821401499,0.020094982151380357,1A1-110
2020-05-26,0.033809793547873807,0.044011236823262655,0.03836313238394526,0.0609239468554835,0.042759780619754155,0.03131740244242015,1A1-102
2020-05-26,0.016621121993229633,0.022358903060083212,0.016411332634922535,0.037147437851380145,0.021029383434988145,0.011935958512906922,040576
2020-05-26,0.013431790915395281,0.021906024618585297,0.017694977461858524,0.054255814262598255,0.03864426577669903,0.021812686084142396,030172
2020-05-26,0.011210229295560616,0.020173384619559316,0.014127524693368062,0.03692640073808749,0.018666738033213934,0.010868361282969717,1A3-048
2020-05-26,0.01652595445062587,0.02896437273991655,0.030792036509040322,0.08588855806675941,0.06601591063977748,0.03638622496522949,040887
2020-05-26,0.013393935129292217,0.022704853029652795,0.017673182930302136,0.059043540805153345,0.036996929265318654,0.020120661201111893,1A1-110
2020-05-26,0.015332877237851653,0.033981534526854214,0.026187289002557547,0.12942460997442454,0.08450487212276217,0.04697721867007672,060315A
2020-05-26,0.009979283172875669,0.02023264650481372,0.01024871180410213,0.025980866471326934,0.014464720594390955,0.00795753662620343,020138
2020-05-26,0.014014776214833753,0.03534380434782608,0.028707934782608694,0.13121583759590796,0.08608946291560103,0.04746778772378516,060315A
2020-05-26,0.016966017009798526,0.02756465264780359,0.016834808433337005,0.0414226089948255,0.019176955851590877,0.01010297919189694,1A2-076
2020-05-26,0.008127966893281532,0.019731331409963433,0.012941887140082263,0.03261582452582266,0.02386391810443327,0.016354581524223023,040850
2020-05-26,0.0029739320946397516,0.013781942320545373,0.007503866929554866,0.027081360646972325,0.016725159136479074,0.010096341665552731,1A1-109
2020-05-26,0.01630599202733485,0.031072978359908885,0.02905114578587699,0.07194361617312071,0.05384829043280182,0.03270424829157176,1A1-017
2020-05-26,0.0077621488387298685,0.01234379711023684,0.00885057419443172,0.022554255177655337,0.013126672511204753,0.008431918037688188,1A1-059
2020-05-26,0.009705564916050713,0.01874058091482276,0.012116179835643611,0.0525785779394054,0.026554405861099948,0.013217600066120385,1A2-078
2020-05-26,0.004206008659397045,0.021232485567671582,0.01917036561898653,0.06200451731879409,0.05435798107761384,0.03403591725465044,040852
2020-05-26,0.008162638354885935,0.012718688737132687,0.009210633599155022,0.02296142121469529,0.013332071579059144,0.008487825217109458,1A1-059
2020-05-26,0.020289210549883564,0.02547727297152069,0.01759091527852409,0.05317070884828943,0.030202470445996776,0.016408587676876227,1A1-087
2020-05-26,0.017216555206764402,0.022830819004727308,0.016850475118183057,0.03753290987518083,0.021216655494579226,0.01197966726068867,040576
2020-05-26,0.012651135346869376,0.0215360580679771,0.014370729012733055,0.04724237155610441,0.024953784388347933,0.012994773173546024,040707
2020-05-26,0.007542488220247714,0.015757652800215387,0.00921261106623587,0.028856023155627346,0.01760330607162091,0.011234946822832525,1A1-106
2020-05-26,0.004778230555555551,0.024622034999999994,0.019919675555555554,0.0883944677777778,0.05521926833333331,0.031921647222222224,050669
2020-05-26,0.014086862839221706,0.03307373655913978,0.026670672043010765,0.059182004928315414,0.04400751936123912,0.027050935579877106,040826
2020-05-26,0.016185927538173047,0.02506272568979373,0.02048126841682293,0.08526688521296545,0.043191074872756495,0.022779680551834984,020197
2020-05-26,0.01248136177921677,0.01739658328194059,0.012350962200637267,0.0394052835594614,0.02087350164456778,0.011238484171035045,1A1-107
2020-05-26,0.01620444248567651,0.023276600558248855,0.0151006381910778,0.03293529112188435,0.01487653763282895,0.008180981832427403,040704
2020-05-26,0.01395479759985671,0.021749700429876406,0.01399141008418413,0.05099071198280494,0.029715661830557048,0.016266068421995333,1A1-087
2020-05-26,0.01849120769927688,0.025845200828817364,0.01792307245440667,0.054116118987299275,0.02993458596882707,0.016402021123097833,1A1-105
2020-05-26,0.011214187220559956,0.01984999721271004,0.012670359446637622,0.04732655937496448,0.02635157581428687,0.014922922587287689,1A1-089
2020-05-26,0.010810395624711132,0.018221390367431815,0.01486779078724387,0.03277811140425199,0.020363070328146656,0.013281067266214749,1A1-052
2020-05-26,0.01533064603438984,0.02238523869592906,0.019245483147993934,0.042193410694165503,0.02554916131876745,0.016814798657718125,1A2-028
2020-05-26,0.014387016844469396,0.022972405670971363,0.017578665918023574,0.04405223498034812,0.027276666760247047,0.01674183520494104,040186
2020-05-26,0.018077981271439624,0.025532321400907367,0.02042649922540667,0.05238376112094722,0.03107190076906053,0.019050546143631737,1A1-071
2020-05-26,-0.000949963691029646,0.013033831697720974,0.008674933472465262,0.035320770558165404,0.026209588633678272,0.016557074006553273,1A1-103
2020-05-26,0.018255632051980376,0.032198089253754565,0.035091373433974,0.10110618376001862,0.08111558400124504,0.04487251634114076,040887
2020-05-26,0.01693034611111111,0.030049215000000008,0.024391407777777766,0.09071837055555558,0.055329188888888894,0.032006457222222215,050669
2020-05-26,0.011963775243133041,0.017329720224811954,0.013133921191834033,0.03460675300300302,0.019061460313524535,0.010662273741631529,1A1-029
2020-05-26,0.01100676223326656,0.022335573646860993,0.016670298939247825,0.06975380059590038,0.03944559658037235,0.020823682899389226,050215
2020-05-26,-0.0026750649555230127,0.012396649679079082,0.008332183641941765,0.034735877850155826,0.026062533873778392,0.016527678385965538,1A1-103
2020-05-26,0.019242242677824265,0.04032454811715481,0.04209106066945607,0.12347034937238494,0.09431894560669454,0.05451661924686192,1A1-017
2020-05-26,0.02262170857480146,0.03361384312620739,0.027426407759175788,0.07753217568147672,0.04886856975745868,0.02952702497853618,070859
2020-05-26,0.011350427295918368,0.018697219387755096,0.013663756377551019,0.0528137818877551,0.028022723214285717,0.0150702806122449,030171
2020-05-26,0.012408066816395282,0.022363211959573272,0.017327778214486233,0.044424128860190905,0.02762144357102751,0.01692704407636159,040186
2020-05-26,0.008230648114815081,0.018044152506779938,0.01139190534475724,0.042262472640218866,0.023901703986368105,0.013104755981952135,1A1-109
2020-05-26,0.016094064178833918,0.024258520154246732,0.01627984076826736,0.0528593635262516,0.029417359183942515,0.01622303574371313,1A1-105
2020-05-26,0.01325030524161253,0.01871785196226751,0.01046661853697606,0.034783404823351426,0.01906516396725104,0.010407206104832242,020188
2020-05-26,0.009611488852672746,0.02113618096479791,0.016523969882659705,0.05336396518904824,0.034550660169491515,0.020866285853976534,1A2-066
2020-06-04,0.014714918070681631,0.020674670453946956,0.012318843006844996,0.03804011603239717,0.018866081525523885,0.011807149254735801,040826
2020-06-04,0.01673567112354266,0.025886918807695218,0.01776237315586207,0.07803340785238058,0.04005733640371503,0.02168675872788143,1A1-110
2020-06-04,0.0157895491288323,0.036882081378790434,0.02599744638968003,0.1411309947227342,0.07954995309097006,0.04374238461216285,050215
2020-06-04,0.01723658757435338,0.02296500323567083,0.014478074909971224,0.0537576177247701,0.02590558677968599,0.01462433450801037,1A1-106
2020-06-04,0.01760590796321684,0.02255414077569789,0.015595907144330285,0.038587095500370025,0.021204623039221646,0.01339991192420144,040874
2020-06-04,0.018559418858808185,0.03346332003988034,0.03176486022701127,0.1132257402791625,0.07781060165656874,0.04207455939872688,040887
2020-06-04,0.01480951932840579,0.023044968947032857,0.013025641662927715,0.06897033780433094,0.031179510118780555,0.015540413311450637,1A2-078
2020-06-04,0.01761219786056737,0.02417875370659472,0.015073973746686009,0.05718901289109775,0.02792302224880605,0.015996194031574193,1A1-105
2020-06-04,0.014389122380367231,0.020516590694472883,0.014342047238719366,0.0496376276822081,0.030117905289325717,0.017298454928664053,040852
2020-06-04,0.023370564143724164,0.031805778542527925,0.02221920331603482,0.07530542198082504,0.03943381508927786,0.024199029158237313,1A3-001
2020-06-04,0.01752974175773016,0.023469274989524638,0.014415248282375474,0.06200654035835667,0.02952600764534129,0.016279154689297852,1A1-089
2020-06-04,0.016998089316376894,0.025508315518351556,0.0163088191403735,0.08076152063210998,0.040062496619446254,0.020582418303283962,070859
2020-06-04,0.02532580870499731,0.030460595110155822,0.020445009403546478,0.07622737775389576,0.038601856080960055,0.020829738491850255,1A1-087
2020-06-04,0.015267261186702196,0.024281656263150514,0.015315742039556733,0.07695003892551551,0.04005455533735446,0.021043275704867432,050669
2020-06-04,0.02015892966570267,0.029362784085842034,0.01916097147197836,0.07658733995388115,0.039870568840533575,0.024615217901596324,060182
2020-06-04,0.01782949367755532,0.03298353530031611,0.01939914383561644,0.13901303371970497,0.0685321101159115,0.033091640147523714,060315A
2020-06-04,0.013541428608451445,0.019768729644149562,0.011594101444699927,0.04267552239614743,0.021450865500603135,0.012211721765681546,040850
2020-06-04,0.013196490594717848,0.018522243604072838,0.01218151496015469,0.0368406073755742,0.018977724360407264,0.012479663019302343,1A1-059
2020-06-04,0.011101050064250615,0.018448064085078854,0.011764212338486528,0.04011019533374844,0.022107349326353713,0.014277813645572998,1A1-103
2020-06-04,0.01491461137260987,0.024083910972602963,0.016073280315177844,0.06760466068380487,0.0341214304125933,0.019466628303936265,1A1-017
2020-06-04,0.017820764295362453,0.026398326847623343,0.018717848245106233,0.07295158224523485,0.041017738631247164,0.02290635749662314,1A2-066
2020-06-04,0.020039615406162458,0.03461878046218486,0.02463374460784311,0.08259977829131643,0.04463829299719888,0.03024041148459382,1A1-052
2020-06-04,0.017123961674784378,0.022512786266054477,0.013863665151703172,0.05269399936790345,0.024603601651206782,0.01393626407675125,1A1-109
2020-06-20,0.009048236805010256,0.013043988652166903,0.0073960004446420625,0.03604752180638203,0.017425463752211382,0.009616654517847174,060182
2020-06-20,0.003658124999999998,0.006710624999999991,-0.0024193750000000083,0.0029087500000000016,0.0012999999999999887,0.002537499999999991,1A2-077
2020-06-20,0.014398935468869686,0.020264283154612112,0.012304997483313262,0.04838654174417334,0.022474659371922504,0.011785843281540637,1A1-071
2020-06-20,0.012355662588718713,0.017156590399701153,0.011118830313784087,0.05149959609637655,0.028872581714605904,0.016317080220395963,020058
2020-06-20,0.020094646631439887,0.023597533025099073,0.012889164464993389,0.037132744385733135,0.01697734147952443,0.008966750330250985,020138
2020-06-20,0.0116306649853423,0.019708613338506632,0.012565686325228484,0.055996376099327456,0.02958059169684428,0.017606691455423342,1A1-107
2020-06-20,0.011508255045447544,0.015970916576798656,0.011060355627022012,0.02877522076721612,0.014358701432753035,0.00883805164843629,1A1-052
2020-06-20,0.019417813473346975,0.02280915057399661,0.01127986673489365,0.040694886758031505,0.019137028121384715,0.010204997775206908,020188
2020-06-20,0.01745308598982052,0.0259242867666756,0.018912714974551298,0.10555742097508705,0.04670530672381463,0.023413874899544596,020197
2020-06-20,0.01743622069317024,0.020842352191641173,0.014795485026310697,0.04723901403697276,0.02220318435407884,0.011797290650742486,1A1-029
2020-06-20,0.01190313413804828,0.022343624617477048,0.008252259010540627,0.03462654496769806,0.01272873257395443,0.0065371604046242735,1A1-102
2020-07-06,0.008928779478508493,0.013174099626234753,0.004468334297410339,0.03413010545519267,0.015203757230577554,0.0073509519889650215,020188
2020-07-06,0.008936683673469384,0.01284360331632653,0.008722831632653057,0.050417971938775494,0.022978456632653056,0.011458086734693871,030171
2020-07-06,0.014481809346244061,0.023354702401716096,0.014505101070547873,0.09953587279725751,0.04605623483891662,0.02093332599587023,1A1-110
2020-07-06,0.010570969729440128,0.019203870211626037,0.013598025046879188,0.09883388829359767,0.042930557862309135,0.02050874631663541,020197
2020-07-06,0.009092054136119916,0.014442318306160416,0.008324815871539548,0.044617781239741756,0.019427517042346,0.009414069236240283,1A1-071
2020-07-06,0.00889272776254762,0.014476620803806949,0.008041452481939335,0.059652715089915306,0.026154418352040545,0.012356476965120078,1A1-017
2020-07-06,0.013390956475013425,0.01742941742790614,0.00948796614723267,0.06051639575497045,0.02640756403367364,0.01245486790256134,1A1-087
2020-07-06,0.005883583302203954,0.011139093201344787,0.007505081714605899,0.045808888681359725,0.024317443500186785,0.013019494303324613,020058
2020-07-06,0.009855851328173099,0.014575814275661883,0.009139985376902091,0.04855606990500483,0.019885656939924348,0.009606808096578408,1A3-001
2020-07-06,0.005521644218918501,0.010447480781081493,0.005754526767832381,0.026456084039439196,0.011680002099060241,0.006188902846248638,1A1-052
2020-07-06,0.012452477478886462,0.0187331722865186,0.012301657741632775,0.07414714835783544,0.039056348733187383,0.021321849390053167,040852
2020-07-06,0.007246374355380588,0.010307898037808724,0.004253457842394322,0.035388399650614584,0.014410451049162068,0.006963738591326379,1A1-106
2020-07-06,0.008064888132977973,0.016438262028334965,0.008351298569224291,0.07587731904895496,0.033180905456585766,0.01577451641183896,050669
2020-07-06,0.005680675089617687,0.007987833465763308,0.0030510743053491552,0.0289389306531932,0.012343022011682147,0.0059500080216174246,060182
2020-07-06,0.014091916227608007,0.022559314014752366,0.012789778187565855,0.13834577766069545,0.06077904004214963,0.02668908956796628,060315A
2020-07-06,0.006167118067323977,0.011567527056693887,0.007719954013249107,0.02839569068710521,0.012330025881990461,0.006326326374980733,1A1-052
2020-07-06,0.01577598496115581,0.01861135910783074,0.011492019551421206,0.042878263165916926,0.01656387788329191,0.0074786334327916985,1A1-105
2020-07-06,0.01835082927952393,0.02380727099912626,0.01227035114648027,0.07038260343117578,0.02736767580938438,0.011998683200698983,1A2-078
2020-07-06,0.012142578484721644,0.018810553578903304,0.008593901213897017,0.028073110087902878,0.012777973001255747,0.0061472101297614,020138
2020-07-06,0.010545552762367079,0.017357393666204344,0.011013221220527043,0.06744760748959777,0.03339686084142395,0.01605838418862691,030172
2020-07-06,0.006828747624234917,0.010563196441369112,0.005245719172388067,0.03197409933421242,0.014093156307781579,0.007154991172402368,1A1-103
2020-07-06,0.010422683529512653,0.017794191162282116,0.008104456701185645,0.0700957761411633,0.03162736272807187,0.015269354377050223,1A2-066
2020-07-06,0.011023471061863023,0.024272707130224065,0.01607861431125963,0.10502361748697955,0.05899921613461153,0.03653653472771867,040850
2020-07-06,0.006690304776145655,0.01325341113994194,0.00874029927874043,0.04883688846864278,0.020208246767525726,0.00964390975459582,1A3-001
2020-07-06,0.005467021577755404,0.014513580460493208,0.011171289003522895,0.0768179029315551,0.04177040198792149,0.023562879655259186,050707
2020-07-06,0.004819716458405517,0.006991506605492277,0.0029997315051804446,0.01996255668037688,0.007971574197225911,0.004507044153971675,1A1-059
2020-07-06,0.005811182912929278,0.008623705585014116,0.006064240423212247,0.021533079686803114,0.00961484625105308,0.005223827122255808,020059
2020-07-06,0.009996614561809515,0.016585690174119067,0.011354186606331093,0.053774117385734316,0.026134834283825095,0.012979815652808771,1A1-029
2020-07-06,0.009565948982289183,0.026517616309807035,0.012632260771874173,0.13330721120803599,0.06399136399682791,0.0302141600581549,050215
2020-07-06,0.008602765623135368,0.017112913500934798,0.007839022833048246,0.023204989955845495,0.008923049445085322,0.004366003321532278,1A1-102
2020-07-06,0.013757855038634898,0.02171768754024469,0.010987245975531232,0.09109711732667958,0.03912546289439793,0.018013919483794816,070859
2020-07-06,0.0064422455655756515,0.009670751369877731,0.002663855257228789,0.021393096708782276,0.007778128163788412,0.003771895717632549,040826
2020-07-06,0.007044724082658809,0.011101626954566927,0.003943384801101404,0.047842065189919784,0.019045029380857056,0.00879652070460848,1A1-089
2020-07-06,0.01693659195490451,0.029003370082061507,0.024132219303627578,0.14964153596901597,0.07482252492522432,0.03467293619142572,040887
2020-07-06,0.006154781748318339,0.009060071421206189,0.0049681732699691315,0.0309403485840101,0.01304105450150728,0.0061034959088234735,060182
2020-07-06,0.0060341931656015335,0.009271333432865916,0.0027254122587950583,0.033774936324998416,0.012455668606905753,0.0056469724514487726,1A1-109
2020-07-06,0.0037608979009854863,0.008716920928067046,0.005491355940094663,0.02626562010165285,0.011382651897260804,0.006441303503530697,1A2-077
2020-07-06,0.005816221348545582,0.011065761897420085,0.005562167874396131,0.040640231138863184,0.018010805067324488,0.008469766419981496,1A1-107
2020-07-06,0.005717843097695347,0.009282769438193538,0.00512928292077287,0.025546399181345564,0.011043581613253672,0.006368225673158994,1A2-077
2020-07-06,0.005611418826238179,0.01118146279331798,0.008341555993729485,0.035145637461421644,0.016028804928232002,0.008382859207367852,1A2-028
2020-07-06,0.002533741927150606,0.00870069132294268,0.007206157610723614,0.026283416501621772,0.012750114670340717,0.006786941071787367,050706
2020-08-14,0.012763113559955174,0.017559891202839004,0.013240275028016432,0.06100777502801645,0.029081086570788187,0.015986772039596562,020058
2020-08-14,0.006388456632653059,0.01163708545918367,0.0070915178571428535,0.04708732142857142,0.01989019770408163,0.009357933673469383,030171
2020-08-14,0.012146313298062773,0.019213129599427187,0.009072597855921072,0.02602030888261268,0.009826922013604359,0.005183845817256054,1A1-102
2020-08-14,0.016710220264317184,0.028313145374449344,0.018378759911894277,0.13561369383259916,0.05747760352422907,0.02373787224669604,1A1-110
2020-08-14,0.005181173167848694,0.008452632978723399,0.003827362781375267,0.022385610160345355,0.008509473095898848,0.004450262231472911,1A1-107
2020-08-14,0.0032774642914322268,0.009151412275284754,0.0025086024198344055,0.024762255357714664,0.009937099515118246,0.005620664682539677,1A1-106
2020-08-14,0.000996104943273902,0.011720763978930302,0.0036049122771474847,0.03520730834683956,0.013726530186385729,0.007538753849270663,1A1-052
2020-08-14,0.01501949209694415,0.022428108008429922,0.013908451527924127,0.12260953582718652,0.047803711275026375,0.020377048472075866,060315A
2020-08-14,0.013695320359281428,0.020540350299401197,0.01639848331907613,0.05548495551753638,0.02838589563729683,0.01654647989734816,1A2-028
2020-08-14,0.015036104985618413,0.02082555369127517,0.012186018696069022,0.07816257909875361,0.03439019894534995,0.016500750239693194,1A1-087
2020-08-14,0.015575703300957198,0.03871263319960586,0.032062005560247755,0.15190370354729732,0.0693483493454392,0.04057231102195946,040186
2020-08-14,0.016984668490985292,0.027606577426666883,0.021519297798887525,0.07539036614372847,0.03928821424310663,0.02209775373935606,040576
2020-08-14,-0.010851534665991909,0.00020154415418470697,-0.0048677422446227045,0.013717574536806991,0.009465705970043299,0.00818378664726343,1A1-059
2020-08-14,0.016586556529194305,0.021886451253730003,0.015757345120919246,0.05585190113793255,0.026406380550483225,0.0142966453814635,1A1-029
2020-08-14,0.014912649644202587,0.023842007115948093,0.012968061950606949,0.03322087065717873,0.015163670992046881,0.008228936793637499,020138
2020-08-14,0.00888661715402283,0.01195869041171026,0.0073710887696685065,0.027709106458468986,0.011155368945185287,0.006184376898289391,060182
2020-08-14,0.006138234695528775,0.011230584918342962,0.004480739083349931,0.03221451749526987,0.012013414782911774,0.00573799563707429,1A1-089
2020-08-14,0.010700002672118342,0.019583987733704282,0.012791450875436863,0.06311441713888227,0.029061086237318005,0.018421918411319585,1A1-071
2020-08-14,0.01161381270226537,0.021334303051317616,0.016284563106796116,0.0701395498150717,0.03381211338418862,0.015874383379565413,030172
2020-08-14,0.004947426160860298,0.009623912978839381,0.006654673422865351,0.02689445810000496,0.011351039446949795,0.006797711853907527,020059
2020-08-14,0.013038298315106637,0.02087944903699878,0.017500656591750634,0.04631969753724274,0.025851418884009318,0.017437691308590953,050706
2020-08-14,0.005838854007256525,0.011642535034306876,0.003203133958400687,0.01840865609620288,0.006089901731508427,0.0032826639544491104,040826
2020-08-14,0.0034125860643322774,0.011066292410743386,0.005482203032398063,0.03226031608495713,0.014342593749682898,0.0074922720012638565,1A1-103
2020-08-14,0.014190580892608084,0.020470086994421197,0.01326820519525801,0.07060794891910736,0.029641453974895385,0.014044591178521615,1A1-017
2020-08-14,0.012962457044673538,0.01817280927835051,0.010469832474226799,0.08743179553264606,0.032852989690721646,0.013442006013745704,1A1-109
2020-08-14,0.014251613813019539,0.02192054383029255,0.01267713119399762,0.08348974846162151,0.032538387941271715,0.014604353341250128,1A1-105
2020-08-23,0.016063701142771374,0.02188279866426534,0.012523031185008892,0.0730594796959756,0.03086972508093736,0.014327212431122806,1A2-066
2020-08-23,0.016590268489897465,0.020102252666993357,0.011383731835230696,0.039091501031928544,0.017188317296818453,0.008963029511271111,040850
2020-08-23,0.011245252030207405,0.016829664261452767,0.01027879859997585,0.059153632691942924,0.0246350095691305,0.011123818945154212,1A1-017
2020-08-23,0.01848832876712329,0.0382988071654373,0.027812028451001062,0.20436610853530035,0.10224281559536355,0.050595010537407795,060315A
2020-08-23,0.012930645070302926,0.01639188516784142,0.007750620443047954,0.028082744725764032,0.012057159343192328,0.006684225697266743,040874
2020-08-23,0.0097064934403162,0.014587077134668605,0.009141676274135044,0.04306296677885219,0.018589378001410098,0.008997352174317892,1A1-103
2020-08-23,0.015163512182249967,0.01929568167824786,0.01213937934295012,0.051983410700149515,0.020479510840883095,0.009728670177676133,1A3-001
2020-08-23,0.014530009037444693,0.024915876794000206,0.014418733004208486,0.0993389431045647,0.04546984328801123,0.021701114033667843,070859
2020-08-23,0.018406643064985434,0.03986384801163916,0.029793235984481053,0.18987574306498525,0.10225130397672151,0.05417714190106688,1A1-110
2020-08-23,0.013512026800390623,0.01547997074914929,0.008560418504006262,0.03576124852153555,0.013977035959288394,0.0066144007290725206,060182
2020-08-23,0.014402985831809868,0.030620530164533807,0.020295489259597798,0.12652368075868367,0.06703854387568557,0.0371013903107861,1A2-078
2020-08-23,0.006459784339185903,0.017264264664370785,0.010541526138993952,0.08483338395528704,0.0363654870716423,0.021912047225201816,1A1-105
2020-08-23,0.00563010569067072,0.008685275745772363,0.003168877052340977,0.02175318270724592,0.00805927614813738,0.004438752430955276,1A1-059
2020-08-23,0.007250092780076355,0.012516727918585673,0.003537955414845194,0.024033752187220207,0.009062964285644634,0.004877072704467307,040826
2020-08-23,0.034237755376344076,0.04759100134408602,0.045561397849462365,0.20375934307795696,0.09150203293010752,0.06255841229838709,1A1-106
2020-08-23,0.011647779945308882,0.026647679941457395,0.017271016888769045,0.09235408873825304,0.049446521048374624,0.027920898802187635,1A1-052
2020-08-23,-0.005087610966057433,0.02523282637075717,0.014866259791122712,0.07662013054830286,0.07340657963446473,0.045964308093994766,1A1-089
2020-08-23,0.017914692652810798,0.0319699660633484,0.028790041030753884,0.15702663471125083,0.08030360035278777,0.03622233626044941,040887
2020-08-23,0.014662048462520226,0.02839314234155968,0.019696776199362907,0.08781573058442459,0.05008322707187064,0.030726210758604412,1A2-077
2020-10-17,0.011555098767342302,0.016707146255608842,0.015375012442622103,0.02145129409716849,0.012957227874052296,0.007631635656815716,040576
2020-10-17,-0.018451498636275085,0.001419697058250533,0.0011103769725306822,0.045328046464056096,0.037276627216052995,0.02520743278784336,1A1-107
2020-10-17,0.007612621497409421,0.011657337548968087,0.00914318078122818,0.023887848829088888,0.011958621793379589,0.006542120809029413,1A1-089
2020-10-17,0.010400603618126447,0.015242499999999989,0.012905527046390829,0.03915546166935339,0.020697893157800462,0.011771653233028836,1A1-087
2020-10-17,0.007799854277978388,0.01301264764833597,0.009045551111215154,0.011797388424947845,0.00638347432491218,0.00369399897978492,040826
2020-10-17,0.008513234998937351,0.0166887959595721,0.014151262958414996,0.043722095366850074,0.024552143245094103,0.012962037157295676,1A2-078
2020-10-17,0.01188360401841774,0.02035465048137296,0.014907808706571784,0.019164503976559222,0.009552218501465043,0.0052635956467141,020138
2020-10-17,0.010459002396892295,0.013179878020222054,0.011590623191999331,0.027819433734192916,0.013902692681213311,0.007660217683279605,1A1-029
2020-10-17,0.010609221361070814,0.015258370299206497,0.011842429955751804,0.01995601976388647,0.010671631040248302,0.006185297659187276,1A1-105
2020-10-17,0.00654163756503788,0.010554076766236155,0.009142871461435907,0.015582151645835436,0.008270933048575957,0.004696265747058043,1A1-103
2020-10-17,0.004261841378770767,0.007167250757228604,0.006604579905779523,0.011689945890288466,0.005292941693397856,0.002858330003576575,1A1-059
2020-10-17,0.006625147987094962,0.013991467947818761,0.01142221805302286,0.05177645251788469,0.025328106676953278,0.013702696731659417,050669
2020-10-17,0.010951299223144924,0.02102037302437717,0.02055593021698366,0.07052056455933564,0.03171413809268685,0.01648483257433699,020197
2020-10-17,0.007515775874109594,0.01159947566726304,0.009221656185776158,0.023958889962288742,0.012008094101880248,0.006551126582110098,1A1-089
2020-10-17,0.0027434690504807638,0.010766637019230772,0.009833326021634616,0.013574558894230763,0.009008593749999998,0.005395348257211536,040707
2020-10-17,0.009575710881898928,0.015677072883462657,0.0156527998235801,0.03784493110603247,0.02281260667388388,0.01275989894949984,1A1-110
2020-10-17,0.0025903545595453333,0.007927455796664666,0.007693616205976061,0.018004625132753537,0.009348920606217176,0.005038616277734725,050706
2020-10-17,0.008239705209014684,0.014298978712017595,0.013495900874115478,0.03486226764583456,0.01975808764940238,0.011587920556579649,040186
2020-10-17,0.0055980365829986995,0.010445442956969033,0.007934018609955237,0.013654425626903164,0.007564362481650879,0.0045178649807713295,040874
2020-10-17,0.0115502291536887,0.014304120316810536,0.009399867179852276,0.026736827000088993,0.012933894945270082,0.007016466138649103,020188
2020-10-17,0.005476415807900642,0.012779511494252866,0.013627615272823352,0.0209742281014665,0.012432318998546698,0.007402883637204382,1A3-048
2020-10-17,0.0057197440437862165,0.014652633263575868,0.01383447225799528,0.0458801378514703,0.030144632539171507,0.016834031068898917,070859
2020-10-17,0.008591715629187932,0.013459958869531479,0.009549081772287193,0.01214914028835221,0.006446391779173188,0.003691798172976191,040826
2020-10-17,0.006673747232617807,0.01070813402621506,0.00880958951761116,0.019957641356366053,0.010695942198863315,0.005915154427508229,060182
2020-10-17,0.0038019167232771524,0.010018802661232054,0.009041306192648185,0.020069318894963276,0.010282747387830355,0.005763674721530313,1A1-052
2020-10-17,0.007530150277084406,0.011014991816982997,0.009227142773041964,0.014477362870688694,0.007656782210081785,0.004413584848270771,1A1-106
2020-10-17,0.0072394267858467394,0.015014863264347362,0.01387110791731571,0.05109548679623172,0.030681693432732495,0.01595372073041069,050215
2020-10-17,0.011164982109640006,0.015123364126272021,0.011452504103293574,0.026922510395010427,0.013373088576430683,0.007149706477732787,1A1-071
2020-10-17,0.007782493324714015,0.014451042749936752,0.013346993380926944,0.020247871778296175,0.0127780118187695,0.007648205612861517,040576
2020-10-17,0.009541108213820069,0.017433135784952827,0.02321898266738245,0.06929498907124777,0.05151306177620979,0.027864204885343948,040887
2020-10-17,0.007143219582606599,0.013920058459132731,0.0138808600569355,0.036434852990116486,0.022399493394278346,0.01266100028066798,1A1-110
2020-10-17,0.007686389991933971,0.011976009919650055,0.009867610539337341,0.016723202111900475,0.008788135722373884,0.004960832990786121,1A1-109
2020-10-17,0.005740780344049628,0.010191839142695983,0.010402677129159607,0.022693005047941365,0.014130753327693183,0.00808501745628877,040852
2020-10-17,0.005772060696614898,0.00939653725567041,0.008843634081222749,0.01784310978298143,0.0097146591632783,0.005663270464899815,1A2-028
2020-10-17,0.0031916631151196746,0.006397695128599037,0.005880976138559885,0.0155101081569949,0.00749303025422469,0.004071952029337427,020059
2020-10-17,0.008383043753355312,0.016861302822302315,0.02290370177927754,0.06919543523276321,0.05151697407776668,0.027843034166730573,040887
2020-10-17,0.007056214107388248,0.010609316952176756,0.008711328647178601,0.014570986844471931,0.007846725885129247,0.004536629961652188,1A1-106
2020-10-17,-0.0009619392913107261,0.007699272102310059,0.00564782742758934,0.008949499696709292,0.005946859172016371,0.003975356745690739,040704
2020-10-17,0.011835646725725835,0.015931767826295812,0.012282289474656604,0.0201852221647437,0.010695776260242214,0.006195618320046551,1A1-105
2020-10-17,0.005786861211868939,0.012392927989534402,0.011774005470654693,0.03348068576440506,0.01941148822619968,0.011517117500148655,040186
2020-10-17,0.005839499248728615,0.013670877542764675,0.014392510980120203,0.03693624942209895,0.026745627311604264,0.014908933772538137,030172
2020-10-17,0.0015187613236034183,0.005748657838449922,0.005861322030699546,0.023166004969803727,0.013821942312531449,0.007881886952692499,050707
2020-10-17,0.004502728032368716,0.009618122306271437,0.008530411315858908,0.025124537558272497,0.014433210484651238,0.008371194806051538,1A3-001
2020-10-17,0.009260225145876908,0.019314243917207968,0.01355333452603765,0.026924232357150725,0.013949921281514918,0.007791631894748431,1A2-076
2020-10-17,0.002886071743917021,0.006121040365034477,0.005463297940114671,0.010823518542320987,0.005093176420292603,0.002837265245163234,1A1-059
2020-10-17,0.00553600528504963,0.013430103717759049,0.011054210673013012,0.04040072827555159,0.024382362996076403,0.01327821310649429,1A2-066
2020-10-17,0.008658674187193651,0.012598528010020453,0.010549217712663662,0.01726831811906682,0.008932586224948809,0.004989014006949178,1A1-109
2020-10-17,0.007190439199406575,0.011081557054194622,0.009792336600756738,0.016120909547135517,0.008412930420184319,0.004715052125288428,1A1-103
2020-10-17,0.010219006322444676,0.016272506849315065,0.01490979926238145,0.06891567860906216,0.035455359325605895,0.019800487355110644,060315A
2020-10-17,0.009323296045687577,0.015559299419481306,0.011462439545009046,0.017469382680563923,0.010010726590772016,0.005958485279704476,040850
2020-10-17,0.006489817884791111,0.010799761892446417,0.010091940938636863,0.02641554768185657,0.012252464008000131,0.006528526698736184,1A1-017
2020-10-17,0.011224460863335122,0.015712369245925128,0.01319062466415905,0.03899293435428979,0.020679013075407482,0.011706353662905246,1A1-087
2020-10-17,0.006199017439955848,0.010647404524215916,0.009831186658390653,0.02637307841514507,0.012253300401731056,0.006554040500698282,1A1-017
2020-10-17,0.004972168367346931,0.012102072704081632,0.011133195153061222,0.036012461734693885,0.01865303571428571,0.010429910714285713,030171
2020-10-17,0.007369403142095662,0.01441582199466966,0.011678177514377887,0.051910835671202124,0.025433122808247992,0.01375240426427268,050669
2020-10-17,0.008878739199157005,0.015720820337197048,0.014664547945205478,0.06914549051633297,0.03578931770284511,0.01992935194942044,060315A
2020-10-17,0.009755550439556065,0.01764264429770475,0.010302259934762716,0.014652076454910696,0.00798166205895222,0.005127196189188112,1A1-102
2020-10-17,0.004840725158759804,0.008943366641763163,0.008695255416511017,0.036011559114680604,0.0211761052484124,0.011857385599551734,020058
2021-03-10,0.5639846360389579,0.5958176311692033,0.6190910004250646,0.5857101562110171,0.035028189550818226,0.030236297461628748,1A1-105
2021-03-10,0.7007277400431098,0.735426801670504,0.7676723643021607,0.7447631008426003,0.042669144662714965,0.036366879684514776,1A2-028
2021-03-10,0.6085938279662548,0.6346848936755203,0.66191925815959,0.6325790795941494,0.03426683011554529,0.029205830578263006,1A1-106
2021-03-10,0.584749764438804,0.6211793330231246,0.6531327996615907,0.590484382402707,0.024450655527354728,0.022337369712351937,040852
2021-03-10,0.43113827504141616,0.46895449991345817,0.46785292102465176,0.3564532857354794,0.029501661041465743,0.02061945274831243,050215
2021-03-10,0.4866584473181256,0.5269389950933823,0.5511141546981702,0.4564078837696011,0.02472961118686506,0.01966358304646198,1A1-059
2021-03-10,0.5380546887873903,0.5667499462654486,0.5906217145799749,0.5901635831989971,0.03970692951818019,0.029675911696220674,1A1-087
2021-03-10,0.6610538922856674,0.6823217591750305,0.7068276154241917,0.6594010712155328,0.035449886477176146,0.031681472776891324,040576
2021-03-10,0.6694345316272189,0.708773468955101,0.7405825390335925,0.6772036581178962,0.03163798538742432,0.02538303066881803,040874
2021-03-10,0.6459053906611191,0.6747319827785484,0.6979674485668056,0.6265075479657884,0.026923849687933415,0.022255540337494224,030172
2021-03-10,0.6752600107152428,0.699039834583445,0.7217195626841686,0.6754207232788643,0.041261161264398605,0.03315056924725422,020197
2021-03-10,0.6789792360961333,0.7066270145971348,0.7323219300184867,0.6890570330650126,0.03868987655985211,0.036165615294253536,1A1-052
2021-03-10,0.505764295620438,0.555166593673966,0.5672573734793188,0.4048858515815085,0.018225962287104616,0.025035096107055965,040707
2021-03-10,0.274080387776607,0.301847598524763,0.31196585405690197,0.3335496217070602,0.041046581664910424,0.027327164910432033,060315A
2021-03-10,0.6968388749137205,0.741060439834343,0.7729838356085585,0.694915412416596,0.030548214587008186,0.024643807040417215,040887
2021-03-10,0.551804100614356,0.5798257173721503,0.6007851590304691,0.5539400789972365,0.03215092212727268,0.026382894020591127,1A1-110
2021-03-10,0.5815304375037162,0.6104709897722542,0.6383387002735327,0.616695183148005,0.021416100374620908,0.023076716417910443,040186
2021-03-10,0.5339171940340117,0.5774225006969613,0.5785345832171731,0.39035574783942006,0.003934717730694169,0.02010480206300529,040704
2021-03-10,0.5307227763840753,0.5597763933860926,0.5819655677253055,0.570666181916929,0.03685590117933066,0.027767542112795023,1A1-017
2021-03-10,0.5639603762240284,0.5940795654825788,0.6185914118566563,0.5966463434810719,0.03593443914689667,0.028139686535525975,1A1-089
2021-03-10,0.429859854673566,0.4778458166354728,0.47211833535175607,0.28055325057800296,0.022747423483430583,0.019753338654629526,1A2-076
2021-03-10,0.6893127609920772,0.7111131243722802,0.7390216103113492,0.6898461907153223,0.032563663932596805,0.031181295614328766,040576
2021-03-10,0.6088270591154042,0.6342586007481511,0.6625277886976637,0.6324209482584623,0.033771509439357326,0.029161010189527194,1A1-106
2021-03-10,0.625082861303282,0.6508216383321955,0.678379817331854,0.6501913485954267,0.03501215713609852,0.02849089651067193,1A1-109
2021-03-10,0.7004570979369581,0.7453652348723059,0.776722116726743,0.6977384511849066,0.030168584247258202,0.024425551230922608,040887
2021-03-10,0.4832666124281105,0.525084607588722,0.5547002097068313,0.570115442909244,0.04137747545237761,0.027501490040678908,050669
2021-03-10,0.6611564667906775,0.6887675753364703,0.713107539774593,0.6818348136010505,0.03668251135244554,0.030644780884123,1A1-071
2021-03-10,0.6711104400510205,0.6960086862244899,0.7251703443877553,0.6863776147959183,0.025169744897959184,0.023408635204081627,030171
2021-03-10,0.26993004952581673,0.2986626754478398,0.30853884404636467,0.33014334246575355,0.04074168809272918,0.027345548472075872,060315A
2021-03-10,0.7264588603250905,0.7550042596263441,0.786196862703801,0.742528920536201,0.0363081282521433,0.03368097539521286,020059
2021-03-10,0.6975860188644005,0.7293188667351516,0.7584644083862534,0.7330337602726933,0.03937202932387001,0.03441476139335078,020058
2021-03-10,0.6100015355553743,0.6352257040654501,0.6446971881614103,0.5464734787481204,0.023892457021245143,0.022183220202599524,040826
2021-03-10,0.6448904861456468,0.6684378791325131,0.6959790180712203,0.6455273890526333,0.03204503593827037,0.02797079040691631,1A1-103
2021-03-10,0.5488546263273129,0.5766230145449087,0.5965377177682877,0.5508279059160803,0.0334835136925884,0.02659409831398729,1A1-110
2021-03-10,0.6768390489772844,0.7068428209476822,0.728579821281735,0.6853924478363653,0.03656884893103093,0.028710287927844573,1A1-107
2021-03-10,0.5237370943041375,0.5548149610424503,0.5789270428085261,0.5821695849005912,0.04086730834676697,0.030008305570481807,1A1-087
2021-03-10,0.4807097489128909,0.5243563455603871,0.5535522496142516,0.570699577780895,0.041121728152616076,0.027380268621124977,050669
2021-03-10,0.6518123629661076,0.6744215463829574,0.7013115364534812,0.6496926530576772,0.031454564353490824,0.027730653235053866,1A1-103
2021-03-10,0.6811025304796654,0.7084311063896058,0.733784767731601,0.6966040776007831,0.03578336032748953,0.02972603319391296,020188
2021-03-10,0.5519498265520579,0.58961294584032,0.6170596544029093,0.6105839872364043,0.03599068794719815,0.02492930567690745,1A2-078
2021-03-10,0.5295433673425403,0.5575551905205259,0.5804988090742944,0.5688168983085912,0.03728785065259744,0.028000400955188857,1A1-017
2021-03-10,0.5807286384313493,0.6086167257834337,0.6366707877445441,0.615189803026699,0.02121681408693584,0.023120392311351597,040186
2021-03-10,0.35037055506216686,0.35206945087369723,0.34521438650995667,0.3098678189481632,0.011089553661298436,0.02191885505787619,050707
2021-03-10,0.7149363515851864,0.7505489161263372,0.783055771410955,0.7450963866900036,0.047777707446596936,0.044247614960817847,1A1-102
2021-03-10,0.7371700459255434,0.776056871681163,0.8081635514796645,0.7876237147306185,0.06615194150233933,0.06591674739516061,050706
2021-03-10,0.7137656059020513,0.7400949215152782,0.7649842685223947,0.7061093972373379,0.03262634051904563,0.028086600041858527,020138
2021-03-10,0.48526178335717757,0.5261016186948843,0.5494937375378617,0.45535548863598235,0.025227873221490765,0.019645797381274352,1A1-059
2021-03-10,0.6368432050784877,0.658954907512254,0.6872677287762916,0.6564664038554012,0.033393383849351616,0.02830353665772166,1A1-109
2021-03-10,0.5777509440728115,0.6166799696618857,0.6441684651915695,0.6227628221414634,0.029561518460153074,0.021974680538581936,1A2-066
2021-03-10,0.6702236710037175,0.6993076068773234,0.7280096933085504,0.63494156133829,0.01346474907063197,0.024125181226765793,1A3-048
2021-03-10,0.5922050163822673,0.6174007805215938,0.6413779843214004,0.6132113530213739,0.03378545078722842,0.029707739466971594,1A3-001
2021-03-10,0.6884819233338842,0.7150743165068736,0.7391933408752791,0.691249317195636,0.03439750540678288,0.028869013658153548,1A1-029
2021-03-10,0.5726812948347035,0.6049585350620104,0.618894268909266,0.5442482698940746,0.028492993723612785,0.02301784018301418,040850
2021-03-10,0.6017748047943342,0.6272908105052891,0.6347015157752968,0.5389452916147307,0.026819716061267575,0.02267699749042699,040826
2021-03-10,0.5641353439239662,0.5935962334971698,0.6166181449322596,0.5947024399413384,0.037245418215798805,0.028329523438175522,1A1-089
2021-03-10,0.6676640100212994,0.6969267097872832,0.7232685839343237,0.6867605971176773,0.0313741407467838,0.024763233621646525,060182
2021-03-10,0.6234240437057313,0.6585900045610646,0.689095703799099,0.655102150461473,0.03202645122343852,0.027187026132217247,070859
2021-03-10,0.559992297742326,0.589881241258903,0.6103837351389805,0.576820282232363,0.038634186004083,0.03088072748561242,1A1-105
2021-03-19,0.496261625309305,0.5146357687975636,0.4700713633631359,0.20106580807343963,0.00832769953079042,0.0061847473621550915,1A2-077
2021-03-19,0.4298578249665495,0.45810215793646875,0.4460827704544331,0.2389899531691363,0.008683720699737347,0.007406405049804244,020059
2021-03-19,0.4124788303282478,0.44290612141701347,0.43569649358529833,0.24410811286407777,0.02148002889505317,0.016690785656495604,030172
2021-03-19,0.44833187890314335,0.4791524526627275,0.465279097129833,0.21656880253728822,0.006137165507823727,0.006719722860464107,1A1-103
2021-03-19,0.6288113110307414,0.6721160344011025,0.6937746528315973,0.6247824603892187,0.024231719481041365,0.02404863794885043,050706
2021-03-19,0.45153412312055174,0.4822970262690692,0.44962723797703047,0.16184527392417788,0.0017089065814074017,0.004447965168345141,1A1-109
2021-03-19,0.019958272521389018,0.026862862355309512,0.02034432435832913,0.03810881227981882,0.005112203069954708,0.004000176144942118,050707
2021-03-19,0.35543768070601434,0.3924743560889056,0.40129526101979834,0.2445872660627569,0.019133323683227496,0.014154447142323494,020058
2021-03-19,0.4922013702448912,0.5107906733180386,0.47219628814757514,0.22109654357626837,0.00980969842074374,0.008101896041188706,1A2-077
2021-03-19,0.48734060146106994,0.5049680635197454,0.4719174973258923,0.2360508049645388,0.008894996531411067,0.007548966651164586,1A1-052
2021-03-19,0.39071268627040623,0.4166281529928839,0.3930129604437002,0.1918070542067811,0.010293820636249472,0.007923079740477186,020138
2021-03-19,0.58901336475764,0.6211990437190665,0.6383363031267185,0.5132416786471836,0.017244758818446063,0.015968995600597054,040887
2021-03-19,0.3611861572413141,0.38682155494712983,0.3680695666540784,0.24825607533987912,0.03661636872167673,0.02566503115558912,060182
2021-03-19,0.42918697375256815,0.4530505109570925,0.419023736274116,0.2187547378798972,0.02400921452523201,0.015272207948615021,1A2-078
2021-03-19,0.38840674524017893,0.4194008213973082,0.40716936212933574,0.24888297633767376,0.01611317154502681,0.012579123645913124,1A1-071
2021-03-19,0.4461044826136967,0.46945298144133757,0.43575826214386826,0.20537211168377273,0.00884520483100336,0.008904387497787993,1A3-001
2021-03-19,0.38299291653818474,0.40718524514338567,0.3870956400966184,0.21985939459348341,0.015412097466337753,0.01094248817966902,1A1-107
2021-03-19,0.43217598154722714,0.45304583839150236,0.42262701577576106,0.21172875833882107,0.018237315901737907,0.013343422137601283,060182
2021-03-19,0.36077415976995364,0.3851182290643849,0.3601948506101837,0.22109943785944725,0.027327698835741338,0.01803070451676252,050669
2021-03-19,0.46044110367892965,0.4779858277591973,0.45515163043478263,0.2771886454849498,0.024269581939799317,0.018241195652173903,040850
2021-03-19,0.4244285331632653,0.4594652232142857,0.45188889668367344,0.2580458801020409,0.02213025510204081,0.020808367346938767,030171
2021-03-19,0.45919881424756065,0.49009497056739487,0.4774986065841824,0.2551335406333459,0.010650581566468625,0.010307094620373899,040852
2021-03-19,0.4900614150597053,0.510684242151975,0.47920123001764736,0.24939098981077146,0.00967571585449112,0.00873863256946322,1A1-052
2021-03-19,0.4316030712563623,0.4635870667023842,0.4557302511384945,0.31605608625770165,0.026969912938655232,0.02202774377176533,020197
2021-03-19,0.5912575,0.6546449999999999,0.6710625000000001,0.6371549999999999,0.022694999999999993,0.0205775,1A1-102
2021-03-19,0.43563094115577417,0.45967172706482545,0.4272757244480605,0.21104326314979327,0.013042379057085053,0.009833525266074408,1A3-001
2021-03-19,0.35906148181642,0.3828900142109681,0.3624053404172855,0.23162626332278266,0.020823015793553383,0.014922516956268964,1A1-089
2021-03-19,0.41156231937037685,0.4424377882547735,0.43250698972131396,0.24608810196434674,0.01343054100184929,0.011082144842379137,1A1-110
2021-03-19,0.5181851947715624,0.5252781197524804,0.47620712245120506,0.16325378277995847,0.0004169646848762382,0.0037605078508341464,040826
2021-03-19,0.40362559975767365,0.43830403271405494,0.4552537843295638,0.28399791195476576,0.010464919224555731,0.0091063126009693,1A1-017
2021-03-19,0.4247115870307165,0.4501056099317939,0.41623257595652313,0.1738760318415581,0.00627545181821497,0.008195650326439792,1A1-105
2021-03-19,0.4934163736992326,0.5147098656925644,0.4754240131844819,0.23946711804152365,0.01133385690290968,0.008986837618710851,1A2-066
2021-03-19,0.09982372387459805,0.1208464216237942,0.11964168287781352,0.1543901655948553,0.036132658360128606,0.023777872186495175,1A1-106
2021-03-19,0.4142910214993941,0.43488406906015836,0.40246190904482826,0.19945169571990198,0.020127747879731983,0.014400616361298607,050215
2021-03-19,0.4303481441973252,0.45510228408367226,0.4320308806887768,0.21258517280654504,0.009653454048890411,0.007240654729829028,1A2-028
2021-03-19,0.47855744933728833,0.504936523068119,0.47653092887059306,0.2771736230017821,0.014679609006126354,0.01191742589196291,070859
2021-03-19,0.5200325000000001,0.5544899999999999,0.5219024999999999,0.24591249999999998,0.0068000000000000005,0.00789999999999999,040874
2021-03-19,0.39343763003829546,0.42367734737030605,0.41114364107226486,0.2218782811251619,0.014830256081769846,0.011648257500619884,1A1-029
2021-05-06,0.017555895061728395,0.03226853086419752,0.04645941358024692,0.12555212962962964,0.09762061728395062,0.0611444135802469,040887
2021-05-06,0.007564978001086358,0.012269721405292151,0.010503923508186547,0.019995337782261206,0.016125487080003113,0.01209078788701793,1A2-077
2021-05-06,0.007667137540655489,0.010571280647985988,0.00674915045659244,0.0292089997185389,0.022491579465849385,0.01542102811483612,1A1-089
2021-05-06,0.020120191484300665,0.03704667697431018,0.03834571836346336,0.13205069933396768,0.1037307231208373,0.07285575880114177,1A1-106
2021-05-06,0.00882011644714421,0.013189014173733455,0.012070448848258862,0.036332613149295416,0.02636884045027168,0.016827659519656785,1A1-110
2021-05-06,0.001059887237702813,0.007609440397818475,0.004560395818409036,0.009698069589475153,0.012015136161846459,0.009936540919144744,040826
2021-05-06,0.0020291941971541,0.0057617225477626455,0.00287313800155296,0.01311457911986709,0.012066867754342882,0.009460667209902855,1A1-059
2021-05-06,0.0012222028722350588,0.009813301483099278,0.008321050232369148,0.024874647890900763,0.03280042347055389,0.02761327202427813,1A1-109
2021-05-06,0.007632047901858451,0.015222734314119057,0.011348007887217513,0.04098539306208233,0.02757761081068315,0.01721594239261341,1A2-078
2021-05-06,0.00606605465147556,0.008525850344873957,0.004377334695857666,0.017543737703658167,0.013001235998501396,0.008697880682254844,1A1-105
2021-05-06,0.0067788639620275795,0.01118345468386172,0.007738876500089557,0.03579828452444923,0.02362445862439548,0.015116161561884294,1A1-087
2021-05-06,0.007117955911823642,0.012914383767535067,0.01006879258517034,0.026726452905811614,0.025118877755511006,0.018708421843687362,040850
2021-05-06,0.0100651787648054,0.01302189004512126,0.012492683023124626,0.028093875690919326,0.02468791522842638,0.016497295995487847,040852
2021-05-06,0.00117123466074583,0.010846225230387245,0.00939738373203457,0.023997799861528914,0.026481457050088347,0.020317286682901215,040874
2021-05-06,0.00488963865646625,0.008125785656139077,0.005723363326182911,0.01643304410905856,0.014594712903913804,0.010733334010780377,1A1-103
2021-05-06,0.009189824352950236,0.013910088988599606,0.011794501405792643,0.020983380257279288,0.01665907749191187,0.012720148185949777,1A1-052
2021-05-06,0.013758659114857739,0.021796459957850366,0.019067428345626976,0.09089005057955746,0.05857877344573235,0.03480634193888304,060315A
2021-05-06,0.004706152398600083,0.007187265826393395,0.0043736620579012155,0.016179102291544067,0.01160998096950873,0.00740677276228718,060182
2021-05-06,0.017160457943925237,0.03642274299065421,0.031374976635514015,0.20356357943925238,0.11348164953271028,0.06403356542056074,050669
2021-05-06,0.006303665733134176,0.0144128927059995,0.012595273462783172,0.047873544062733364,0.034268350012447095,0.020867283047050024,050215
2021-05-06,0.008326646634615383,0.032736080729166665,0.036413621794871794,0.09997621394230768,0.0904107201522436,0.06685600060096154,1A2-066
2021-05-06,0.009236813906084851,0.023073544994715405,0.023407116714479835,0.07034415574513062,0.05758064713875889,0.039833985731541614,070859
2021-05-06,0.0029258529387485507,0.011698847820703311,0.010194515643057612,0.046937298786527984,0.03221206352154531,0.021620084612844637,1A1-017
2021-05-13,0.010043681355478163,0.019156899946423788,0.01838186847039915,0.0668636612643986,0.03759434235199571,0.022320608090008034,020197
2021-05-13,0.01058514012091778,0.013823183012042214,0.013398244709846874,0.022358566207443385,0.015903411715149415,0.011182008275930418,020059
2021-05-13,0.015417878380798855,0.01885477744939996,0.016473345423607372,0.041705504209206525,0.02785071063944116,0.018063769478774847,1A1-087
2021-05-13,0.010370433652384879,0.016375105430319663,0.01526259379915748,0.03635947446476654,0.027968051863652105,0.018416203242061478,1A1-110
2021-05-13,0.02260431969265135,0.029553135437528855,0.029911636978123515,0.03840966676937294,0.03253238380064702,0.025609765714065615,1A1-052
2021-05-13,0.008871403317784736,0.012654856254044425,0.011844104713788816,0.01900209489929357,0.014964989349654876,0.011156030067002793,1A1-059
2021-05-13,0.007957178575148417,0.015664239324028738,0.013821978491823749,0.02851613503801687,0.02409728718362673,0.017738046948234547,1A1-109
2021-05-13,0.010649351241930182,0.015612109749425538,0.013775215067294016,0.034040792865740216,0.022041055476529167,0.014183587208666153,1A1-071
2021-05-13,0.008340901240035423,0.01748703830823738,0.018711969663418957,0.036173678033658105,0.02560838020372011,0.019414632418069087,050706
2021-05-13,0.007987996573818634,0.013021781391830555,0.007731010945982023,0.02409417660407582,0.015077607679985757,0.00927600827623031,020188
2021-05-13,0.015560517999162816,0.023070929259104228,0.01757928421933863,0.023410086856425268,0.01566445793218918,0.01071335391377145,020138
2021-05-13,0.007676585466132177,0.012546466877376913,0.009890726950354605,0.030001951253982938,0.017854164739438776,0.010817582099907484,1A1-107
2021-05-13,0.010646456525332672,0.01486611700002754,0.014113455554178027,0.026715782674876697,0.018809316369121407,0.012826560941675622,1A1-029
2021-05-13,0.009742478181733322,0.01896584239510898,0.018852582489382555,0.06069844063564664,0.036162435478601776,0.021939659308349277,1A1-017
2021-05-13,0.011827095495722188,0.019551311965274286,0.021486553535480627,0.057899857825868165,0.04486082347760443,0.030665557372924007,050707
2021-05-13,0.01189190463645943,0.01927094573234984,0.018290908324552168,0.0752341933614331,0.04987225026343519,0.0307053124341412,060315A
2021-05-13,0.012860714285714284,0.01896967474489795,0.01882809948979591,0.04361830994897958,0.03143497448979592,0.021844713010204075,030171
2021-05-13,0.011105768159108364,0.020238032282859336,0.019411788528055342,0.049013754803996924,0.036618098097617215,0.025243457436587225,1A1-089
2021-05-13,0.01480263892756275,0.021949108854767488,0.017918574127849154,0.026029918950634473,0.019165692947213497,0.014754758144715385,1A1-102
2021-05-13,0.010902093975983528,0.0170409745488622,0.01629879337225502,0.029622102766536162,0.02831753217673987,0.019760459181981025,040576
2021-05-13,0.013440738995607892,0.017945003469038066,0.015151026231961,0.03107732093730392,0.022860214356387847,0.015463936121434435,1A1-105
2021-05-13,0.010041330344170006,0.0152542716581911,0.014537682891391242,0.022518361333091114,0.019139821921540057,0.01450229749364325,1A1-103
2021-05-13,0.016793778291621323,0.021146166485310106,0.020393440515052593,0.023335360990206732,0.020776445593035903,0.0173359562023939,1A1-106
2021-05-13,0.010266474131490472,0.014714802017183415,0.01424667024654464,0.036913999813223755,0.02737155631303699,0.017832225438924165,020058
2021-05-13,0.010982358030564304,0.017662892460010703,0.01840280712969019,0.04735304334899208,0.036548442647321155,0.023681976422667547,040186
2021-05-13,0.009085339107869265,0.01563968579043343,0.012783435264412956,0.05188935334549025,0.030960634380698557,0.01763131224575676,050669
2021-05-13,0.01643130930322749,0.022627149351488775,0.02011677699616495,0.025871602210539923,0.023677099582022628,0.01875620292368686,040826
2021-05-13,0.012164519294340278,0.01678899440154789,0.01612201494234746,0.028408612517969025,0.021957415628961554,0.015989609715710226,060182
2021-05-13,0.009676556576514098,0.01489012367082755,0.015171458333333334,0.038124054264909855,0.03370642654877486,0.021187992371705974,030172
2021-05-13,0.005064488659688009,0.011749353704844005,0.01122846238711001,0.029822255490558284,0.021868868277914608,0.01452087618021346,1A3-001
2021-05-29,0.030496763871374517,0.04445903058007568,0.04267650081596321,0.08753671268822787,0.05461241469475561,0.04108129886506935,050706
2021-05-29,0.023386442741159964,0.031936341158558625,0.027795862876655426,0.04521039686464302,0.031010969809046197,0.02418009918811947,040826
2021-05-29,0.01598420600632244,0.030134975763962072,0.021232040569020023,0.12521171970495262,0.06025689936775552,0.03313974341412013,060315A
2021-05-29,0.01620691467001965,0.028597407854199904,0.024468542532756744,0.08609242831557845,0.046553596957239825,0.027820585933150208,1A1-110
2021-05-29,0.01271553527365599,0.02029936595877702,0.015462417510791275,0.05594760829514547,0.028006045024043465,0.016904086350122714,1A1-089
2021-05-29,0.020401415662650607,0.03945559236947792,0.03442174636044177,0.08919927459839357,0.05871717996987951,0.04183111257530118,1A1-052
2021-05-29,0.02398075599665857,0.03508116452523966,0.02958803104737657,0.05662831974223319,0.034772372309956646,0.026687839412864466,1A1-102
2021-05-29,0.020908069588712577,0.028580928044165496,0.02408732513276131,0.056716379413047184,0.03265846995546074,0.022742477574634403,1A1-109
2021-05-29,0.013951963620353598,0.02238090625636902,0.01983678655546977,0.044389002988279316,0.0274593152810589,0.019538618882423673,1A1-103
2021-05-29,0.030472987769780146,0.03825770677090896,0.03540461289132787,0.059484108021034675,0.04049294323020865,0.031655727358585455,1A1-059
2021-05-29,0.01794391221115784,0.028781554193497448,0.022114846232787873,0.0751887322522076,0.043134448112728825,0.028767188123780627,1A1-105
2021-05-29,0.011137880258899677,0.018675362632917244,0.01500655050855294,0.05624122717290801,0.03414465297041147,0.0197310072815534,030172
2021-05-29,0.01762605229591837,0.023559993622448972,0.02044401785714285,0.0599310267857143,0.03276448979591837,0.021479936224489786,030171
2021-05-29,0.011700760875187495,0.020097419481370362,0.016874650295694744,0.056565273366782146,0.029544505638028226,0.018048165226986657,1A1-017
2021-05-29,0.016129581592553587,0.023731086414206095,0.019157267065229737,0.05355536615052404,0.02930943114224208,0.018946959072955138,1A1-106
2021-05-29,0.012077073944554644,0.020119620509417346,0.016940680055773462,0.03926479062588546,0.023621954680346578,0.015711346354593852,040576
2021-05-29,0.007669876166973895,0.017811219450555985,0.013774012754950342,0.06362471665576501,0.03250595572932151,0.017862513973954927,040186
2021-05-29,0.02860989443005576,0.03997881513583675,0.035616877649863266,0.08487197974731145,0.05049926609024243,0.0370159527224975,060182
2021-05-29,0.011685631380977968,0.021499166218878735,0.01566051182160129,0.06786173786494717,0.0337972765538241,0.01936261866380082,1A1-087
2021-05-29,0.026745944128741487,0.03532780054377114,0.03231307818547005,0.07549424423161709,0.044544429652672336,0.03183517121442219,1A2-028
2021-06-07,0.014772002868068828,0.020947041108986608,0.01394768642447418,0.04927309273422562,0.02248036328871892,0.014966869024856593,1A1-071
2021-06-07,0.026098255013633564,0.031811837782566625,0.02418304050488168,0.07038315661008003,0.0360260912349371,0.02168969951183041,1A3-001
2021-06-07,0.01649058087411281,0.02307496638027643,0.01528023160254016,0.06158730388494586,0.03258743416137467,0.01955367715726559,020058
2021-06-07,0.026782514225500525,0.03635827502634351,0.019072464699683878,0.16455323129610122,0.07063709747102212,0.03184549315068494,060315A
2021-06-07,0.021732083145730146,0.027919077849960332,0.018069018996162176,0.07404964419716557,0.03997560826311615,0.022236740367916643,1A2-066
2021-06-07,0.012373881309587527,0.019063438426816723,0.008802191446882986,0.05399490632369323,0.029141314542613678,0.016315640543394908,040852
2021-06-07,0.021500464273428662,0.0254460797827903,0.01422627844120104,0.061579509435353084,0.026055119170475205,0.012317137328615647,1A2-078
2021-06-07,0.019838621951219514,0.043924782012195115,0.031513763719512186,0.24928988567073168,0.16871776981707318,0.08263225609756099,070859
2021-06-07,0.018259697722697536,0.025708291394061396,0.020784611537493707,0.08034121760191243,0.04972318193256166,0.029668931492199298,050707
2021-06-07,0.007988086734693874,0.015554604591836732,0.007335184948979587,0.060909508928571415,0.025820242346938766,0.012960778061224488,030171
2021-06-07,0.011235335611004933,0.02326825000901453,0.012023012836692739,0.10024771598817293,0.049710344355100404,0.02440366593949445,050215
2021-06-07,0.016534447236180912,0.021277575376884416,0.014348819095477382,0.04197989321608041,0.02174707914572863,0.012221783919597988,040874
2021-06-07,0.016934333102439764,0.027291656853690442,0.020052343762025696,0.09960713037789574,0.05539126183329483,0.027751509851458467,040887
2021-06-07,0.013870621860558575,0.01844955933006115,0.014907324263038554,0.030599445951376356,0.01674361290507764,0.010059893366629354,050706
2021-06-07,0.009871555216623926,0.014840774586704405,0.003077858735392133,0.025770047434442788,0.012427495381942166,0.008320184235841622,040826
2021-06-07,0.013473778061350904,0.017755657118786853,0.011384714306952766,0.03215764928886467,0.01542470674959116,0.01019642784578027,020059
2021-06-07,0.012919760297223897,0.026604302579963785,0.01196466637748944,0.0434792328002414,0.021606955529571516,0.012703913510863002,020138
2021-06-07,0.011204757581129628,0.015914386870078866,0.007085016473445147,0.040499382086926244,0.018463665918532542,0.010691303626499343,060182
2021-06-07,0.008090381947238797,0.014180317967454826,0.00342273998454828,0.027770299336863653,0.01474349261214572,0.010296127613513843,1A1-103
2021-06-07,0.01739550017337032,0.02397538690476191,0.015278530975496998,0.07103911003236248,0.03577374190938513,0.018456290742024973,030172
2021-06-07,0.018334920864840083,0.022800234377557346,0.0094280634390651,0.05401130847163572,0.02384383907820222,0.012991818226455851,1A1-105
2021-06-07,0.021998436619718308,0.025121390845070413,0.01275231690140845,0.09076760915492958,0.03907214084507042,0.018410190140845068,1A1-087
2021-06-07,0.015886045761009885,0.02682426839764739,0.01534748601348443,0.08588102531917946,0.0429222973748386,0.02402412064266245,050669
2021-06-07,0.027178382541720156,0.04382844111039795,0.03327872272143774,0.1316498146662388,0.062235093068035936,0.03700289874839538,020197
2021-06-07,0.01039981707317073,0.02677220337906504,0.0128105875254065,0.10533367378048779,0.05033279344512195,0.02723120045731707,040850
2021-06-07,0.008313065748521632,0.014430123638344223,0.0033758939464674717,0.044427608932461865,0.020533975879240572,0.012215973078120135,1A1-059
2021-06-07,0.025155236498372757,0.030426512885917842,0.02199307634796375,0.0668135615489489,0.03442811120151287,0.02107525266074412,1A3-001
2021-06-07,0.021611261507019742,0.024088612617735934,0.011761143486760255,0.06326278125111073,0.025473502843433457,0.012527973289497065,1A1-089
2021-06-07,0.02324565706590206,0.026788592249880526,0.0187860169859681,0.04840673003822927,0.023952481374082263,0.0145557699617707,1A1-029
2021-06-07,0.01211434026810931,0.02055288466128326,0.009548198317355495,0.034746323938899704,0.013282473845419463,0.007356544910298738,1A1-102
2021-06-07,0.01427972656378696,0.017580301522769043,0.007965847571542473,0.04028018660674864,0.01844625679513452,0.010683389660193844,060182
2021-06-07,0.002547147759386351,0.016358681368591036,0.010531395841744041,0.03506382721033507,0.0236390815502624,0.01785588262010496,1A2-028
2021-06-07,0.007542811607694931,0.01600486589805402,0.004198175095005523,0.04946554740202451,0.023744503887063232,0.013191727224727117,1A1-110
2021-06-07,0.009006417721188029,0.01780661376629715,0.006213835189639537,0.061466682092309786,0.02914970804573656,0.01601376398765947,1A1-017
2021-08-10,0.01608658184448918,0.02130093891545043,0.015318830837946653,0.07333424666582788,0.03580942752893809,0.018717675830397584,050707
2021-08-10,0.01618889918843674,0.019442522305858675,0.01101207001704404,0.046348561871083924,0.015484592140937845,0.00717035836462118,060182
2021-08-10,0.016989313914634624,0.02350874139782807,0.012957464298500332,0.035781491805561096,0.012077841700147179,0.006298636680058869,1A1-102
2021-08-10,0.02323567287568019,0.030822143156132256,0.0160754719547928,0.0421379719547928,0.01496400586019254,0.006748928421933858,020138
2021-08-10,0.01701889942392455,0.029170903622440465,0.019952166141270985,0.10045599111476874,0.04712660499079395,0.021364340163477085,1A1-029
2021-08-10,0.020048017621145373,0.038794790748898675,0.02816435572687224,0.15918400881057268,0.09678152533039648,0.057702153083700435,020058
2021-08-10,0.004610257817533073,0.012392347613855987,0.005130941201248817,0.033455063556172275,0.011792879230883591,0.006262254323801971,020059
2021-08-10,0.012430630328080594,0.018549813283963386,0.013673733890180546,0.039956201168231016,0.017682440440311142,0.009255882846809607,050706
2021-08-10,0.01325294175456987,0.023280688920919862,0.011680542815960163,0.06382997313765315,0.022557272980410138,0.011313133230688594,1A3-001
2021-08-10,0.011772210936645152,0.017968250711237536,0.009318839615931713,0.05306247455957983,0.019321303370171784,0.008658156855235797,1A1-071
2021-08-10,0.019726230243771768,0.02643343088668632,0.018934292124296804,0.10655712295740692,0.04583815429949104,0.020447212027859624,020197
2021-08-10,0.013573884656836325,0.018459707661784147,0.01168464826336158,0.047264951991378035,0.017997554622054573,0.008730697227257134,1A2-028
2021-08-10,0.015408602924179381,0.024806867776236707,0.01602935535136385,0.07889024878640778,0.03445252773925107,0.015265311777623667,030172
2021-08-10,0.014400778061224489,0.019274955357142857,0.011122079081632649,0.06657512755102041,0.023829279336734684,0.010826084183673467,030171
2021-08-10,0.018992384623291184,0.021864889505601812,0.013241706110597181,0.0504781745297564,0.019111951253982934,0.008376788210504672,1A1-107
2021-08-10,0.010711873873817114,0.01585273830974911,0.008462454889681325,0.03278610353322161,0.011101370288932846,0.0055455805748415386,1A2-077
2021-08-10,0.02055649750823173,0.02357232513126278,0.012830358191688165,0.048441064341016304,0.017501381374032222,0.007601922221233418,020188
2021-10-20,0.007907656330800747,0.014623698038903697,0.009069775547953378,0.014238414714189115,0.00973961862047018,0.006158674271052943,1A1-102
2021-10-20,0.007354405506883598,0.012130117835974213,0.010969965522941414,0.04091839805653294,0.026477832904337976,0.01410102888044018,1A2-078
2021-10-20,0.006000830231032856,0.009476518733891902,0.008223010747970034,0.017146784754233143,0.012672211393679626,0.007666228534082195,1A1-105
2021-10-20,0.0035636702356937103,0.007796411877790989,0.007424470809841541,0.023244857756168195,0.01394922809013947,0.007927704356971661,1A1-017
2021-10-20,0.00477815778174131,0.008831544787950845,0.009540597172678026,0.01633163115999471,0.01301461487646981,0.008116050667195134,1A3-048
2021-10-20,0.0055557240381640975,0.009397779300891014,0.007831735141053089,0.019416975046552667,0.012854913794149225,0.007458174862161607,060182
2021-10-20,0.006676193730167415,0.012038783701717917,0.009494990070029533,0.02897194827114566,0.01764808439107123,0.009597000656526964,1A1-071
2021-10-20,0.004914859566544247,0.00843535315264055,0.007746811453645741,0.02334557207882894,0.013913503077639253,0.007914787194606799,1A1-017
2021-10-20,0.005006756672040112,0.009913740820347483,0.00919058391545764,0.034407684936414114,0.022587576123947708,0.013374061436503664,1A1-087
2021-10-20,0.004551436218857671,0.008770481834221683,0.007845494859264876,0.017063791419175457,0.012750995630606079,0.007699178844928079,1A1-105
2021-10-20,0.006460296435608094,0.010647295808704991,0.009614023822317743,0.03462001074691027,0.022726706519792233,0.013464240551674724,1A1-087
2021-10-20,0.0037925597178080517,0.00795859344318711,0.007873277141237676,0.018417923034879255,0.015381922255511245,0.009505380068422439,040707
2021-10-20,0.006519374739846582,0.011283531842778131,0.011228824552536118,0.030578046619492174,0.020904276922162096,0.012229828150086216,040186
2021-10-20,0.004546747955535963,0.008992289065178002,0.007805637334116837,0.012090971181626756,0.009745801993046366,0.006200929312962142,040704
2021-10-20,0.008976544334315557,0.01600631931422448,0.015461991695687113,0.06769018617733727,0.03442958076613983,0.017872849584784353,020197
2021-10-20,0.004279666853696167,0.010855260555477619,0.00939079779772759,0.05022719455744143,0.027713211881049214,0.014894072801234386,050669
2021-10-20,0.009010219809557709,0.013067229687639046,0.009309582406336208,0.028031541781614305,0.016065236273026612,0.008739661608970363,020188
2021-10-20,0.002862581708514513,0.010078957427409163,0.00890711951185299,0.049746370809370166,0.02735904088932528,0.014736309440314201,050669
2021-10-20,0.006241238330261043,0.011090840518522915,0.010922705744187428,0.030519978890408517,0.021033137896176488,0.012319086638520538,040186
2021-10-20,0.005936504310978291,0.009970236858864445,0.009280317322294613,0.01901679383236173,0.012174974893450251,0.007139393891147796,1A2-028
2021-10-20,0.005908091892036917,0.012714338645632125,0.012333340872504818,0.0403930611987551,0.029624739402232262,0.01643516744473064,070859
2021-10-20,0.004387030324774167,0.007575018156639989,0.0069687648622911765,0.015350750256506528,0.011441400425163777,0.006900105871820479,1A1-106
2021-10-20,0.005956507784339285,0.01649350007669299,0.023110929327402396,0.07224977643991101,0.0570812665848608,0.031208973847687702,040887
2021-10-20,0.005161264645176069,0.007891425263734994,0.007207074497971806,0.01357259203312448,0.009589582723565571,0.005773969410681256,1A1-103
2021-10-20,0.0015820123140458905,0.00476880729510121,0.00486440368946363,0.010161838500743264,0.006853284304411486,0.004139977045634902,1A1-059
2021-10-20,0.004973939491550618,0.007830126368997468,0.007391063977402252,0.017261653327716942,0.010109073541800878,0.005643941102135878,020059
2021-10-20,0.00751183562031041,0.011450963999383282,0.008692814909034839,0.029195988410936364,0.016414927407750024,0.008625370798643226,1A1-107
2021-10-20,0.001396543241769277,0.007854955222595368,0.008063635222021302,0.0194497726685611,0.012074675866127033,0.006856931527885416,050706
2021-10-20,0.005873721682847891,0.011983028490522421,0.012085193596856213,0.03547663574895978,0.03011619538834952,0.016823254160887657,030172
2021-10-20,0.003959934558956925,0.008233042376964613,0.007027774867986511,0.010770737636963368,0.008148832629131342,0.0050596398377409394,040826
2021-10-20,0.00603729044125018,0.01097736020729335,0.011220480142739717,0.030838400713698588,0.022483045408071244,0.012867502726489037,1A1-110
2021-10-20,0.004606385187349212,0.009446379485826288,0.00811406419632087,0.015317282211248501,0.011122703935464415,0.006727222651537988,040850
2021-10-20,0.0060777740578910455,0.009967295696198752,0.009632286338488158,0.018295158708263124,0.014113492886648671,0.008602518640857783,040576
2021-10-20,0.005394505147885306,0.008846984895545812,0.007278969475168436,0.020420505294207657,0.013567156973921395,0.007832999191901722,1A1-089
2021-10-20,0.004622748184380451,0.009264942325186036,0.009245560642438526,0.018165338629822395,0.01413408887215354,0.008613014711364953,040576
2021-10-20,0.005428208293376426,0.008059449433003164,0.007167205101294925,0.015309454429013061,0.011378092278649917,0.00686745548856952,1A1-106
2021-10-20,0.003702699971799206,0.0074678411449520515,0.0077739435984207515,0.02109764923857867,0.01636973539199096,0.00972654224478285,040852
2021-10-20,0.02394361134365841,0.05375650062787778,0.044151987233151946,0.02170529405609042,0.012297427794056083,0.006991853285893676,020138
2021-10-20,0.004586541985946508,0.0077844147290128335,0.007136861776385175,0.014572561813612942,0.01074514710786747,0.006428719287088164,1A1-109
2021-10-20,0.003413582658984955,0.007924757014689058,0.007712799718532848,0.023064118985838673,0.01652107342334418,0.009825102801477695,1A3-001
2021-10-20,0.0066890031612223365,0.012788972602739724,0.01233435616438356,0.06063136301369864,0.03854136354056902,0.021694307165437302,060315A
2021-10-20,0.0025718128631913514,0.006886797031384585,0.006016269850416724,0.011860132113697863,0.008607728408691125,0.005244341190600394,040874
2021-10-20,0.004909666328220558,0.008663928818052549,0.0071898372581378125,0.010734271009505796,0.008109397170902604,0.005048279981741461,040826
2021-10-20,0.007222567877510534,0.011338790258148046,0.010082240577733685,0.026804474853293653,0.017118334951924385,0.009911412823373836,1A1-029
2021-10-20,0.004072307386616835,0.008229945129129454,0.006977454590197731,0.02039695069270318,0.013663297140728817,0.0078708279016714,1A1-089
2021-10-20,0.00692677017183414,0.010695965166230852,0.010091026802390737,0.035856395218528195,0.0235974817893164,0.013251554445274559,020058
2021-10-20,0.005256725500526866,0.012102052160168603,0.011939364594309795,0.06062006743940991,0.038580906743941,0.02171453371970495,060315A
2021-10-20,0.0008182897183846953,0.0076159404888416545,0.00836115103613177,0.03221977550478213,0.02291847037725822,0.013518694208289052,050707
2021-10-20,0.005636020525687154,0.008256944181609488,0.007326011296302041,0.014519060134485331,0.010645072283923801,0.006379851845101446,1A1-109
2021-10-20,0.010518842893317183,0.01799335984806782,0.013220164593196075,0.024298371408125075,0.01663794561268303,0.009586419409886603,1A2-076
2021-10-20,0.005010937499999996,0.010708915816326523,0.00946769770408163,0.03592019770408164,0.021951626275510203,0.012068985969387755,030171
2021-10-20,0.0030677344614456017,0.005526999516603145,0.005297909741704014,0.010382207796380941,0.006923940564540468,0.004183023884834194,1A1-059
2021-10-20,0.005630431326515296,0.011164667031152853,0.009908954567869471,0.03546774324092536,0.023835824596385148,0.013059635245813774,1A2-066
2021-10-20,0.004413755366075648,0.007594139451674847,0.007171996241059514,0.01368074219724225,0.009662880706494448,0.005798302241747504,1A1-103
2021-10-20,0.007349742694991941,0.01719018502185749,0.02348987211442594,0.07249632736406166,0.0571102914333921,0.031196142342204143,040887
2021-10-20,0.006981180900543304,0.011344843036426685,0.011303301116657647,0.030596481095006182,0.02224559384334718,0.012753141737334852,1A1-110
2021-10-20,0.006063516022184561,0.009621070405176388,0.00930981010244955,0.01754510940147897,0.01129394929517794,0.006588370320443679,1A1-052
2021-10-29,0.0028767984042816757,0.004644755810496056,0.0036878705585014077,0.012489620397442884,0.007906515560731448,0.004435827221368745,020059
2021-10-29,-0.005746279881731261,-0.0016521118520382517,-0.0009005155385002538,0.00786527900100654,0.005236216029189734,0.002735179604932055,050707
2021-10-29,0.0037473390044192815,0.0037142746061870013,0.0020685705879197086,0.009494827755014448,0.008099339453724872,0.004984857999315978,1A1-106
2021-10-29,0.007977909594613546,0.01060148057231028,0.008207819469771354,0.05366074063683546,0.02787915310702762,0.014921094473278152,050669
2021-10-29,0.00788550868708579,0.00876960684219953,0.006699457281031695,0.03379094214579975,0.021973296166935347,0.01281903233028837,1A1-087
2021-10-29,0.0017710050044148352,0.002215206337807779,0.0005002172212225172,0.004645170711738994,0.0037460985822221713,0.0022118173626091116,1A1-059
2021-10-29,0.004151139199097565,0.005345875380710654,0.004322859560067678,0.016440121742808796,0.014013042470389167,0.008422684884376754,040852
2021-10-29,0.004530191912588714,0.007448818173328351,0.0066127904370564036,0.03451086243929773,0.02276837271199103,0.013354188924168843,020058
2021-10-29,0.005762027561587438,0.008387646384082667,0.006497833719259871,0.03227379344353682,0.02232688525117384,0.012592961289423473,1A2-066
2021-10-29,0.005828408383020373,0.008181678606389605,0.004489366156447448,0.02424403288244192,0.013606953590816054,0.0070477104654267115,020188
2021-10-29,0.001077686890706896,0.005454025008572966,0.005900923921030716,0.01216342955469553,0.007663866163719194,0.0043240367657865104,1A2-028
2021-10-29,0.00592537794729542,0.007987639563106797,0.008436952438742484,0.029756750173370313,0.026880876964863607,0.01574642510402219,030172
2021-10-29,0.007605686874761913,0.008445378129949286,0.007429587197530126,0.025618454812453655,0.019162695926304624,0.011261940799101878,1A1-110
2021-10-29,0.002532075623940834,0.005504389885995983,0.0046703340779540815,0.012491025015405948,0.007904611577568938,0.004351376020643966,1A1-052
2021-10-29,0.004875943550750869,0.005047930093622297,0.003208302470732248,0.01692773853859547,0.01050683158330315,0.005815962387282533,1A1-017
2021-10-29,0.005718519888991669,0.007650840785281115,0.005064143411450299,0.02623465759584747,0.014022635162914994,0.007069574339603245,1A1-107
2021-10-29,-0.0005173511302665177,0.0033149972512973836,0.003177965300378216,0.017962934295012754,0.011636241094203536,0.006678622899991201,1A3-001
2021-10-29,0.004069478200610184,0.005073127536135177,0.0025659267470142582,0.0127834270047978,0.009352160529396424,0.005307734143279121,060182
2021-10-29,0.0036454827976670537,0.0037517036165229207,0.0020818762990941183,0.008193185456350435,0.007154691048272008,0.004336135350096161,1A1-109
2021-10-29,0.005124433493126142,0.0071100975975975905,0.005910186688982559,0.021115802063531423,0.01393332097005261,0.0079719904193184,1A1-029
2021-10-29,0.0022625951708500694,0.009089144456820075,0.00392955308484824,0.007762832551016351,0.005043433808027365,0.002959045606428257,1A1-102
2021-10-29,0.0040931149163148375,0.006683928396411336,0.003982522217091371,0.0103612072385781,0.00882398465772014,0.00531395713962605,040850
2021-10-29,0.004578885785909044,0.005823793539449372,0.0044236482980033395,0.018206636687483506,0.011628723282610602,0.006652256135104225,1A3-001
2021-10-29,0.005117229904485937,0.008908869285254344,0.007985471345782365,0.03419887389997854,0.025189461311440238,0.01448081050118053,070859
2021-10-29,0.0049104611847772,0.006072122250664206,0.0038243738247461453,0.008456327445437893,0.006566977459389291,0.0038675533186135927,040874
2021-10-29,0.005395501668672713,0.00851466757850967,0.006124036519312835,0.02515891153299049,0.014920220702483852,0.007873891700404848,1A1-071
2021-10-29,0.0035590500115544542,0.005449308966260975,0.0036381818864581706,0.01121322571637651,0.00755302867431829,0.004258392254660293,1A1-052
2021-10-29,0.002792558950095294,0.0044216714019861955,0.0016386563494246381,0.00437298151518521,0.0048180818444630465,0.0030846201113068307,040826
2021-10-29,0.004646409438775504,0.00754480867346938,0.006783239795918363,0.030278303571428567,0.019430561224489804,0.01106194515306122,030171
2021-10-29,0.011310417281348788,0.013549635932560589,0.011354927291886197,0.06127170442571127,0.03872074815595362,0.022662011591148577,060315A
2021-10-29,0.006067860692826935,0.010188500729421644,0.008986527767475199,0.04407212156615483,0.030350261417303348,0.01620869223351383,050215
2021-10-29,0.013746765383005437,0.026498762034323997,0.015970687526161566,0.015035591251569691,0.009401264127249892,0.005160889493511925,020138
2021-10-29,0.006627084284038317,0.00686542887956915,0.004278153238247434,0.011720316827247276,0.009391526401115898,0.005726687343537815,1A1-105
2021-10-29,-0.0008790554434701665,0.002525702762473808,0.0019233541747497435,0.007684058954760612,0.005345848354931327,0.0029651291611701683,1A2-077
2021-10-29,0.0109600440984738,0.016418729772221783,0.02234477835723597,0.06776570519211596,0.05328347841092108,0.030234247641690314,040887
2021-10-29,-0.003123145182123489,0.003573892189787303,0.004382983725135621,0.016822612158787564,0.00992141931456127,0.0052163941990298205,050706
2021-10-29,0.004225209947037988,0.0039454749899665974,0.002447125584087028,0.007799932885533281,0.006302592769504188,0.003749132155961986,1A1-103
2021-10-29,0.0031891332738418514,0.004352217894001703,0.0025311016140296427,0.0076812080197097765,0.005359628870179242,0.0030000812834639528,1A2-077
2021-10-29,0.0030921967858940826,0.005263515333571903,0.0037737409851577343,0.014367389774788162,0.009879910260998269,0.005476820103477352,060182
2021-10-29,0.006381790784891503,0.012136392311813555,0.013708017680150014,0.06295527256897937,0.03328140972408251,0.01826879654433431,020197
2021-10-29,0.00472607076346997,0.0052205066909207,0.002682200887245348,0.015016584371445867,0.010272801540374979,0.005837702656415237,1A1-089
2021-10-29,0.006519326221456063,0.009923462819089901,0.0074148078376272105,0.03938588495052779,0.02550022728882802,0.014106974106784414,1A2-078
2022-01-08,0.5422510396845462,0.5426180778044694,0.5589905305496727,0.5467253758257734,0.08822965135758765,0.09754779996523054,040874
2022-01-08,0.3917252951194101,0.3869118959368485,0.38754473974194575,0.39354093424426984,0.06739277227921142,0.08008417434685043,040576
2022-01-08,0.3727910580426862,0.36504459396147826,0.36637304008329,0.392788661734164,0.06229972092419522,0.06638822819314642,1A1-052
2022-01-08,0.4747688384458078,0.4946733384458077,0.5338373200408997,0.5562542740286299,0.09480335173824131,0.10458886400817997,1A1-106
2022-01-08,0.5161013928451034,0.540605824133378,0.5717666729872464,0.6214544073402997,0.09146828747401534,0.09296952420079778,050215
2022-01-08,0.3814954684095862,0.36895474673202616,0.3711619155000001,0.4142829449464688,0.07006667125036829,0.08085364551615755,1A1-029
2022-01-08,0.3280120203718354,0.3051791119462026,0.29468955893987353,0.3211489754746837,0.056382717563291156,0.06244893690664558,020188
2022-01-08,0.3448935157159489,0.30370708345459835,0.2887139890133877,0.2843168342549476,0.052212500363795114,0.05990348442956924,020138
2022-01-08,0.046939644250125825,0.02237094080271767,-0.003989847131353803,0.019894093168092607,-0.003494636071967796,0.002324880158530441,050707
2022-01-08,0.3417042480964467,0.34560863737309655,0.34206321383248733,0.35453223032994924,0.07946491116751271,0.08731310755076144,1A1-102
2022-01-08,0.30390202389401455,0.2710901386881823,0.2521272581236257,0.22812237142304706,0.03489889172467129,0.05358977397525135,040826
2022-01-08,0.1716495835099619,0.19131748314014752,0.1820094025289779,0.2809885384615385,0.05491423182297156,0.05933153740779769,060315A
2022-01-08,0.2917495321637425,0.2705576650447734,0.262772622098867,0.27330725545961265,0.05325785898665935,0.05787844069809943,1A1-017
2022-01-08,0.6544732088630186,0.6508830644040488,0.6740689809077385,0.649590332441607,0.0998918451798713,0.11238859761420529,1A1-103
2022-01-08,0.28864408589969615,0.27424404176576717,0.2684225445952598,0.2880420686561958,0.05505228814688759,0.06002653699868779,1A1-089
2022-01-08,0.33135628653927257,0.30935925702097394,0.30701612230919756,0.31214032577227735,0.05049541691852512,0.06230588171666714,1A1-105
2022-01-08,0.2366111142322098,0.2678325634623388,0.2841307480233043,0.40402338951310873,0.08439080940491056,0.08134665210153975,050669
2022-01-08,0.26391426829268294,0.2528976341463415,0.2808923658536585,0.5052721097560975,0.08851940243902441,0.08273756097560975,020058
2022-01-08,0.23273256311700927,0.21472392175109234,0.20225577156497818,0.21909423207638776,0.0352536567405729,0.03825686235636834,1A3-001
2022-01-08,0.3230995352099414,0.31019555140274907,0.3071432657691582,0.3265523577480702,0.06418232536245526,0.07102470852946716,1A1-109
2022-01-08,0.5473399999999999,0.5914775000000001,0.6268425,0.6395200000000001,0.10637750000000001,0.12246499999999999,1A1-059
2022-01-08,0.264399571816387,0.25878837734452126,0.2556938807996052,0.3008879047384009,0.05492538005923002,0.059225695952616,1A2-028
2022-01-08,0.3281979963788563,0.35026273617241066,0.36899606988337097,0.4993024969480704,0.09128536881397316,0.08690760846088834,1A2-078
2022-01-08,0.35565489276703116,0.34906325763947293,0.3526770598542193,0.3990833368376787,0.07241106812447437,0.0775657338099243,1A1-087
2022-01-08,0.34917645698822636,0.3338759447398405,0.32803089963919474,0.3629328332700342,0.06652703902392708,0.07223617688947967,1A1-107
2022-01-08,0.2958961312849162,0.3364169203910615,0.3584107751396648,0.5021950628491622,0.1081205237430168,0.10567164106145253,020197
2022-01-08,0.3065910593587522,0.33106098353552865,0.35014450606585784,0.4599891811091855,0.09400189233102253,0.09271185875216637,050669
2022-01-08,0.32700168403460467,0.31535117563620024,0.3111687316723781,0.3490650216279985,0.06558900286500759,0.0719512308297287,060182
2022-01-08,0.339296487699211,0.33099259399659603,0.32862378578059726,0.35370028817886434,0.06482504680488939,0.07569684821290423,040186
2022-01-08,0.3002508356468629,0.25821939894503054,0.23576458772903944,0.23048075513603558,0.03355568295391449,0.03895047751249305,050706
2022-01-08,0.3412312476007678,0.30095667946257204,0.32439581094049913,0.4481364683301344,0.05039652591170826,0.0641935556621881,020059
2022-01-08,0.5306567750325096,0.556607587776333,0.5912323959687907,0.5886753088426528,0.10093414499349805,0.10666300715214563,1A1-110
2022-01-08,0.34482681787782643,0.3518457644935236,0.365264020435504,0.39279086394191576,0.06713161813402864,0.07565796018047102,1A1-110
2022-01-08,0.32152112462182947,0.2919794241951797,0.28149324705035045,0.28759897323396677,0.05016715958205704,0.061376296210817916,040826
2022-01-08,0.7951817857142858,0.8147185714285714,0.8619557142857143,0.8286335714285716,0.12748571428571426,0.14352214285714288,1A1-105
2022-01-08,0.4168384338394796,0.43855038177874195,0.4797180488069415,0.5827708449023862,0.11034316702819959,0.1135842180043384,030172
2022-01-08,0.33651153913357845,0.3246611782249802,0.3191488523528348,0.3260114602036513,0.055242670814002505,0.06323625489546301,1A1-059
2022-01-08,0.2127731416860529,0.20495128810427998,0.2063977008928572,0.34677732064045985,0.05878456276300934,0.06229514959458075,1A1-071
2022-01-08,0.7667975436312453,0.7741550414848691,0.812203140042224,0.7775938661681903,0.11757718464109768,0.13189153457072472,1A1-103
2022-01-08,0.5626851504787961,0.5865325410396716,0.6257600119699042,0.6899837414500684,0.12381415526675785,0.13284228112175098,030171
2022-01-08,0.339097140477446,0.32882618312880474,0.3292771998294009,0.33863384535442087,0.061709432711374385,0.07041330524165601,1A1-106
2022-01-08,0.21035391937669382,0.22954176490514913,0.23668587737127378,0.31294442073170736,0.062430860433604324,0.06129385840108402,040887
2022-01-08,0.40318231889596606,0.4189811458421721,0.4379629094187527,0.4974634798472634,0.08267457795927023,0.0830367344081459,1A2-066
2022-03-22,0.32268569142512055,0.34008592975830204,0.334661266825327,0.21366988619999813,0.02407894708590943,0.020615114468272227,1A1-089
2022-03-22,0.15293948083067094,0.17170570047923323,0.17115486581469647,0.15897987779552716,0.045128261182108616,0.029289693290734827,060315A
2022-03-22,0.3979647616175356,0.4165007829724979,0.4157869042042583,0.2954952583385737,0.02035654711181838,0.019701651063256387,1A1-105
2022-03-22,0.2734410527359729,0.29355437396176826,0.28781446947908673,0.17230470167108808,0.03729469906776088,0.024728017256340957,050215
2022-03-22,0.39971794865244586,0.4204941208738572,0.40906209493549595,0.2335555177864351,0.017047303728810467,0.01491080342317026,1A1-052
2022-03-22,0.31595185447067614,0.33483247539721595,0.33564351613456733,0.2487832861409851,0.024623690487124858,0.02313747037272477,1A1-103
2022-03-22,0.31021629412945445,0.33028104015632753,0.3190914221786668,0.18546873645122441,0.032464921954329685,0.021915596087090004,1A2-078
2022-03-22,0.12734838518428102,0.1732643018782249,0.17679833280997273,0.09619030351156205,-0.0031453880587911046,0.010941597089813215,040826
2022-03-22,0.3698668531260619,0.39502309484369696,0.40384314984709485,0.32388059250764517,0.04987218803092081,0.038029849855589534,040887
2022-03-22,0.0650175,0.1200175,0.09298499999999998,0.2209975,0.084735,0.04749999999999999,1A1-087
2022-03-22,0.34966175733300997,0.37911543364479805,0.3732070352821915,0.22946386864490825,0.03160989129955703,0.025294279976640157,070859
2022-03-22,0.22826053822198322,0.24338542633418483,0.2452173765963163,0.17664404964825017,0.01871471750235246,0.01578466883989783,1A1-106
2022-03-22,0.27769264370676544,0.3025478647598165,0.30685496569995313,0.2258042203513304,0.022348231096541337,0.023230711601185443,1A1-059
2022-03-22,0.09949910671560365,0.13233866365996474,0.1322608625949858,0.0949782366972391,0.020699932088647156,0.016637199882511222,1A1-110
2022-03-22,0.2514452898356076,0.28459697700655434,0.2864042245084345,0.20139078113248085,0.01728360561942625,0.020337076125496928,040850
2022-03-22,0.34366498968820236,0.36338476204672054,0.35893412183559736,0.237651190890431,0.023838433926302388,0.01942616738344247,1A1-017
2022-03-22,0.21939172028200057,0.25554862046865157,0.258041984516956,0.20463154611181078,0.016568709577673837,0.018606133792839805,060182
2022-03-22,0.3629941218883158,0.3785348471406145,0.3785300919040142,0.28149822058757573,0.015071707916573212,0.013608424714061448,1A2-077
2022-03-22,0.3481943539670452,0.369258509951985,0.3735938959747869,0.2783869554963301,0.04075546518391605,0.035304045783361875,040852
2022-03-22,0.3783340989134144,0.39605108418129914,0.39357636934215395,0.27139475319150597,0.033247371253955424,0.029762982448656685,1A1-109
2022-03-22,0.28651347471418676,0.3101356312299116,0.30547994243053017,0.19385035121445138,0.027666075613328442,0.020651708267219977,1A2-066
2022-03-22,0.4560757680575293,0.47951704458029115,0.47580562466310566,0.3260501217106872,0.02904395519919635,0.02718086085656881,040874
2022-04-30,0.009036198847761035,0.016132250080360008,0.016706399871423968,0.04723335070345915,0.03745267920282866,0.02240798902158591,050215
2022-04-30,0.00900455190451803,0.013414842570484142,0.012496585502118341,0.031708194731731344,0.020901976515267418,0.0125482859337692,1A1-089
2022-04-30,0.004529960074462348,0.00923707147406065,0.009193538676333705,0.021569997673051487,0.013394494072404834,0.00810486442463136,1A2-028
2022-04-30,0.008111963026092923,0.015206089813683238,0.014870190765635376,0.03722075577281791,0.026256707242554835,0.016454711037499195,1A2-066
2022-04-30,0.009215172193877547,0.013128609693877547,0.013162761479591834,0.03360448979591836,0.024834642857142857,0.01609011479591837,030171
2022-04-30,0.011449462300053514,0.016861951893916864,0.01834508607361598,0.045937541475887494,0.034313356722364276,0.021650338496759222,040186
2022-04-30,0.008112654736479968,0.012923474708673145,0.013339004016942109,0.022592190749208083,0.01794587028072008,0.012412553881132915,1A1-103
2022-04-30,0.00931672844175492,0.015457478197027677,0.009999510100560643,0.026346819880751077,0.016101353119159917,0.00950563339859393,020188
2022-04-30,0.010339341737527498,0.016247578640661228,0.01785363947196289,0.045781064399119935,0.03436846137836712,0.021786033180709992,040186
2022-04-30,0.00831090548799403,0.012733482464168265,0.012243995005273919,0.024161991142892608,0.018134222385524593,0.011709245885555612,1A1-109
2022-04-30,0.007974494301035645,0.014141786854050717,0.01378031514502462,0.020309137825595926,0.017306873094411843,0.012369057569001082,040826
2022-04-30,0.006602242249964924,0.013926677654650018,0.01289915205498667,0.05073071959601627,0.02851552216299622,0.016053952517884697,050669
2022-04-30,0.00883744950130406,0.014707871422663627,0.014335691634626467,0.020730877609302496,0.01742544345218938,0.012434256350009845,040826
2022-04-30,0.00825642894384161,0.01303819289384661,0.013478588383476393,0.022736393911161328,0.018015671037166593,0.012487813979030158,1A1-103
2022-04-30,0.00675408823116846,0.013954428391078686,0.01288056669939683,0.05060873439472577,0.028423883784541994,0.015962507013606388,050669
2022-04-30,0.007769692845584832,0.012784682732316225,0.014524683888118358,0.034194758148405,0.03331642683772539,0.021634457350901526,030172
2022-04-30,0.008265640614493343,0.01306476068552905,0.01265366178727219,0.036941685115260574,0.022272236633390226,0.012778813600234477,1A1-017
2022-04-30,0.010274193818415968,0.019397778037132447,0.020875077269800407,0.049372247102382506,0.04270150853187383,0.02755983381626963,070859
2022-04-30,0.011622393517278326,0.01775493035092419,0.01953891642110903,0.06374871350120546,0.0404158806589874,0.025063521296544336,020197
2022-04-30,0.006655216233950217,0.011649415459981811,0.011532395387506143,0.02206898448334998,0.017290449281954154,0.011037855518439537,040576
2022-04-30,0.008730421763869128,0.014522188368530472,0.01340225500601816,0.03313360069482436,0.021615721741984877,0.013195967392493716,1A1-071
2022-04-30,0.009905666753252884,0.016101554360403336,0.015087603962500298,0.04027968462937162,0.027492093064443755,0.016413545941861285,1A2-078
2022-04-30,0.009217478058391543,0.013682555973490948,0.012644289360558829,0.035118833064660564,0.02480655964535196,0.015501910263299298,1A1-087
2022-04-30,0.006438619872381974,0.010792887008922334,0.010292409593793786,0.022984756060946108,0.016672749034069886,0.010402354549424671,060182
2022-04-30,0.006961207450618214,0.011601022834363706,0.011254699892566347,0.02280084747719392,0.017072737838321774,0.01072171608771864,040850
2022-04-30,0.0045597060062441104,0.00735763442192378,0.007483377521185387,0.017062283438227858,0.011202559343872338,0.006660893255364483,020059
2022-04-30,0.01109094097953127,0.016884488001443432,0.01837586602113031,0.040656950522242954,0.031291714680940684,0.019713901535654884,1A1-110
2022-04-30,0.3254529240821141,0.3519957515597599,0.3589116263908458,0.30812723541588816,0.020349326931370582,0.014908422558293331,050706
2022-04-30,0.008072063675609,0.01239170341247816,0.010698989233220258,0.03095229121698016,0.01817193545071435,0.01055959541062801,1A1-107
2022-04-30,0.007609090038314172,0.015067190679085735,0.016654086735367946,0.022202659532302806,0.01909364265424758,0.01258151621746597,1A3-048
2022-04-30,0.007301082967266545,0.012472010415190594,0.0132084012834268,0.026679132016842435,0.02430258178303206,0.015611589202210584,040707
2022-04-30,0.004874090361681442,0.009040143649897735,0.00909605928177846,0.017653484453063,0.012032323210872782,0.0076748395429804,1A1-059
2022-04-30,0.015392384385305609,0.02689340996242043,0.03621970837487536,0.08566327632487149,0.07740812811565302,0.047218599010660334,040887
2022-04-30,0.00544270621206872,0.009365224472175337,0.009360832574241936,0.017797714301281953,0.012032439547451135,0.007642712359311951,1A1-059
2022-04-30,0.015255782843776352,0.026801573165120007,0.036113030140348175,0.08561127540455553,0.07737118797453789,0.04707850276094791,040887
2022-04-30,0.009484152725559566,0.013731817617063744,0.012611470467331158,0.027065388973053883,0.019846526816808777,0.012748280255512537,1A1-105
2022-04-30,0.009872513071109252,0.01606423424750907,0.017586199504821456,0.03994736198151609,0.03101619964515548,0.01954395604538803,1A1-110
2022-04-30,0.009363962475371666,0.013730921099767146,0.012663425577646421,0.03510517418950383,0.024775463908293032,0.015485300913487366,1A1-087
2022-04-30,0.013446274861346462,0.018822525920505307,0.019515622939454642,0.029021621360345078,0.022895017697581246,0.016315015040055458,1A1-052
2022-04-30,0.008598124232122887,0.013195219970809122,0.01215195096209803,0.026794479691094043,0.019836782560298562,0.012802864655021128,1A1-105
2022-04-30,0.007456171465648104,0.012422316487929082,0.011848157533911163,0.01564931577787572,0.013120247661720775,0.00839191885803829,040704
2022-04-30,0.00789276482755877,0.014517659115318824,0.011610114165241258,0.020107415072198574,0.01365934822387525,0.009303745972393486,1A1-102
2022-04-30,0.011648913354618512,0.01917171804469889,0.014585409556313994,0.02435012578443245,0.017663574810084768,0.011392457613123417,1A2-076
2022-04-30,0.008732231891978868,0.01264410656925006,0.01251411563918747,0.024258822551116863,0.01851390253757069,0.012049454177536053,1A1-106
2022-04-30,0.008166677313401946,0.013024647924964211,0.01264405558716528,0.03698987542888669,0.022306633088501514,0.01283139924826289,1A1-017
2022-04-30,0.010976771865121176,0.018346261854583778,0.019256972602739723,0.07087101844046365,0.048346843519494226,0.029395286617492092,060315A
2022-04-30,0.010102691649783453,0.015637788187409785,0.015414410947603398,0.024926876766671942,0.019083126266241264,0.01336267854759854,040874
2022-04-30,0.00644025541651102,0.010126662775494955,0.01042813550616361,0.032544858983937254,0.02306983003361973,0.014444322002241314,020058
2022-04-30,0.008043704249333233,0.012848329913603318,0.012024319601205166,0.03148038587524027,0.02090952125996824,0.012617227524558867,1A1-089
2022-04-30,0.01408860087902888,0.02805122436165758,0.019537992884051905,0.022092435119296774,0.014428361239012137,0.00907760359983256,020138
2022-04-30,0.007826476287394626,0.012024382573649225,0.011907150312837381,0.023733465571121035,0.018346609687564963,0.011946162695565274,1A1-106
2022-04-30,0.007195999393889295,0.011299718847287641,0.011078075529658091,0.024758805410915467,0.017041087279940477,0.010606720665619735,1A1-029
2022-04-30,0.005963153641481215,0.010871057041076609,0.011247817200281472,0.029833327799278737,0.021476244942387188,0.013404778454569432,1A3-001
2022-04-30,0.012257659306260571,0.017591452904681316,0.019316936914833605,0.034346813902989284,0.03005425468133105,0.020288692611393114,040852
2022-04-30,0.01052158166491043,0.01805010221285563,0.019010086933614334,0.07036798577449949,0.04794202265542676,0.029264318229715498,060315A
2022-04-30,0.007689445807298271,0.012382194476341011,0.012244949967937728,0.022719174918353055,0.017568706287188526,0.011159777502721556,040576
2022-04-30,0.0656772238163558,0.08234770803443328,0.0815783393113343,0.12440081061692973,0.03910693687230991,0.02298590028694405,050707
2022-04-30,0.00848721338493516,0.012718362327045972,0.012148182664267537,0.02391389544037351,0.017962709541943258,0.011600320410901529,1A1-109
2022-05-09,0.00648929173085811,0.010071051918040353,0.009207856743953165,0.01770358095824986,0.012929502792327827,0.008518368067323983,1A1-052
2022-05-09,0.00863164176316772,0.010963753735524835,0.009945272693313408,0.0325951438177064,0.025080124206200972,0.016144195928277916,020058
2022-05-09,0.007692180985279053,0.009330193489297445,0.00758700737564218,0.019235331464149918,0.014021642915198307,0.008426287052593903,060182
2022-05-09,0.008616832577126992,0.010432234923388621,0.007948870725108869,0.015658702853364723,0.012406860297953409,0.008213901478848463,040874
2022-05-09,0.011588786352500357,0.017515862660325694,0.01742697175385502,0.02497046231445454,0.012246085098717401,0.007418162271220637,050706
2022-05-09,0.019975100467827283,0.029856869775289507,0.03804298220722447,0.09281952335301785,0.08652668858808188,0.05294567700743919,040887
2022-05-09,0.011252058788209103,0.011882794264362189,0.008627689024784533,0.021973239887116306,0.017171897591752663,0.010935313293857898,1A1-105
2022-05-09,0.005212956043411463,0.006996486198523216,0.005819292953070017,0.014451163957579661,0.01009021234947222,0.006275632960007927,020059
2022-05-09,0.00898386798088411,0.017058459378733577,0.019473807048984472,0.062467852449223434,0.04992592712066907,0.032685286738351256,050707
2022-05-09,0.010131688473351098,0.010175125488614501,0.007520047581745974,0.018088545673822662,0.014177885753397033,0.008892029611590234,1A1-109
2022-05-09,0.009469884336767544,0.016830495143807703,0.016314696313586622,0.04718943120841386,0.04279119607211852,0.02741101389783215,070859
2022-05-09,0.012010157292871757,0.01425006251668594,0.008401766708196133,0.0261386377591884,0.016204907003648662,0.009436581160452075,020188
2022-05-09,0.005498370306845594,0.008330197786301265,0.006027108032079312,0.01675112814761762,0.015074171606415854,0.009852155057863387,040850
2022-05-09,0.007009107860296747,0.012941980985719397,0.00849571044989856,0.016426424280997654,0.01058944946099685,0.006806661959505147,1A1-102
2022-05-09,0.008179708307678767,0.012428044682909659,0.01167981198874131,0.03123290098073707,0.022782982342334408,0.014654402981792582,1A3-001
2022-05-09,0.00736497674478363,0.010159567787028466,0.0072548792270531355,0.02855459592455544,0.01783727438585671,0.010118043606742726,1A1-107
2022-05-09,0.007136472568492552,0.010177868540836894,0.008174594605079388,0.03362442761944169,0.022069523052121575,0.013005847083570388,1A1-017
2022-05-09,0.010225431106517717,0.013222987949687742,0.011659962837540675,0.030889634752396856,0.02263150134136686,0.014575596578414984,1A3-001
2022-05-09,0.004573776518972604,0.006969179521998905,0.004910099363699847,0.013358788624194916,0.010276746236517403,0.006470740901683867,1A2-077
2022-05-09,0.007302660102763301,0.009988537000303048,0.008679813311017436,0.0222084101647519,0.016525439740198926,0.010556277481610043,1A1-029
2022-05-09,0.00438944027610134,0.006532623645120002,0.004108430098200366,0.01614167979340924,0.013153315490668244,0.00819399314295764,060182
2022-05-09,0.007295804060913701,0.010325932120699377,0.009947667681895082,0.02461158465877043,0.024336816384658764,0.015811699435984195,040852
2022-05-09,0.004344402362846272,0.007444680065181962,0.006179435516411883,0.014761903197020249,0.010696533405757738,0.006587199037790021,1A2-077
2022-05-09,0.0072930970565707465,0.01090462731152204,0.00861838040266987,0.029703278258015102,0.01955055539446326,0.011446579220921313,1A1-071
2022-05-09,0.008090627789453792,0.012905535102840817,0.00923052736911705,0.036234848749616216,0.02557949459229698,0.015100325642902677,1A2-078
2022-05-09,0.006520722969061559,0.012113737484187734,0.009810300433095345,0.03338733088913185,0.02542040323963894,0.015905936836688745,1A2-066
2022-05-09,0.009025481171030829,0.015187533318497641,0.014221936738125267,0.04705338865811138,0.03840889560616175,0.023532853460425766,050215
2022-05-09,0.009458164875173373,0.012075222780859913,0.012475727288488213,0.03344487777392511,0.03422116475959316,0.021981535194174753,030172
2022-05-09,0.005986047238484053,0.009182918425512238,0.007556704379140343,0.01606019815898936,0.012448632606686187,0.008380914670312743,1A1-052
2022-05-09,0.0031620273328788026,0.004699202674609651,0.002723785444445685,0.009629397793698508,0.007690331364352686,0.005053303249097469,1A1-059
2022-05-09,0.011057167044441011,0.010809592540186009,0.008693964367384437,0.019381431004767986,0.015566414440815716,0.00994563013432224,1A1-106
2022-05-09,0.012305232944407704,0.015347011357029712,0.01488539793709029,0.038558336380585805,0.031223523987089354,0.019480711282853207,1A1-110
2022-05-09,0.012097354818347594,0.01710690279141534,0.014505304039837281,0.05479140763080377,0.033615690138869406,0.020133978117548038,050669
2022-05-09,0.01132953519613111,0.013025255239118749,0.010202892262224606,0.03454075183593049,0.026130421368439904,0.01629790300913487,1A1-087
2022-05-09,0.00942522234128047,0.015379071792124294,0.015487414278060545,0.06505903361907313,0.04148314291454595,0.02547174859362443,020197
2022-05-09,0.008892738593553783,0.017651198200083713,0.01042144411887818,0.01780196107157806,0.01238480640435328,0.007458798660527417,020138
2022-05-09,0.007927328908048792,0.011806535786018712,0.011099715867339441,0.022976677974819965,0.015697918483319452,0.010107250526625188,1A2-028
2022-05-09,0.015876924130663855,0.021575480505795577,0.019948848261327708,0.08001475974710225,0.0582444209694415,0.03552446575342465,060315A
2022-05-09,0.009646536989795914,0.011902614795918361,0.010688156887755101,0.03459741709183673,0.026041913265306117,0.016823909438775507,030171
2022-05-09,0.006044096987114252,0.007185287960282061,0.00549709397351183,0.013283839116272718,0.01159396663895542,0.007621941976507479,1A1-103
2022-05-09,0.0063035424871790485,0.008541379455638215,0.005825289615263817,0.010352693777468242,0.009961027359515618,0.006775356446179264,040826
2022-05-09,0.006173292717804102,0.00851867382094138,0.0056015164812142065,0.0261043400863302,0.018500981955797368,0.011100835716613579,1A1-089
2022-05-25,0.016387241034083833,0.021142775874343687,0.013143202812138472,0.049391685280768885,0.026528050191332208,0.015420164634688977,020188
2022-05-25,0.015555903552635203,0.02017699530952971,0.014794490625947034,0.04707388372317269,0.025274089284238372,0.014876734165358013,1A1-029
2022-05-25,0.018407198618668897,0.0270529227710339,0.01581336228547509,0.04071419840937631,0.022040162201758053,0.012849110506488076,020138
2022-05-25,0.007769613840119536,0.01316440605155024,0.009007468248038848,0.045357532218901764,0.026787846469929016,0.015229951905117669,020058
2022-05-25,0.009735148812757052,0.016423411926747886,0.010858711705594794,0.03931470662295335,0.02092716355629704,0.013623817393497313,1A2-077
2022-05-25,0.01635383002946692,0.02609385413876239,0.020349256630056257,0.09724778730243774,0.048426491427806063,0.027072207339941066,020197
2022-05-25,0.01594418529653613,0.020838047589680324,0.01436269786206187,0.052650626477541373,0.027649230008222836,0.015627090142871822,1A1-107
2022-05-25,0.015048389349869802,0.02262375088272939,0.015839611819746652,0.06089326284371282,0.03411951554707158,0.02020331696605906,060182
2022-05-25,0.01114001138980062,0.017311452995640034,0.01335737250771567,0.04133214189487094,0.02236742627247342,0.013419420957233134,1A2-028
2022-05-25,0.012350985583761893,0.018405125478717595,0.012617955848561107,0.05091936907757963,0.027027346208556735,0.015343727322464156,1A1-071
2022-05-25,0.008589151785714282,0.01354836096938775,0.008647614795918362,0.04933179846938775,0.02491183673469387,0.013571173469387752,030171
2022-05-25,0.010063914990753582,0.015207470238095239,0.011277335009246416,0.04926380143319465,0.033760590614886746,0.01900607778548312,030172
2022-05-25,0.020042013422818784,0.040468624161073836,0.03042496644295303,0.14342345637583895,0.07653647651006713,0.04674145973154364,1A3-001
2022-05-25,0.005323696045393722,0.009437864487833883,0.006203397591555574,0.02423267096982011,0.013244793101739429,0.007856702388621824,020059
2022-06-26,0.014649515306122449,0.020906696428571424,0.014082289540816322,0.0820485586734694,0.039196721938775506,0.020849107142857145,030171
2022-06-26,0.016288583897998234,0.021615628200486212,0.014341741883480726,0.07040249918102028,0.031191819126191813,0.016527875480611732,1A1-017
2022-06-26,0.018685288555664314,0.02114281747797455,0.011157686660140605,0.04286990500133487,0.017972471522648397,0.008693518287799231,020188
2022-06-26,0.018355468766585285,0.021322835818915177,0.014852435516399526,0.05323367702473196,0.023299125756289122,0.012427420655981312,1A3-001
2022-06-26,0.01805649985392792,0.02157217317551268,0.013284234464528052,0.04718123796083384,0.021692391082064243,0.012884219503920375,040850
2022-06-26,0.018513752200042942,0.02715636324855121,0.01734032354045934,0.0982564604797168,0.04495587371217002,0.023260821206267428,070859
2022-06-26,0.011952353997789232,0.021709777542372875,0.014740724299926304,0.07457197172070744,0.037708168017686054,0.018934996131171698,1A1-071
2022-06-26,0.013525902129249156,0.01732571488606649,0.012199430332461706,0.05418435422114309,0.026406031004856174,0.01407756630556593,020058
2022-06-26,0.01775304708812954,0.02963999647441695,0.020534943640892728,0.12218811628397518,0.055717393780509744,0.029924135960947396,1A1-110
2022-06-26,0.009042242801922788,0.011795412681500564,0.008109394667723866,0.023671336537985033,0.009618521730511911,0.005262365825858564,020059
2022-06-26,0.016868748432742248,0.022706575317929426,0.01392481013791868,0.07623583019881783,0.0366756788464983,0.02011998925308973,1A1-087
2022-06-26,0.016454653237765685,0.022062301532377655,0.014712882352941171,0.05239458947108253,0.024292373455264447,0.013864123331685609,040874
2022-06-26,0.013000391776051431,0.01783869742834181,0.011199226493436914,0.0707889197696223,0.025922842887757837,0.012223061880525042,020197
2022-06-26,0.015519905780083427,0.022538171632374062,0.013446944424971083,0.07630704900276915,0.034342855042237753,0.019404601528269498,1A1-089
2022-06-26,0.016557308171206226,0.02551711634241245,0.01995411245136186,0.09754096459143968,0.05120082801556419,0.029453228793774315,050707
2022-06-26,0.014996324278645957,0.020025589697741642,0.0156834564983099,0.044046213932298024,0.022114330083770145,0.013078613873511979,1A2-028
2022-06-26,0.01903982099999999,0.032635612,0.022930443999999998,0.15709932500000004,0.073247821,0.03710058899999999,060315A
2022-06-26,0.012516745910885503,0.015255973604060898,0.010797603186689233,0.04598811545403271,0.022295735984207542,0.012450346362098132,040852
2022-06-26,0.013321958895572528,0.019028866850918546,0.013556866092234313,0.05411498320056359,0.0239531387850214,0.012844372730721285,1A3-001
2022-06-26,0.010174352994809928,0.017152417239444516,0.00783133679337915,0.0804477426707813,0.031310658577640614,0.014915551269462753,050669
2022-06-26,0.01359522995267936,0.026551828047064824,0.016928914375239783,0.107282910858166,0.05625110282644836,0.028794208082875042,050215
2022-06-26,0.018356767504808576,0.01940699424520694,0.012332937038530731,0.0457218996440094,0.019523779452596625,0.010744319352236763,1A1-109
2022-06-26,0.009639958950880734,0.014463022988282778,0.010103820381004111,0.030709611139132446,0.015940221114301233,0.010162990300302618,1A2-077
2022-06-26,0.013645127228106442,0.01911107960905881,0.0159812119320302,0.03624427502224519,0.019278055340279574,0.011836316484399666,050706
2022-06-26,0.013527684762333575,0.018553579951115954,0.010545521108037987,0.05829088596942607,0.0255222406788019,0.01281325432559336,1A2-066
2022-06-26,0.007090340470057947,0.015986078557630387,0.009764704603992267,0.0487801875402447,0.02519553766902769,0.017275603670315512,1A1-059
2022-06-26,0.011486641084374324,0.01769689789123196,0.008044049814626773,0.06397034270432381,0.025957800611613555,0.011799420383970527,1A2-078
2022-06-26,0.011709834251571351,0.015140108112826891,0.00979812289516568,0.030167343446884456,0.015670849150306507,0.010035090013191585,1A2-077
2022-06-26,0.01511758350670365,0.022576265603328708,0.015692931692094316,0.0854085243296348,0.043303042938049006,0.023030397018030512,030172
2022-06-26,0.016338984201242423,0.030009460081294563,0.026833335570212422,0.14353628920929512,0.0780775197484469,0.038404826865557164,040887
2022-06-26,0.014095908946258796,0.021491472711722817,0.011608932733998965,0.028407914694299697,0.01114066370977365,0.005762691336170884,1A1-102
2022-06-26,0.026207600983491387,0.03896954894040509,0.028865786207704008,0.10658677818756583,0.05691823966748623,0.03612041886195995,1A1-107
2022-06-26,0.016581727630281835,0.018378801058215245,0.011711220350860705,0.04887783558768496,0.022413036433988943,0.01250117642620993,1A1-106
2022-06-26,0.0244314852937101,0.026227529237065048,0.017427759138314874,0.06286098512281417,0.028585235397633302,0.016114510868059092,1A1-105
2022-06-26,0.011862189172782957,0.015756558688814024,0.009983525270601586,0.038162421322538116,0.019596445540690607,0.012269594550915643,1A1-103
2022-07-03,0.019290274138500492,0.029113018000660573,0.019673754266211593,0.04406903666189584,0.019677466145546624,0.01174679979081801,1A2-076
2022-07-03,0.00820070652173913,0.024949234782608694,0.017653102173913037,0.14891335217391305,0.06854206739130435,0.0316611,1A3-048
2022-07-03,0.02229303837093974,0.02810332992396066,0.02250359137807532,0.06737889742953956,0.03490695508581973,0.02108664662368791,1A1-029
2022-07-03,0.012683161889194881,0.01911520164467781,0.016191556923953146,0.04600747204905943,0.023570605012054192,0.015382201141443846,1A1-109
2022-07-03,0.009618150158061115,0.020709302950474177,0.014220873551106425,0.12456726343519495,0.05353586459430981,0.025184326659641723,060315A
2022-07-03,0.01177616097311601,0.022614362773400697,0.017781969888334203,0.08975255778753428,0.04253015761512405,0.021966142880054534,1A1-110
2022-07-03,0.008282947887107902,0.0235809623053915,0.023805530523813172,0.1299366439144106,0.06907447024311678,0.03438390463225705,040887
2022-07-03,0.010298624686570937,0.017056396363890315,0.01307598494875394,0.052432763962142415,0.024011131420723232,0.014065746992078632,1A1-089
2022-07-03,0.02945513865294296,0.03462441407681289,0.03265697553379302,0.054245218430432035,0.03390317044735354,0.02527027822191135,050706
2022-07-03,0.012845167501131606,0.019050674992840844,0.015536098630061052,0.04699713305866817,0.023042863200096093,0.014149403642393288,1A1-105
2022-07-03,0.00828877312104893,0.010651590376960899,0.006347985249356119,0.02705093947553266,0.009769259541091072,0.005040450714118467,020059
2022-07-03,0.009726609326413982,0.01759131061433733,0.014507616291284983,0.06171015179847043,0.032296657124548295,0.01832072852760736,040707
2022-07-03,0.01360062044173296,0.02175217661622829,0.020249731965429587,0.04433061107477497,0.02745218270742089,0.020119727706382377,1A1-103
2022-07-03,0.009333053915177537,0.023900929519134896,0.024214156185290256,0.13026476474422885,0.06920341590612776,0.034336187207607935,040887
2022-07-03,0.010876057159047462,0.016786580583292524,0.014071819251738518,0.04278197084207912,0.02155529568666633,0.013584454462543315,1A1-106
2022-07-03,0.008535822584781562,0.014982683743664005,0.011355896391503735,0.03824027648292302,0.017112931035783246,0.009608264090031375,040576
2022-07-03,0.020546700995925753,0.02770923721140788,0.019527209144409228,0.05379473630602083,0.028649154594839295,0.019509668401991854,020188
2022-07-03,0.0083135014162311,0.014403069191887581,0.010985476158805666,0.036861036587274264,0.01644380355857407,0.009231681324528175,040576
2022-07-03,0.015341087187568712,0.023053334493879633,0.021625370336436266,0.05586033258814044,0.03384105457010921,0.02301669739060324,040852
2022-07-03,0.011734593847866452,0.017078847313219656,0.01448981375612766,0.04311457443384139,0.02159808178367608,0.013563115816897918,1A1-106
2022-07-03,0.009822782310435207,0.01876498913736511,0.013794162986752304,0.0651043132925591,0.030871299324627476,0.01668632890169317,1A2-078
2022-07-03,0.01025191772506537,0.016270308647740008,0.011386783246171085,0.05322295339932762,0.025463439484497568,0.014722511673515133,020058
2022-07-03,0.03126019897508696,0.0383296505711348,0.037861203895675676,0.05493241372902957,0.040678258793352025,0.032817091292150526,1A1-059
2022-07-03,0.0075177301332781474,0.01492761862273486,0.01144240624838359,0.057315828634976425,0.024389947154261262,0.012771140019655496,1A1-017
2022-07-03,0.009260053213909375,0.020224914646996835,0.013938953635405687,0.12476797576396208,0.053500146469968396,0.025105002634351947,060315A
2022-07-03,0.006291188429159947,0.014069087855991397,0.009254036360379721,0.04999376679204729,0.021466459788644095,0.010637518359305032,1A1-087
2022-07-03,0.02008344206974129,0.02422204668166478,0.020120551743532056,0.05172153037120356,0.027585228346456686,0.018371926884139477,060182
2022-07-03,0.016929304102134782,0.02415297195479281,0.014483274382586854,0.03186162201758057,0.016049161783172873,0.010839417120133938,020138
2022-07-03,0.02458791384466531,0.03209674905444628,0.030382541670331584,0.06935222468994637,0.039267729021901655,0.027712093082065264,1A3-001
2022-07-03,0.014933829840142094,0.026351271047957356,0.02428227850799289,0.05869641349911189,0.034145157904085253,0.023878271758436934,040874
2022-07-03,0.0077155063291139215,0.018819339963833632,0.00938040009041591,0.08502807640144666,0.03648169981916817,0.01792285488245932,1A1-107
2022-07-03,0.015874799410057296,0.023964215239558207,0.020703751413600723,0.04544084238823134,0.02651137811934561,0.01852103609865047,040850
2022-07-03,0.017428472505091643,0.03086063475899523,0.02797426680244399,0.09323557705363199,0.05167483706720976,0.0335165970807875,1A2-066
2022-07-03,0.028951257421984775,0.037334044925498994,0.0368988503514197,0.05346316092212531,0.040386890975541184,0.03284626959516449,1A1-059
2022-07-03,0.007503299785930899,0.01406477329488018,0.0100910388297556,0.0691927512338705,0.027440734375929116,0.012200421448534216,040186
2022-07-03,0.016128223578100266,0.02807060511867345,0.025710514829349974,0.04572722222068788,0.031955782707699325,0.02581535744961147,040826
2022-07-03,0.011725075329052589,0.018754749338773972,0.01568893864446715,0.04562101477713366,0.023495890431532877,0.015400774063555708,1A1-109
2022-07-03,0.010259874620263286,0.016565677530245695,0.013048229227735433,0.02534835500719501,0.011794969088098916,0.00772742991525875,040704
2022-07-03,0.005484147411785775,0.013326632186996238,0.008685811391724875,0.049536014687444035,0.02132608319899695,0.010588296166935338,1A1-087
2022-07-03,0.03711458581112304,0.047549649341395835,0.046534466145432093,0.06801655505700194,0.05144431237482665,0.040426219399938366,1A1-052
2022-07-03,0.007441909228756611,0.014257588898138787,0.010134422013438777,0.06888734702979127,0.027318463459594457,0.012184987958613305,040186
2022-07-03,0.02015723318872018,0.04365632321041214,0.03413305531453362,0.25411383514099783,0.12458903796095445,0.06150585140997831,050215
2022-07-03,0.018175792649908033,0.02875593820409697,0.026483301677315454,0.04630326673777936,0.03208121406044206,0.02583875925870495,040826
2022-07-03,0.008180489199046147,0.017852704797306766,0.013407834549025109,0.08107018235376628,0.03255877822976574,0.01749083426848085,050669
2022-07-03,0.00658260526315789,0.013256429566563466,0.00903042879256966,0.0548448753869969,0.024896132352941174,0.014589285603715176,030171
2022-07-03,0.01268523167949158,0.01923025378049569,0.015562069850258205,0.04696728069891828,0.023062551384257245,0.014190567651704804,1A1-105
2022-07-03,0.01394099775320997,0.0217184295383941,0.02040386478298604,0.04450224468110989,0.027470016688701904,0.02007455889509833,1A1-103
2022-07-03,0.010348063889646384,0.016822339361369565,0.013007410809894062,0.05237589944996106,0.023968359394225595,0.014023530990402586,1A1-089
2022-07-03,0.03442545172104543,0.0436567657798087,0.03301418474547318,0.05047799186453706,0.031794197557225824,0.02516819493081653,1A1-102
2022-07-03,0.019239466080402015,0.025848916806253484,0.021592121021775535,0.07073792608877721,0.03884032907593523,0.02333748045784478,030172
2022-07-03,0.01975581221828717,0.031612790191028126,0.026901786086069964,0.09822860544108186,0.05053753997638979,0.030414274790727655,070859
2022-07-03,0.00719140571389161,0.014522118915843362,0.011219769996034398,0.05734604264728695,0.024397525431472947,0.012749990732598823,1A1-017
2022-07-03,0.010394784056053393,0.021531322898498403,0.016971398277901402,0.08919476697540163,0.042359734247509176,0.021876125849521904,1A1-110
2022-07-03,0.006383357062701638,0.016425968228363026,0.012207493687754242,0.08036593316033104,0.03243321328377052,0.017430071188104915,050669
2022-07-03,0.010992815270935954,0.01607811404405613,0.009921566688353927,0.039645784784831294,0.0182532390556743,0.011307959289896821,1A1-071
2022-07-19,0.0111855,0.02386545614035088,0.014096842105263158,0.11074871052631584,0.046248903508771935,0.022891842105263165,1A1-109
2022-07-19,0.014218965459434801,0.021659084984376742,0.017550345906841073,0.047064494300270994,0.026309233163505145,0.01731778483090919,060182
2022-07-19,0.01620734954325631,0.0235961212609708,0.0147503224073079,0.061266486208131826,0.024992823750671682,0.01234707460146874,1A1-087
2022-07-19,0.01705554408390692,0.034985985742379544,0.018151154539495243,0.23056216404457558,0.10084116683054738,0.045979288757784335,040826
2022-07-19,0.025948173053253448,0.033481972593747446,0.024405037642569953,0.04605218265364734,0.02466958326495446,0.0175524052268811,1A1-102
2022-07-19,0.019641548848802544,0.023681203875012845,0.01632771687737691,0.053513306480624946,0.023018313675609005,0.012382251259122207,1A1-107
2022-07-19,0.004692548076923073,0.017455510642270345,0.00913176997759522,0.06171421910007468,0.031572966299477236,0.018576222927557874,030172
2022-07-19,0.014552667165668661,0.028690411676646706,0.01665106536926148,0.09508463323353292,0.04101216816367266,0.020124930139720557,020138
2022-07-19,0.019107077699665555,0.026973145699234036,0.02109993127224998,0.06751676386241855,0.03658164016145849,0.02131545506850299,1A1-029
2022-07-19,0.008701087738597842,0.014698990307427003,0.010115521793423312,0.06584588823809241,0.02607126969733008,0.01158786495807813,040186
2022-07-19,0.017785073237642685,0.022942669744770498,0.017876870131778768,0.050658765615049235,0.0232429239945133,0.013597267672561593,1A2-028
2022-07-19,0.015076070043529868,0.020519703640680665,0.013477838603086658,0.055830424713098535,0.02397300498614961,0.013183988860308679,1A1-089
2022-07-19,0.005929523350834109,0.02057247459564739,0.01110461512405792,0.047408577462105174,0.030754577229231934,0.02365029723092557,1A1-059
2022-07-19,0.025164605601997504,0.035762503717966784,0.03179366681538534,0.0625424993542478,0.040109806039543505,0.02837346393180855,1A1-052
2022-07-19,0.013145635608735448,0.03060412694520723,0.020456990698966913,0.1411841795148425,0.06443052657905053,0.02991284250359617,1A1-110
2022-07-19,0.01573187157835682,0.021716567523649206,0.015621338527460192,0.05904762627435047,0.024871910171589948,0.013560480239103933,1A1-017
2022-07-19,0.017503546160483174,0.022767465487489213,0.017048368852459018,0.04900741587575495,0.022568933994823112,0.012852888265746322,040576
2022-07-19,0.0129753843252999,0.020631572636195618,0.01646700437273299,0.04279963769095263,0.024322073734828396,0.016507171587262746,1A1-103
2022-08-20,0.00582802997540171,0.011417096507860363,0.006500378333011469,0.02066118837988678,0.008001493264239606,0.0041703710325239896,040826
2022-08-20,0.006821685208106531,0.014105110875822065,0.009865327072490574,0.04426627853915328,0.01972480315254187,0.009358051993080513,040576
2022-08-20,0.00983346226644264,0.012873658272434672,0.008876191269054031,0.036875613069090464,0.014373842587906643,0.006097182635276021,040707
2022-08-20,0.008844697290624494,0.01277624718527378,0.009364096223859439,0.030529606660383696,0.01260948477611188,0.006046535455516227,1A1-103
2022-08-20,0.009882800561488493,0.019246191786854557,0.012321366013431688,0.03354260404051525,0.013953009468237361,0.00676464026202796,1A2-076
2022-08-20,0.008272534690920796,0.01732109036273879,0.011656422381412311,0.07434602208091874,0.033034430698647796,0.014803991575445373,070859
2022-08-20,0.006692152584062122,0.013220651340093483,0.00836160669858264,0.029314867215772006,0.012265439182184869,0.006367347967242158,040850
2022-08-20,0.009242837029486509,0.012320694478906102,0.008261873436651256,0.03176514007269358,0.01237387963639776,0.005548460558346018,1A1-106
2022-08-20,0.008816352924673863,0.01553931021181091,0.010337320100995931,0.06953526125683825,0.025818138238182072,0.011425608781035204,050669
2022-08-20,0.00821029822158246,0.015334431417161959,0.007472245774517085,0.023656825780089163,0.00888277256686478,0.004414726156203561,1A1-102
2022-08-20,0.008326731404412728,0.01608942660853481,0.011967751023913325,0.04608632778438366,0.020400817314044126,0.009388030122869599,1A3-048
2022-08-20,0.006569241327858217,0.01047867206596832,0.006583450614737923,0.02946848934292493,0.01101878559687505,0.004904263087822304,060182
2022-08-20,0.00810299771205097,0.012417381778215273,0.007545016926832197,0.040235189836584584,0.015217200870617818,0.006608806841233635,1A1-089
2022-08-20,0.010070716169528787,0.014989230367749629,0.009929290319898754,0.034074724464910916,0.013146981099830948,0.005594491076459771,1A1-105
2022-08-20,0.009229672580561721,0.01567848635321297,0.011740484835945437,0.054654367833928116,0.022615687684270403,0.010063620665873543,1A1-017
2022-08-20,-0.007410312839452534,0.0083708695416033,0.004730271018900713,0.05457646154681729,0.02898098142515751,0.016843796980230273,1A1-059
2022-08-20,0.003400055175707602,0.010721200542959117,0.010174674852948564,0.035468606907646645,0.01805346010758634,0.009770382962143678,050706
2022-08-20,0.005249495153713498,0.011145027799250752,0.0077361659332817944,0.053986418802402326,0.021501753136706894,0.008905018136409584,040186
2022-08-20,0.010135922890918858,0.020565353304674905,0.0133872326706072,0.04844784614006805,0.02175007970625111,0.010366212609708039,1A1-087
2022-08-20,0.010111281830757204,0.019762202101000412,0.014688513682564524,0.08427928683266186,0.03932503435175723,0.01738164782181593,1A1-110
2022-08-20,0.010998970300181184,0.015606676705352329,0.010587402184026245,0.019859891533225604,0.00658085377797365,0.0031804042407325753,040704
2022-08-20,-0.01128577982097685,0.002895727768048256,0.001442086008951154,0.019138718622300054,0.01283940455341506,0.010099646818447168,1A1-059
2022-08-20,0.006237831632653055,0.009976211734693872,0.006330650510204079,0.04258044642857143,0.01659892219387755,0.007400950255102038,030171
2022-08-20,0.008513776595744678,0.015838567549058966,0.009571176175407932,0.05894054419439391,0.023181850072023988,0.009562582060122313,1A2-078
2022-08-20,0.007949810861510415,0.012285939237031793,0.009002569628190977,0.030333090037195143,0.01261431756596954,0.006046455577135316,1A1-103
2022-08-20,0.00823591116512818,0.015043715234800244,0.01069948293988695,0.04489260039965999,0.019882304494683624,0.009405155539317308,040576
2022-08-20,0.009075752762773176,0.021790342806878447,0.021139447693146345,0.02325247906239159,0.007235269711085776,0.0033888457059319055,020059
2022-08-20,0.008640776185373691,0.01691750267881061,0.013359976560407175,0.09120214840610771,0.035824434101259045,0.01572202986873828,020197
2022-08-20,0.009436583159963015,0.015585499884419794,0.01155499855524734,0.058419327612112826,0.029604362286176602,0.013640183194637081,030172
2022-08-20,0.010150085809962317,0.01860502930096274,0.0093056728756802,0.025151946421096687,0.010424852448723307,0.004729157597321052,020138
2022-08-20,0.009879062879653578,0.019534820252200283,0.014393869880315161,0.08390154507728381,0.03914900237565408,0.01735224645656665,1A1-110
2022-08-20,0.006993737064625312,0.012879432996882179,0.008837780059202466,0.025655528515449676,0.011446490130900527,0.006709724975433409,040874
2022-08-20,0.006844615068352344,0.011198092044403325,0.006739113603659164,0.03523742663685888,0.014158721862473021,0.006209442517216565,1A1-107
2022-08-20,0.006088183217521319,0.011677776519482798,0.008001553346820294,0.039856959275222086,0.0157615241006245,0.007235566232738142,1A3-001
2022-08-20,0.009796569228144194,0.013532650772476264,0.008923314338121224,0.03127788765356455,0.011480893039957812,0.004819883546875968,1A1-109
2022-08-20,0.006479815385935875,0.011812714142755998,0.006799451488090016,0.020905493546115504,0.008056563538137133,0.004190525693619466,040826
2022-08-20,0.005887734830698424,0.011011258654632757,0.006299082542416852,0.03937894252193176,0.015040491243939276,0.0065761551981004755,1A1-089
2022-08-20,0.011345219704952574,0.019268256585879873,0.01255851159114857,0.11340030453108535,0.04561618914646997,0.019066587987355103,060315A
2022-08-20,0.0059524308927904335,0.009872649887934255,0.0070911486738886795,0.04420146385879717,0.01977020498692566,0.009283269518117292,020058
2022-08-20,0.011844011284255771,0.02136956206340676,0.013978337363424678,0.0482931949668637,0.02166704773419308,0.010339461311123049,1A1-087
2022-08-20,0.00832005295272829,0.015263789451535972,0.010143628138588861,0.06988160927198764,0.026045795342965347,0.011495803408612702,050669
2022-08-20,0.007187703068323715,0.01238166111672712,0.00880482963667717,0.054971289023012425,0.021790167092822735,0.008998991050722476,040186
2022-08-20,0.00796684526489569,0.013747789123303539,0.008894330095838423,0.05196243026521734,0.02023242662035548,0.008828741879462275,1A2-066
2022-08-20,0.00675422336696965,0.013146347346325683,0.009568683350023102,0.0319644704590972,0.013386791865660145,0.006253162012786936,1A1-052
2022-08-20,0.01018527631925917,0.01374620596652602,0.009059426285133707,0.03127106576130795,0.011423459681547432,0.004801502722280821,1A1-109
2022-08-20,0.011482725500526871,0.019279152265542672,0.012622651211801892,0.11284749367755535,0.04549124815595362,0.01899024288724973,060315A
2022-08-20,0.008695296277495766,0.013803079892836993,0.011252312972363211,0.043604556909193445,0.02098930016920473,0.010769683474337282,040852
2022-08-20,0.009434834421577535,0.019631794190979966,0.014015777405846206,0.07163664968867944,0.03340915705843459,0.014741295699369078,1A1-029
2022-08-20,0.007031426386913223,0.011832905323339528,0.007492641317430785,0.04020265007112375,0.015352705821205813,0.006584650536163686,1A1-071
2022-08-20,0.009838983991103284,0.01595492728322901,0.011876347135295425,0.05485362346764596,0.022620240435179902,0.010081489810169132,1A1-017
2022-08-20,0.01024503898275336,0.015052856110223289,0.009908033218478933,0.034098745207985025,0.013107427669441035,0.005584281936759255,1A1-105
2022-08-20,0.007012320459197291,0.011684354365044055,0.005109184390851651,0.03084264772626147,0.012370662543383463,0.005484561715760431,020188
2022-08-20,0.00917080118898329,0.012238762297225701,0.008126996023310242,0.03157876103984063,0.012281865037319161,0.0055177961560900915,1A1-106
2022-09-21,0.006045554742930014,0.010172289501125127,0.00794506189172529,0.0252786690878209,0.011413081030429872,0.005951003809107451,1A1-103
2022-09-21,0.0051027154563103175,0.011248276349517488,0.007340524328068458,0.02435487866593789,0.0102082804725196,0.0049748670979719535,040850
2022-09-21,0.012302567342570011,0.02151177721948029,0.019629828447404404,0.07755287714812394,0.037323145626449415,0.021891958137598852,040186
2022-09-21,0.0038518592011320485,0.00982998751098818,0.006533940256426748,0.04560285376599985,0.019813324757187868,0.008829826761861876,1A2-066
2022-09-21,0.008791888764202548,0.017319399985972782,0.014005941225978391,0.07892727696731658,0.03330880418010939,0.01754369722261186,050669
2022-09-21,0.011146037656261976,0.02338535777283533,0.026397087583403638,0.11572962382084505,0.06689733242579951,0.03330004524886877,040887
2022-09-21,0.0036677687161071957,0.009226071558553421,0.005978102670176766,0.018911861541447805,0.007951231089786358,0.0040276197394121,040874
2022-09-21,0.0073212491339731955,0.013316406889416463,0.00985891843644056,0.030219652919549596,0.012562011976573398,0.005701823967926986,1A1-105
2022-09-21,0.007376486325802608,0.01421620210727969,0.013116418285110313,0.04509406972519486,0.021984810410886502,0.012436184766811995,1A3-048
2022-09-21,0.0074165397679270256,0.012974600855187143,0.010706401575889226,0.04524301854342312,0.019568746099070663,0.009687982206589766,1A1-017
2022-09-21,0.00890576366752872,0.016527132004169918,0.014066437340871292,0.0639487664541608,0.03066900796896616,0.01544393765161084,1A1-110
2022-09-21,0.008905703027046387,0.01797633888590363,0.011914014866559191,0.04629947205803332,0.020588316765180005,0.009971789808346761,1A1-087
2022-09-21,0.0033569056965595014,0.008177421489001694,0.007173493429216007,0.03429237134799772,0.016258826170332762,0.007908721827411166,040852
2022-09-21,0.007919893368286805,0.014453141612178384,0.012089257778497545,0.04836094333893399,0.02341917427478289,0.013086583837729503,040707
2022-09-21,0.005096590148100451,0.013796452135651446,0.009543692530585962,0.0632729903681047,0.02901139348572655,0.013082665700794182,070859
2022-09-21,0.009046967215121686,0.016808876891435287,0.01293082745702952,0.034330096346897786,0.016717418955976684,0.010059239508349247,040704
2022-09-21,0.014235599746779692,0.03219085324232083,0.0274319332819553,0.08579764807882861,0.04558928437740834,0.029584895959484752,1A2-076
2022-09-21,0.007627468783320691,0.011724433791133256,0.008992568384981114,0.03311531245180022,0.014800033614093431,0.007662792283344158,1A1-106
2022-09-21,0.004622343052682688,0.00977320903141274,0.006202706613768929,0.035490677588741186,0.014425119186181851,0.006732746054285583,1A1-089
2022-09-21,0.008848318229715492,0.01712697154899894,0.01360148893572181,0.1052733561643836,0.04319739462592201,0.020059422023182297,060315A
2022-09-21,0.007474966145994911,0.011744918932648736,0.008407946558757824,0.02834040260284171,0.011438874790593774,0.005255707870571438,1A1-109
2022-09-21,0.009512376709366659,0.013543800348956858,0.011219470674202545,0.04031545450139437,0.0176995491522138,0.009437181390458859,040576
2022-09-21,0.0032170101260736196,0.00854686119515369,0.0051517800217307655,0.017107630769921018,0.006557522652481193,0.0030214496710147753,040826
2022-09-21,0.007024073015798049,0.013853323671098303,0.008999563605450206,0.05788419014333952,0.025531417160601696,0.01126234597492148,1A2-078
2022-09-21,0.007721362955594552,0.011991927831364355,0.010450710062478354,0.03090356297012441,0.014341628111343332,0.008987533083345427,1A1-059
2022-09-30,0.0019704986925663027,0.005592902035861035,0.004283940044826294,0.033327340306313034,0.01725442753081808,0.008806328912962269,020058
2022-09-30,0.003670542091836729,0.007818105867346934,0.006009221938775508,0.03944568239795918,0.01811281887755102,0.00878316326530612,030171
2022-09-30,0.014095044940820502,0.01935145812939396,0.014735716383376344,0.049417391430097005,0.024892046142208777,0.015131095265640292,020188
2022-09-30,0.015163524814203118,0.02899212076796035,0.027539832369942174,0.08741298042939719,0.0459019788604459,0.03104769331131296,060182
2022-09-30,0.017956483451536637,0.022403619847877487,0.020281061645595636,0.06144464397677048,0.030471045456881493,0.01943971541268373,1A1-107
2022-09-30,0.015806054781676935,0.02541582038574872,0.023155442673452983,0.10535632400214308,0.04711614920975087,0.02688693410125904,020197
2022-09-30,0.005082905975496989,0.009516365580212661,0.008132316516412386,0.043527686662043465,0.027409158576051775,0.014039435390661117,030172
2022-09-30,0.01343281656961355,0.03015630611434622,0.02883053388035996,0.1035244383271572,0.05219375794070935,0.034369310481736345,1A3-001
2022-09-30,0.018352437212222676,0.03196028777731268,0.023856767475931337,0.04235990477187106,0.02262935119296776,0.014546346797823347,020138
2022-09-30,0.0068565058972198814,0.02123353833192924,0.01904505810496061,0.015239529089647659,0.005511047375984935,0.002672929902373749,020059
2022-09-30,0.00879146079565805,0.01556295299887042,0.013464842480094769,0.053640683630878545,0.02680363235942363,0.014683987932887006,1A1-029
2022-09-30,0.013606705604781015,0.031636725448797816,0.031368366618210346,0.08185196276939409,0.04323400745304347,0.03048540011075729,1A1-052
2022-09-30,0.004958887186781922,0.008892196328920013,0.0059949101925812365,0.0327008808677098,0.014709934019039273,0.007038821205821199,1A1-071
2022-11-08,-0.0010715244184255142,0.004071356031428128,0.0039588337505777095,0.012895448505623174,0.007517337351717758,0.004167552649822827,1A1-052
2022-11-08,0.00036574605195114853,0.008222679501969053,0.0036880368153068906,0.008250467202354903,0.005537438342813952,0.0034863500934802475,1A1-102
2022-11-08,0.0030062290190572094,0.008021476772006321,0.006069187366631867,0.011903221943040837,0.008540266597692442,0.005131170960620025,1A1-105
2022-11-08,0.0037373560139298107,0.01125362242164479,0.012385196222877039,0.05688840275917492,0.03137954125368337,0.018364335654969196,020197
2022-11-08,0.003686444896080981,0.015545508282843774,0.025077199363448092,0.0794498770994708,0.0650648483395966,0.03689654498044327,040887
2022-11-08,0.0061616009663317695,0.016664907393204993,0.025707967827287362,0.08028552151238591,0.0652211737863333,0.036923281501648884,040887
2022-11-08,0.003443334190294301,0.00818284425346457,0.005968429680231129,0.007362549458890355,0.006146830223789236,0.003881906738161693,040704
2022-11-08,0.0036241286962971878,0.008428269040315964,0.008952440067360321,0.026643088019486387,0.019509171778833607,0.011424146528738402,1A1-110
2022-11-08,0.0013036957806557674,0.005518580275465098,0.0035780961558227933,0.025915039700894232,0.012837543169904406,0.006640216491931332,1A1-107
2022-11-08,0.0039009591617409915,0.013130088214221744,0.009034006806376496,0.03807621350528389,0.023379288464982977,0.013404551316496505,1A1-087
2022-11-08,-0.0015514517972303903,0.0012887221138692937,0.0013914370159045905,0.005566791544187496,0.0034199874819774,0.0018070900906438931,1A1-059
2022-11-08,-0.004065878063841923,9.063116819974564e-05,0.0007024785824457057,0.005404509394105353,0.003431130282437881,0.0018113781001665287,1A1-059
2022-11-08,0.0005539132864678074,0.006808531241628414,0.005309762062021375,0.011759518673847372,0.008591413147903522,0.0051510547513694774,1A1-105
2022-11-08,0.0005338472052485987,0.006127829859994421,0.005279740142792819,0.03311661617461032,0.020247758249179872,0.01117727348255826,1A2-066
2022-11-08,0.007570499559616861,0.014381855664428055,0.01064289111527028,0.020351054167125394,0.013922612022459535,0.008128216998788943,1A2-076
2022-11-08,0.0007943009899140834,0.004865328259245416,0.005435041557713855,0.036564209469555464,0.02206603894284647,0.012493881677250657,020058
2022-11-08,-0.0006819125395152845,0.006598621180189671,0.007423198103266592,0.05709921548998946,0.03266282560590094,0.01891004373024236,060315A
2022-11-08,0.0017361251486325783,0.005453471891927597,0.0064182372175980934,0.008494977705112955,0.00792968176113092,0.005232394636015323,1A3-048
2022-11-08,-0.0014527854282920935,0.0033732071358735737,0.0023148691246599644,0.0154992044056321,0.009392369706623738,0.005257560075289486,1A1-089
2022-11-08,0.003043500300908192,0.00796122368421052,0.005990256647335589,0.02608994014662436,0.014341083460991354,0.007656338685851836,1A1-071
2022-11-08,0.0006030673373678833,0.004252543836962693,0.0039535558371696,0.01658855148364626,0.009207310427765977,0.005093303979378951,1A1-017
2022-11-08,0.001600566128054655,0.005633823318731569,0.005180697612750355,0.020562543082072875,0.013228975259663342,0.00790366583326446,1A1-029
2022-11-08,0.0031488055241719647,0.006335593893084374,0.00624978087649402,0.021148200630314553,0.0140574113991794,0.00861072709163346,040186
2022-11-08,0.0010450395942938158,0.005538704775503926,0.0034637711236215844,0.006011108337868711,0.004812848263000917,0.002937011291615703,040826
2022-11-08,1.0047891977412439e-05,0.004796714494012528,0.0040834290849723846,0.009889921336942354,0.007281174923993295,0.004304325944654709,1A1-109
2022-11-08,-0.0008982661745259614,0.00425651606230817,0.0025748518118623304,0.007898149407368767,0.005739190060536945,0.0034360322823278173,040874
2022-11-08,-0.0022570164118389724,0.0065433963388974595,0.005510003506803196,0.05038691366250524,0.02450242004488707,0.013004673516622248,050669
2022-11-08,0.0035514080006439166,0.010717078396651649,0.009745925547327752,0.03812226389783215,0.028569981299635144,0.01684814319059886,070859
2022-11-08,0.0007373186359041395,0.005188632782303621,0.005570342659213889,0.02092930278884462,0.014039410566688466,0.008618826485104357,040186
2022-11-08,0.001057075498992367,0.004558602305906761,0.0030138367707993824,0.015483924331406752,0.009243867548369505,0.005187005280905595,1A1-089
2022-11-08,-0.001316371555311074,0.004397381846218667,0.002772413837666807,0.0057687184303903275,0.004761180747780587,0.0029073956181469513,040826
2022-11-08,0.0020295140180887805,0.0049809893681826535,0.004720866711697479,0.009680672379133356,0.006615792018432759,0.003855782053119651,1A1-103
2022-11-08,-0.0003621685736093016,0.0037932277419840017,0.0039889094360514195,0.009437039257456958,0.006614967889546631,0.0038644274639156044,1A1-103
2022-11-08,0.004808654336734688,0.009156505102040812,0.009142168367346933,0.03596322704081632,0.026506160714285715,0.01744135841836734,030171
2022-11-08,0.0003049158367232399,0.007918866951886655,0.006397656754102953,0.052270086968719286,0.025528796114462068,0.013523474189928454,050669
2022-11-08,0.0029740101895523677,0.007356573373676246,0.00394851895523716,0.02441426759811339,0.012114063584586637,0.006340390006229415,020188
2022-11-08,-0.001904118648597392,0.003051047647373228,0.003221254719908955,0.01653894631803995,0.009314542836945463,0.005143255271642606,1A1-017
2022-11-08,0.005812720758206192,0.009155130894590845,0.0105112317961165,0.02752558223532131,0.027344044729542306,0.01699901959084605,030172
2022-11-08,0.005298993302637084,0.014448757848472167,0.01042376726663876,0.014934968606111343,0.008364141900376725,0.004733229384679778,020138
2022-11-08,0.002423962469752431,0.006000650613482647,0.0048392734185952625,0.009982964823633422,0.007195161921418372,0.004247166016473283,1A1-109
2022-11-08,0.0017498003161222312,0.00779289199157007,0.008179236564805051,0.057679601685985245,0.03274089199157007,0.018924387776606953,060315A
2022-11-08,-0.0004028686153080996,0.003683539610716518,0.0029379938222931145,0.01437168390278224,0.009157308300023651,0.005202942007800218,060182
2022-11-08,0.0013028125559734877,0.011612155203295714,0.007953010030449575,0.03558607692996596,0.021993368260791683,0.012691097975998567,1A1-087
2022-11-08,-0.0027996334330196173,0.0029901131365995225,0.002970447818629601,0.01980712507696367,0.011956941793473477,0.007037960022869198,1A3-001
2022-11-08,0.0009825211387327162,0.004249831747617694,0.003946758019297014,0.0103976850291543,0.007617673993766499,0.004640384076233648,040576
2022-11-08,0.003446952086334325,0.01014749622169221,0.007631030297305591,0.041647832845301914,0.024966096594800105,0.013636108933336477,1A2-078
2022-11-08,0.005063021829624852,0.019247268075722277,0.020008182268695184,0.015473778556915606,0.006682579538133704,0.0034861157639129725,020059
2022-11-08,0.001224760560133113,0.00729444119003229,0.008273530392333766,0.026852266865139016,0.019822642890078398,0.011617970449670213,1A1-110
2022-11-08,0.003569760673292981,0.007274773730237456,0.006958232858964756,0.013863053705540598,0.011434505151926155,0.0071753363934492515,040707
2022-11-08,-0.0014729556944092404,0.003068492327422933,0.003249417286785867,0.0101300536856704,0.007603846280030427,0.0046553079842522,040576
2022-11-08,-0.0011611634517766515,0.003161606683587138,0.004400675408911448,0.016153532656514383,0.012556261534122955,0.0074610916243654755,040852
2022-11-08,-0.0009177688959824088,0.0032280806771772825,0.0031129979747718237,0.01094889502679068,0.007990151439454389,0.004785995631006107,1A1-106
2022-11-08,-0.005152471206865883,0.0026616816746709315,0.003912256647990033,0.019405338180362854,0.009857105345072923,0.005165916933475624,050706
2022-11-08,0.0018606782670216367,0.004654059844821919,0.004050233102421546,0.011298109194670022,0.008023802650902969,0.004787690602807157,1A1-106
2022-11-08,0.0011552764296215302,0.006735878340809709,0.0041868124481679765,0.011005474404402893,0.00834072176096954,0.005089958817098914,040850
2022-12-10,0.005125948191838519,0.010428446559619876,0.011173843092006296,0.015525355594335445,0.006589734322817361,0.00393933570670952,1A1-103
2022-12-10,0.17123206879361907,0.1890275868548201,0.19992801614387606,0.1958277638239129,0.04777303646752051,0.030387563463455773,040887
2022-12-10,0.010683414531136732,0.014551345051312583,0.013196703973316133,0.02292789941005503,0.009373944068292624,0.005585882855679633,1A1-089
2022-12-10,0.07103821863307984,0.07767797104260411,0.07853477391851574,0.07353120489146361,0.009808738211003627,0.005948871230538448,1A1-017
2022-12-10,0.009339655331317084,0.012630948981968568,0.012477874569997261,0.01611646895559509,0.006735141159144008,0.00403550523707487,1A1-103
2022-12-10,0.030455691898285037,0.039697253104671794,0.04258275280898876,0.05471851419278533,0.029357545830869306,0.023794788586635123,020059
2022-12-10,0.0021451248209439066,0.0076420063470672575,0.00654293336286188,0.014151898701372144,0.00811408777989294,0.004905548241480699,040850
2022-12-10,0.006620158346865539,0.013509758966339897,0.015425175397445921,0.030656333854573906,0.01643484235480444,0.010066949940859247,1A1-110
2022-12-10,0.005083416272156774,0.014297072828360678,0.010373295442034565,0.025877303754266213,0.015910916822635686,0.010052956622261367,1A2-076
2022-12-10,0.010811490898338057,0.015518807271305685,0.016523022303081357,0.030555012830536698,0.016204945971411956,0.009976114652873834,1A1-110
2022-12-10,0.003228692939866816,0.006530488049812558,0.006102341787431509,0.014010627099833011,0.008679462040383848,0.0053269857798134345,1A1-106
2022-12-10,0.04501786763388859,0.054230677950922436,0.052765779598782016,0.09029287166397998,0.029471279777897198,0.01752039450116424,1A1-087
2022-12-10,0.015473007975034671,0.022127655166435504,0.024728817614424407,0.04392161812297737,0.031123807212205274,0.022974198740175682,030172
2022-12-10,0.012433157894736839,0.029848256578947366,0.03041598684210526,0.1597314802631579,0.050593388157894735,0.033655559210526306,1A2-028
2022-12-10,0.1721168985351637,0.18837667689239967,0.19967549447810412,0.19763001668072705,0.04878588177774369,0.030965546437610236,040887
2022-12-10,0.023863643551808675,0.029011115553627027,0.028687785423037702,0.041694389894481564,0.01552700874039177,0.010656401286607706,1A1-029
2022-12-10,0.008250661203863313,0.014733147035209105,0.013480426476491836,0.05747336818428699,0.03022286378019697,0.016923608047795583,1A2-078
2022-12-10,0.005904652779297511,0.011827165499507606,0.010622551455301459,0.03242231390195859,0.014860632755224869,0.009300947012802279,1A1-071
2022-12-10,0.07521543871446057,0.0795943339971378,0.07991005840617939,0.07445783763513161,0.009875058449283597,0.006048247512888146,1A1-017
2022-12-10,0.005536720201791786,0.011930441211681847,0.011584133040245278,0.02251941010488651,0.009422970642421515,0.0055877694991120965,1A1-089
2022-12-10,0.012589366384658763,0.0185158437676255,0.019796166525662708,0.02774993832487311,0.011084481387478844,0.007143494077834173,040852
2022-12-10,0.00464491763355462,0.007969857371098834,0.006963634768412227,0.011820569100173713,0.0075842770250356744,0.004668967763076248,1A1-109
2022-12-10,0.005519995958541565,0.010000783257738803,0.008343429720192513,0.015163281109992335,0.00934096184401356,0.005925076626051927,1A1-105
2022-12-10,-0.0014971528946680183,0.0040609137668573365,0.004632562232176985,0.013273400304454803,0.008413392223660287,0.0051476479523065435,1A1-106
2022-12-10,0.004428545445170999,0.009371089695374202,0.008296002135170878,0.01389722725011828,0.006606014721760547,0.003961825449781023,040874
2022-12-10,0.04583223311839511,0.05463030225685116,0.053176432473580504,0.08495810809600575,0.026814522658069127,0.015940141948773055,1A1-087
2022-12-10,-0.0004937264030216594,0.005370034552025806,0.0054133760160079425,0.0114807492864677,0.0076260235504436195,0.004650529351771415,1A1-109
2022-12-10,0.0031770085568917634,0.008004688816939047,0.006664651043272686,0.03320268103093842,0.013642718804604778,0.008092128301983758,1A1-107
2022-12-10,-0.0045540981155905505,0.0013069374713594328,0.0024632688105643108,0.007401853226185015,0.004073489692190763,0.002220456390897609,1A1-059
2022-12-10,0.007333705900477563,0.013066174106455103,0.013635793964720394,0.02253858490602374,0.00809882889770451,0.004807286704668006,1A1-052
2022-12-10,0.029421514647137152,0.036974677097203736,0.036950094318686205,0.08192458055925435,0.029508366067465604,0.018623980803373276,060315A
2022-12-10,0.010853875402446884,0.01882066229341061,0.018935429786434862,0.048329754212277365,0.02500280365958361,0.014959677344923804,070859
2022-12-10,0.028519268177028444,0.038476580611169646,0.039481631717597464,0.08498069178082192,0.03137336248682824,0.019529990516332977,060315A
2022-12-10,0.0017987707347149804,0.008912303890369537,0.0053904234456422255,0.011679136003818766,0.006562336509009905,0.004499356279088264,1A1-102
2022-12-10,-0.0020959245674814627,0.004940679379365913,0.004259730891449505,0.007591746338052052,0.005258281776383674,0.003171579928877548,040826
2022-12-10,0.0025374823116999998,0.00921396711048219,0.008965079758152687,0.04396748022126453,0.024375063034669055,0.013984657865397392,1A2-066
2022-12-10,0.007428387400586019,0.01642328380075344,0.011077914399330254,0.020991132272917542,0.009834588740058594,0.006255241732942652,020138
2022-12-10,0.0007631151434542994,0.004025031127404402,0.004085578246023845,0.007941494045556654,0.004129831174346995,0.0022582739239530095,1A1-059
2022-12-10,0.0006248180957984275,0.0055261051635560774,0.005125436700491914,0.018978820700928628,0.010282533799972092,0.006347413688003056,060182
2022-12-10,0.05399270795342965,0.06554512273811193,0.06551021251227379,0.10809025739935471,0.028376629611446207,0.01612341422359377,050669
2022-12-10,0.003221571438464265,0.007705791432339063,0.005989154664996869,0.008403863308735044,0.005500085996523866,0.00332782541057319,040826
2022-12-10,0.0058528698979591785,0.010494521683673467,0.011155950255102033,0.03508532525510204,0.020443724489795912,0.013875994897959185,030171
2022-12-10,0.25652532682060414,0.27018384280639435,0.27483796625222023,0.22462154351687402,0.014430844582593257,0.010725095026642985,050706
2022-12-10,0.05518066934205312,0.06451846165279428,0.06673660969084422,0.056613368840005285,0.009331099055357372,0.006693698639186152,1A3-048
2022-12-10,0.0053639503426181345,0.010052268399038887,0.007046127080181541,0.031137113330960215,0.012660835632286191,0.007780994037554507,020188
2022-12-10,0.016217424629838852,0.024264354373550567,0.02523063016590355,0.03699467458524112,0.01418975218528869,0.009287892311351605,040186
2022-12-10,0.05431572976574553,0.06456551479870948,0.06430557055688034,0.10998683160331041,0.02985367162294851,0.017161679057371294,050669
2022-12-10,0.026890254949570414,0.03315474878595443,0.03533933460963766,0.07138794639521855,0.03259080874112813,0.02366710496824804,020058
2022-12-10,0.0017060702139719396,0.006817330360938482,0.006739686936982531,0.016347973946841045,0.011969693819712955,0.007659164153120507,040707
2022-12-10,0.00013473725901360265,0.007223896751129288,0.0066324093558608075,0.014351235092791868,0.009063039938846966,0.005736413055527324,1A1-105
2022-12-10,0.027451788855660107,0.03381416263523617,0.033841368743952834,0.04551969522385433,0.012231125428797597,0.00810626330372064,1A3-001
2022-12-10,0.03240819448165014,0.040238939190999204,0.042055294669166875,0.08008607822126973,0.03272139097240826,0.02243659724082507,020197
2022-12-10,0.025128031560648346,0.0343607434748543,0.03454971793741738,0.035002921869644,0.009014146589295328,0.006186089197394836,040704
2022-12-10,0.019868931438425403,0.02754070048165546,0.028827828685258978,0.03988972616994708,0.014940392460010698,0.009436508741154778,040186
2022-12-10,0.013093000805285053,0.018658246305381983,0.019646155211238202,0.024721210350895508,0.00857025944345855,0.005351294570290947,040576
2022-12-10,0.017033008895417333,0.02043076170273051,0.02049056355041234,0.024899790364913445,0.008561571498874087,0.0053855886782886156,040576
2023-01-11,0.6220720790816328,0.6622898724489796,0.7065747385204082,0.7532409821428572,0.0921442538265306,0.09400455357142858,030171
2023-01-11,0.678916853948249,0.6912628579787683,0.7246660812883433,0.7073753162960844,0.05307142053799902,0.06225978243097193,1A1-105
2023-01-11,0.7569683160534119,0.7555460451250273,0.7843790860174704,0.7378759376724279,0.04667672651624738,0.06595345717076523,040576
2023-01-11,0.5841324158053566,0.5991866587612396,0.6230030732321631,0.5789777783438096,0.039260200443940706,0.051226087990128656,1A1-106
2023-01-11,0.6225054636888288,0.6330382729298354,0.6600045342015175,0.6441058063025022,0.054799047940513365,0.06293221834615875,1A1-089
2023-01-11,0.5958569150272081,0.610702336751779,0.6325297017580578,0.6513070123482626,0.0723032429886982,0.07585031603181246,020138
2023-01-11,0.6164843128756358,0.647266011326861,0.6899259330212667,0.7119181235552474,0.09032597058483591,0.09281876993758671,030172
2023-01-11,0.6555887546284341,0.6784740195614112,0.7043815162605126,0.7059014124257303,0.05941194953930941,0.06480804249547925,050706
2023-01-11,0.6101677822451083,0.6271532695787461,0.6520147000828639,0.6656802566248969,0.07200028355571331,0.07630220101297072,1A1-029
2023-01-11,0.7662714085187571,0.7861896207691168,0.8372856810297833,0.8397275812726104,0.08605874225680162,0.09741871029287875,020059
2023-01-11,0.6032536533827206,0.625744426003382,0.6545188499064424,0.6979693961911542,0.07307914323217943,0.07748188907181632,020188
2023-01-11,0.7088611027209961,0.7263062371956018,0.7551877592708072,0.7332947615312663,0.07599515789114726,0.0829572266662768,1A1-059
2023-01-11,0.4521916865625482,0.4619224025703808,0.4862942245729502,0.49329190029932346,0.047606077483443726,0.05337537991169984,1A1-110
2023-01-11,0.7095213902776503,0.7210983569169394,0.7556793689711102,0.748581667300045,0.06809871631375598,0.07724743390126584,060182
2023-01-11,0.6356594624852633,0.657179373177389,0.685138583890457,0.668009218100453,0.055559681256592344,0.06122057980315819,1A1-109
2023-01-11,0.6646837542252486,0.6844917618674373,0.718861992847695,0.7286824445206486,0.1393482298045363,0.14180215450938127,1A2-028
2023-01-11,0.6698276658777201,0.6959441256613235,0.7305571906201518,0.7408750945741679,0.06927959306257211,0.07663107631568479,1A1-102
2023-01-11,0.7114083679718836,0.7219507319180035,0.7523435940475748,0.7208332383737068,0.06030999640037928,0.07004504194838898,1A1-103
2023-01-11,0.42397701459788634,0.4433599238760522,0.45503494223535734,0.5229567405516747,0.053810341214400856,0.053428725147770015,1A1-087
2023-01-11,0.5237908271169581,0.5196871683469532,0.5341473366717,0.5199598604758551,0.0730235146011083,0.07503728911953556,1A3-001
2023-01-11,0.5769065813814448,0.5756397907469761,0.5954469357736257,0.5733555623372816,0.0504823571958137,0.05738537022190037,1A1-017
2023-01-11,0.5927526342435678,0.6108084555345861,0.6318203649861349,0.6223790616815599,0.10503729612155294,0.10413207437220773,1A1-052
2023-01-11,0.6025837094903967,0.6355427497472794,0.6720993073972765,0.6765749998513411,0.03958038428376047,0.058235136915026436,040186
2023-01-11,0.6570450833717809,0.6794147232628958,0.7106231747716157,0.7230384637814891,0.08223493660607173,0.08743196308941587,1A1-071
2023-01-11,0.7344154395126198,0.7621133605308965,0.803929731288077,0.7928383039599654,0.10075268494342908,0.10589796127067015,020058
2023-01-11,0.607677754491018,0.642594505988024,0.6816163023952097,0.7329642814371257,0.09244278443113772,0.0909887874251497,020197
2023-01-11,0.7067816140262151,0.729721015601359,0.7675776643550659,0.7365023457436753,0.034262028170030726,0.04269181106221365,040826
2023-01-11,0.5803366959229898,0.5987918414019938,0.6229787768527081,0.6617610355637784,0.07361317067530065,0.07621739580121287,1A1-107
2023-04-10,0.27300101822660117,0.287248814778325,0.27993843891625597,0.1603852586206896,0.015070408866995077,0.011470069950738902,040826
2023-04-10,0.3269553150321319,0.35127610296172124,0.3397160065660801,0.17612855301760275,0.015664158982956134,0.012098882718636487,1A1-102
2023-04-10,0.4499734345794394,0.47689363317757016,0.4478398364485982,0.24391240654205612,0.016067558411214954,0.01339613317757009,1A3-001
2023-04-10,0.4317190500975927,0.45651739427456084,0.433603471047495,0.23303144274560833,0.01343116785946649,0.011574157449577094,1A1-052
2023-04-10,0.08254965371024735,0.10456239840683444,0.10762499422766106,0.08796469117986609,0.036839391018240596,0.027897973331794047,030172
2023-04-10,0.3530696640091116,0.3806061218678816,0.3643828132118451,0.16786643507972665,0.010520831435079722,0.0090757972665148,020058
2023-04-10,0.22252641472868218,0.2392124127906977,0.23515305038759693,0.13810226744186047,0.02201869186046512,0.016556232558139535,040852
2023-04-10,0.3381042857142857,0.3595110714285714,0.3321564285714286,0.11488285714285715,0.008414642857142853,0.008249642857142858,020188
2023-04-10,0.4492061152904129,0.4766266943666901,0.447582037263821,0.2422537876137159,0.01603035864240727,0.013548796361091667,1A3-001
2023-04-10,0.4666936772747483,0.49115680597954964,0.46074012248073504,0.23705375970657985,0.01256808302459988,0.010595240441612315,1A2-077
2023-04-10,0.29563038584327656,0.3238736514762517,0.2986126386392812,0.11375130551989734,0.011911272143774063,0.010193881258023105,1A1-107
2023-04-10,0.29539180856499764,0.31802752803901485,0.3154880499786553,0.19166422192541038,0.008871913315136539,0.008773391006817323,1A1-059
2023-04-10,0.2663399386503068,0.30324879792944787,0.28719352185582825,0.11149728719325154,0.011127032208588947,0.009334955904907972,020138
2023-04-10,0.05170467077794722,0.0668381968611543,0.06519128191290266,0.062198647428253075,0.023555999690989968,0.015383828307930659,1A1-110
2023-04-10,0.16499085526315788,0.1875777631578947,0.18221815789473683,0.25758697368421046,0.06686325657894736,0.03392838815789472,1A2-028
2023-04-10,0.2580567223037419,0.2834271047322086,0.2655247817314748,0.14201184427732955,0.02824334739545121,0.017955720836390316,1A1-071
2023-04-10,0.3583732382250444,0.38392123567425335,0.36914073431802286,0.17483243308663704,0.009380624966318779,0.00838226268210315,060182
2023-04-10,0.3334235100015271,0.3517816162217163,0.3385380389848924,0.16683266385061868,0.010187748258140185,0.008821638426117549,1A1-103
2023-04-10,0.45864173945714554,0.4848959230804263,0.4544556623554063,0.23203459231259677,0.013236229847891424,0.010796977593587746,1A2-077
2023-04-10,0.1467139119804401,0.1687582273838631,0.16629316014669926,0.1526222677261614,0.04891659535452324,0.03024728606356969,060315A
2023-04-10,0.3445045739219711,0.3668114313826145,0.34386592516541176,0.147121201659822,0.012249548825005693,0.010158612394478662,020059
2023-04-10,0.3555240016232335,0.3815403990476696,0.36696338523049193,0.17356752007925805,0.00953973261489308,0.008443864617258448,060182
2023-04-10,0.21164852021949188,0.23182448914469767,0.22164097310032216,0.13437772575450316,0.03657899976142195,0.023562800011928908,050215
2023-04-10,0.4330657744466312,0.4584945286592435,0.4350597961769702,0.23364316640155283,0.014039200210293593,0.011976865546898155,1A1-052
2023-04-10,0.28327359898167004,0.3054885403258656,0.2944306547861506,0.14530953788187373,0.013717597556008142,0.010061905498981668,1A1-017
2023-04-10,0.27992195685516136,0.2987718828354228,0.2850148702987463,0.13053421812483332,0.013238036809815942,0.010189312650040012,1A1-109
2023-04-10,0.22368825584225904,0.2467705963972736,0.233120394352483,0.17271357838364168,0.046692913826679644,0.026706110637779938,1A2-078
2023-04-10,0.30254790828092254,0.34020984433962276,0.33790868238993726,0.2745566787211741,0.017717574947589104,0.01276341247379455,050707
2023-04-10,0.5026184025621122,0.5397757800638374,0.534967662540258,0.42931633964515775,0.015369200382447667,0.011439249841844953,050706
2023-04-10,0.30061536805350814,0.3197787353515625,0.30556892716317785,0.14243749419590193,0.012201465258328416,0.00920303950471697,1A1-089
2023-04-10,0.355995,0.39609,0.3753825,0.1598925,0.010704999999999992,0.008394999999999986,1A2-066
2023-05-12,0.010349778564517544,0.01691993106253848,0.014937309020142479,0.043080108518779116,0.026156355989972728,0.01529234299410678,1A3-001
2023-05-12,0.01452110057559872,0.017778042964333433,0.013320145698427377,0.04015490094048721,0.021355787593791753,0.011423851243704382,1A1-107
2023-05-12,0.007325863401461899,0.012510501303598855,0.008322808041741767,0.0361506267417345,0.023387311626638645,0.01357999255086364,1A1-089
2023-05-12,0.007626084183673464,0.013706058673469383,0.011012799744897956,0.04453586096938777,0.028641600765306113,0.016414036989795912,030171
2023-05-12,0.01455375440362355,0.020828435770005035,0.01985186053095118,0.06314335839204835,0.04167598924257676,0.024833637078510315,050707
2023-05-12,0.010429979439704452,0.015965727746503643,0.012993175850998318,0.04143061889788019,0.025629942277245132,0.015160066518603217,1A3-001
2023-05-12,0.007774583973437725,0.013061800014866938,0.01129122875266366,0.0269200815203925,0.017949972372268194,0.011185253109668466,020059
2023-05-12,0.018871944469164365,0.023645740856100387,0.015550423155646526,0.036505457417460176,0.020277726261457678,0.011245710153955679,020188
2023-05-12,-0.012167494989979969,0.008018103707414823,0.006359363727454905,0.03279225951903807,0.02881644038076152,0.020155170340681355,1A1-052
2023-05-12,0.010083578182285967,0.022173553043459606,0.016928508661906913,0.05502185169700476,0.03410216520872196,0.020045918237173287,1A2-066
2023-05-12,-0.0058006860444523144,0.010900429469582926,0.01011791043124059,0.03429770366598778,0.02728565173116089,0.018414628530948374,1A1-052
2023-05-12,0.011695440688555011,0.015259832637823201,0.012100109376042502,0.029965360017468627,0.01925831715867942,0.011464013310729246,060182
2023-05-12,0.013887982148900165,0.017694386661026476,0.01563244317540892,0.036798938804286516,0.02933740583756347,0.01780565541455161,040852
2023-05-12,0.01317478277472983,0.018778701846170788,0.016927548243994967,0.04659862095155644,0.033765865559643074,0.020162103175108314,1A1-110
2023-05-12,0.013558064578339794,0.01714911098024628,0.014649904055431557,0.03353291918064851,0.021632865629390853,0.013213868329338518,1A1-029
2023-05-12,0.015333629768941426,0.02013059421457997,0.01532196086333512,0.04691012179831632,0.03212379589826258,0.019525929159949842,1A1-087
2023-05-12,0.0119395703578072,0.016452529789911366,0.01308987438450595,0.041254389812889834,0.024219349463836304,0.013364200049239522,1A1-071
2023-05-12,0.010043527146123856,0.014501321398460566,0.012085214369764721,0.03012923260870884,0.01930058289409037,0.011492023722151778,060182
2023-05-12,0.00904060474342992,0.01274870817371756,0.010018046954373142,0.022855964821455778,0.01783734209193284,0.011794443693534868,1A1-103
2023-05-12,0.014336603469938576,0.01660268507243902,0.012971088854160203,0.029770203822051235,0.020599186941583403,0.012233778483123401,1A1-109
2023-05-12,0.009004955704523861,0.015604337079648985,0.011909567183991823,0.022966443014257674,0.01840364784438114,0.012415837025029406,040826
2023-05-12,0.019142321189391902,0.025577343289579432,0.022805478837396205,0.07841807393517278,0.04345685909456202,0.024714758237342628,020197
2023-05-12,0.008730864051762809,0.01804870787777174,0.011298592698420191,0.05211214684629377,0.029498687805511598,0.015918962205114878,1A2-078
2023-05-12,0.007778536835196304,0.014750335434981493,0.010611009487250881,0.022305217391304345,0.01220964785791002,0.006965190341700145,1A1-102
2023-05-12,0.013639359088217876,0.03124457252812315,0.033281773830669034,0.1039197001184133,0.0939273984606276,0.0545294265837774,070859
2023-05-12,0.013424528826719486,0.01820824988493326,0.013963656720898124,0.03375707600408236,0.02406846130755837,0.014795820776050113,1A1-105
2023-05-12,0.00818607056171983,0.013696651641239017,0.012202068596856215,0.04084603617660657,0.03447597838650024,0.020759492024965312,030172
2023-05-12,0.010761299495704143,0.015717796974224874,0.014005020545386621,0.04313865614493839,0.028969900074710498,0.016892042865147554,020058
2023-05-12,0.016682214318582703,0.02827474557097936,0.0331951217501342,0.08737319042871386,0.07681225611626655,0.04479296993634479,040887
2023-05-12,0.012063001938774671,0.01562422436532172,0.012488109299461623,0.03193267948227227,0.02272739411627656,0.01365815227702009,1A1-106
2023-05-12,0.009731436373297004,0.01356770850964994,0.010425416812492434,0.024296287424197077,0.016856590810748882,0.011140739845753448,1A1-059
2023-05-12,0.010880981117082583,0.016117355239054207,0.012690727262249945,0.027126598193596956,0.020136010051074255,0.013472898069854067,040874
2023-05-12,0.010777958350774384,0.017627024905818328,0.011929465257429881,0.02572277835914607,0.015544576182503142,0.008868055671829212,020138
2023-05-12,0.013250532047800105,0.02073773108559011,0.01880604013734772,0.03511061195390702,0.02500923479087452,0.0174753292853263,1A2-077
2023-05-12,0.01001800589999032,0.015341374987909842,0.012093397572299047,0.04061976704710318,0.025719869136280077,0.015547763033175338,1A1-017
2023-05-12,0.010736540047308502,0.015336588086173109,0.01176306452144904,0.029253407649464727,0.02102784800493818,0.012839767062160735,040850
2023-05-12,0.013619217597471018,0.023183653846153843,0.01933731664910432,0.09134656217070601,0.05860611116965228,0.03477610642781877,060315A
2023-05-12,0.008793896660722968,0.015615061030961249,0.014376283433295507,0.03154069484519371,0.017844256767709513,0.011005040201005015,050706
2023-05-12,0.01299685239000542,0.01963361131372699,0.016696451695507073,0.033037758108947,0.024322391188794944,0.01729998376270661,1A2-077
2023-05-28,0.020993273322053013,0.031938953299492374,0.020535154032712905,0.07194581308516633,0.02981084137055837,0.015841638296672293,040852
2023-05-28,0.021781444548620413,0.03017145660326816,0.022645723948566836,0.09592688119474953,0.04118112175194214,0.021098033083311013,020197
2023-05-28,0.01829608531696833,0.0236444777116566,0.01611433190070805,0.047270356778797054,0.019158111483042643,0.01002036500950492,1A1-029
2023-05-28,0.02285684352765239,0.03248620257981881,0.019990493515246194,0.06770179425492387,0.02279790457621092,0.011675933918548246,1A1-106
2023-05-28,0.015852099225612575,0.02277646064493758,0.01664036581137309,0.0586930625866852,0.03436714487979658,0.01972722491909385,030172
2023-05-28,0.02111330712128837,0.028550548565676896,0.025153571967790632,0.07900687940362358,0.04802193602164068,0.028926798251132358,050707
2023-05-28,0.014826691949163017,0.029665667606260656,0.017500109722325245,0.09622103596419648,0.040480445998071324,0.019984018000642877,050215
2023-05-28,0.013305814747645068,0.02156554492409035,0.012657289997391828,0.04838590709480978,0.018398937613348928,0.009734277038461305,060182
2023-05-28,0.01909122657074574,0.029705551990197657,0.018823396741438105,0.055241192784093104,0.01891183752077547,0.010301565802084224,040874
2023-05-28,0.020687264920510838,0.03394377242837951,0.022123662677171654,0.08843665348529492,0.038421275114773175,0.02039491215091918,1A1-110
2023-05-28,0.016407187438450602,0.022544670779078676,0.014608244200678397,0.054107184784987404,0.022225028941897377,0.011124436234817802,1A1-071
2023-05-28,0.016058068387792095,0.022927981433400278,0.017455261842943222,0.045982659579679605,0.019475362024200266,0.011001195194238958,1A2-028
2023-05-28,0.014318187725393611,0.024904683899199555,0.013809884004749756,0.06595795936318058,0.023922533094379445,0.012297623471721345,1A3-001
2023-05-28,0.015723138588862384,0.029570034717351663,0.018000388553794353,0.0910846956094824,0.0364041029597419,0.018612968508907275,050669
2023-05-28,0.018288144748018896,0.026682476179432434,0.016082802947323723,0.050946691511774785,0.014288378231493992,0.0070608200003353105,1A1-059
2023-05-28,0.02104787797716042,0.03108092465730646,0.01811644470013904,0.07444559094264842,0.0262612883347855,0.013125325932971077,1A1-089
2023-05-28,0.02208033877766069,0.03814993045310854,0.02334940727081137,0.1431771712328767,0.06569395943097996,0.03267484562697577,060315A
2023-05-28,0.024028926599243022,0.03356171833312648,0.020597693952813776,0.06847332558401072,0.02159766818421543,0.01038962489141898,1A1-109
2023-05-28,0.017923424559449463,0.029988865507776765,0.019934619813835066,0.04877209296312502,0.020796084470344887,0.01315369018258483,1A1-102
2023-05-28,0.026022837357856127,0.03416736349108108,0.020354912912344245,0.07133023165639751,0.023381548894718832,0.011450373130536796,1A1-105
2023-05-28,0.017715635657511324,0.030597253659545826,0.01975354691460197,0.07654461344161098,0.030586740892084338,0.016165937947205968,1A1-017
2023-05-28,0.0103049745479941,0.020180704256227203,0.011880050651819647,0.04575171913556295,0.01584031376581049,0.008850650267711636,1A2-077
2023-05-28,0.02928036584273688,0.03978591259179652,0.026159157710908112,0.08585749552212071,0.03610371529643559,0.019403954862976896,1A1-087
2023-05-28,0.01706252633008241,0.02718832024700687,0.01494817200746216,0.07542967264505161,0.0289520360946466,0.013806186565754365,1A2-078
2023-05-28,0.01713190368552485,0.024359986509371673,0.019911405465139632,0.04330695606934758,0.01807999103016734,0.009868557650908466,050706
2023-05-28,0.021812983097231172,0.03703863876368322,0.0230501646544323,0.10738168885490443,0.0468849703799099,0.02456139117836445,070859
2023-05-28,0.02085105951376638,0.03741916519671753,0.031524180918782105,0.11186323644451264,0.07313072340670294,0.04094909885727432,040887
2023-05-28,0.021439660300563577,0.03138954119581697,0.017168818413419246,0.05849995864032445,0.015033599037915731,0.007351917672739181,040826
2023-05-28,0.01943518899841678,0.030611073983149877,0.017522215324374257,0.06451937763872137,0.02110090109978136,0.010856899973612784,040850
2023-05-28,0.02182837778605928,0.03033851613047709,0.01987428015931599,0.05708082313629645,0.019958638844295978,0.01080213489006263,1A1-103
2023-05-28,0.011736419499439665,0.018003856462457977,0.012168946115054166,0.05050354034366829,0.025630452932387002,0.0142414311729548,020058
2023-05-28,0.012755790816326527,0.019757474489795913,0.012505765306122445,0.05822253188775509,0.024690950255102036,0.013136772959183671,030171
2023-05-28,0.01666684711009481,0.02309937912074581,0.01332516484499626,0.04852110573977814,0.018318737967573866,0.009730391573207488,060182
2023-05-28,0.0179916969511803,0.029715530488197073,0.01709460769494651,0.07985196908299569,0.03035972304410281,0.015628624386269604,1A2-066
2023-05-28,0.01699888996302573,0.02629066037590508,0.01845235308504082,0.04937964004005552,0.018587140155600066,0.010810476968109667,1A1-052
2023-05-28,0.02151899261368692,0.027113388804841147,0.01588724370383554,0.04801479843374565,0.01919835676782059,0.009627228575242504,020188
2023-05-28,0.013779302009208868,0.025263639598158225,0.012613862494767683,0.03769462955211385,0.01490142214315613,0.00759155609041439,020138
2023-05-28,0.011247362852470388,0.01651620967342286,0.01131996072649784,0.031250036176222795,0.012501993285098368,0.006839958744239057,020059
2023-05-28,0.016695887696903836,0.02346863088771629,0.014184410879180575,0.047038781446418855,0.01595097507177775,0.008885189473888404,1A2-077
2023-05-28,0.02020614258916641,0.024520014646931848,0.016079921497584537,0.05195609954774386,0.021588733425840268,0.010651906542296224,1A1-107
2023-05-28,0.019162499340311362,0.02851416230539184,0.0183207632597414,0.06911588409270822,0.025050371734541298,0.012556782368721963,1A3-001
2023-05-28,0.01477367668695116,0.024240147088276078,0.015474575258049593,0.04695136695039286,0.017738215028500995,0.01062223542212292,1A1-052
2023-06-04,0.013424308167651798,0.02346856618305571,0.01628453474834318,0.05540542987641052,0.027774086960415542,0.015468804854021133,1A1-087
2023-06-04,0.02147043516310829,0.03579956960550557,0.030907438224775145,0.11039811444673248,0.06461964173079013,0.03937615129511223,070859
2023-06-04,0.027092920907896893,0.04921415387456902,0.04782984197997042,0.18924595078804796,0.11872527314890816,0.07018672795928417,040887
2023-06-04,0.01654509766902539,0.02640038666230599,0.01935834587025034,0.08191699322114529,0.03621659154427067,0.020096775732889333,040186
2023-06-04,0.019093657066296447,0.025884254145467522,0.02187284563659489,0.05222184593519262,0.028608270808773362,0.01997569926164916,1A1-109
2023-06-04,0.0140168391687176,0.021195839581139853,0.01743370665374634,0.048621755426873844,0.02541384412784418,0.016961310027561873,1A1-106
2023-06-04,0.02151172798906267,0.02851621573997951,0.02366385873832597,0.0593455305626634,0.03211979614883656,0.021920331099369052,1A1-105
2023-06-04,0.01678681063610989,0.02657504921404437,0.020587182434748545,0.04167131163997847,0.02050589172910239,0.014973945081044021,040704
2023-06-04,0.005744795996920711,0.014815456120092376,0.0065451963048498785,0.08367750962278678,0.02619181870669746,0.012006836027713623,060315A
2023-06-04,0.01887912339807108,0.028768599715946627,0.025395462577619224,0.054144598031444016,0.029050464724534274,0.020336034813053235,1A3-048
2023-06-04,0.015667177051382274,0.025421855586295318,0.02178393984683546,0.07564451463483104,0.03964671880074571,0.02342472830336198,1A1-110
2023-06-04,0.020260857740429787,0.027599305553484367,0.023210780940095734,0.05428400193119291,0.02825894589677438,0.019569005361110697,040576
2023-06-04,0.02770952092498589,0.03639366666666663,0.034602249351381786,0.06859293212069931,0.04663800637337843,0.03323391976875349,040852
2023-06-04,0.03061446489715919,0.03903158647601955,0.03171989320376887,0.07676957080784946,0.04411804354499725,0.029162144484851354,1A2-078
2023-06-04,0.016631138940059527,0.02457852982853905,0.01800340335836758,0.0603438844915889,0.026189997874450914,0.01517715221968057,040707
2023-06-04,0.016828323578511915,0.023441170129628295,0.018800657020478482,0.06017910040039113,0.029838376354312843,0.01880814616269712,1A1-089
2023-06-04,0.014679808057035445,0.021560843936964412,0.01744947943067984,0.06056092962809696,0.02886688494629216,0.01704221447783582,1A1-017
2023-06-04,0.01816956348987363,0.02582811631335387,0.023702380308560634,0.0475772093151591,0.029534775497252624,0.022067364167067387,1A1-103
2023-06-04,0.03083509434584682,0.03993931325460184,0.03641930853730951,0.059761918519496,0.04272911486441909,0.032889253084383466,040874
2023-06-04,0.018450556982245184,0.028271208628618802,0.0244623220512289,0.05201202404063632,0.033082289467732194,0.024359894969466216,040850
2023-06-04,0.018618290762963775,0.03032913684905867,0.021806165363866568,0.05437976852361554,0.025232602389078502,0.016361319773202685,1A2-076
2023-06-04,0.021109027720910785,0.030092926143722633,0.0262257980729058,0.04852794793189887,0.03105001024650096,0.02428182766868603,040826
2023-06-20,0.019457294983588887,0.02559071645520011,0.022201368735609656,0.050724587517758296,0.024869790207220896,0.016765315362759017,1A2-028
2023-06-20,0.010072737111256459,0.01802414862936314,0.013230059909615267,0.06885995332104416,0.02906950555985016,0.014271197449009924,040186
2023-06-20,0.016473211594809543,0.026626802009208857,0.015188332984512347,0.038199601297614065,0.01527318752616157,0.008878287986605274,020138
2023-06-20,0.010893346464886718,0.01857024528750668,0.01370598308259499,0.06873750743295477,0.028985095587798052,0.014189390795028832,040186
2023-06-20,0.01668024116424115,0.02374077483860378,0.01817542058759163,0.05728749193018929,0.025116641755115455,0.015112035835430566,1A1-071
2023-06-20,0.010175908664666162,0.019543842288697183,0.012801757236184043,0.0697387192891973,0.032788245264441095,0.017873657398724686,070859
2023-06-20,0.016432141499297434,0.02227031982670742,0.01601936799184506,0.05297967028955557,0.02110847986748216,0.011041991486899732,1A1-029
2023-06-20,0.01272796702698921,0.01888308895641159,0.014406192988863923,0.04293548361840518,0.02008929672989796,0.012378509881023615,1A1-109
2023-06-20,0.011900424757281551,0.02531743932038836,0.018686468446601937,0.12644966019417478,0.05736453883495146,0.03108605582524272,060315A
2023-06-20,0.025166171623794222,0.0388652652733119,0.03164498794212219,0.1354971603697749,0.06892019292604502,0.038303309887459815,050215
2023-06-20,0.00946933273185499,0.015728616848352903,0.011767335289380674,0.03923770236515206,0.016985292251368248,0.009899226665374235,040576
2023-06-20,0.007982544371421258,0.013988021437988236,0.0102061418508097,0.03299680324078629,0.01633160032270125,0.010819625991224099,1A1-106
2023-06-20,0.009515896584753599,0.017732637898005017,0.014556329766151403,0.037435661249834835,0.017788838684106217,0.010349122242039894,1A3-048
2023-06-20,0.012863164152812946,0.020807839370252122,0.012055058350765164,0.037390100187162816,0.014580961961906853,0.007321497853132223,1A2-076
2023-06-20,0.01056472401169224,0.016445941893464256,0.014156447214575577,0.029693835144876137,0.017236899551607676,0.012985985186026045,1A1-059
2023-06-20,0.02036318249662735,0.02778721318063092,0.0260816456413789,0.04660706815637648,0.027602977625649432,0.02018862747208588,050706
2023-06-20,0.012613434393857387,0.021992325574868195,0.017380377047372723,0.0753466671578357,0.03675875205990259,0.019322004290210713,1A1-110
2023-06-20,0.012286153152913497,0.01885690514988063,0.014513650958078661,0.05272960293442773,0.024949346122125935,0.014917443865436688,1A1-089
2023-06-20,0.011170356277941496,0.02107595617569817,0.016564662025620996,0.07511492156332095,0.03673063591347407,0.019386899240191633,1A1-110
2023-06-20,0.01283955506523407,0.025590030314658473,0.02289646335379891,0.11276391174213353,0.06449992805065231,0.032969772448196454,040887
2023-06-20,0.010573536131819244,0.016461166229839813,0.014090439765398834,0.031436491614601395,0.01781165594159001,0.01321537077656447,1A1-059
2023-06-20,0.007756855128482729,0.014713145505494178,0.009696321251684927,0.027943022479844423,0.012636660624379438,0.008245682290782756,040826
2023-06-20,0.011282357790683794,0.02092354121086757,0.012334309638410439,0.03382075241656391,0.01348623682326266,0.008370401070050519,1A1-102
2023-06-20,0.020934851603453597,0.02592732552163634,0.01918906940589988,0.0531477930671189,0.023005796073594403,0.01325827564497893,1A1-107
2023-06-20,0.014766275184059562,0.02097348699343207,0.016541780181611607,0.04800783814305378,0.0235282015048082,0.014917614731231472,1A1-105
2023-06-20,0.010929954290902068,0.018103543826860788,0.013800513092522265,0.05210315738628434,0.02479638918079456,0.014839649408392268,1A1-089
2023-06-20,0.015139958298734907,0.02077737098861916,0.017251662250280856,0.03610145148488251,0.01678023060860645,0.010973635764177207,1A1-052
2023-06-20,-0.0016702900287631902,0.017355649568552244,0.008065290028763186,0.06892750958772768,0.03787684563758388,0.02271361457334611,1A1-087
2023-06-20,0.013622281465848042,0.026297453568687637,0.02377129892555639,0.1135030771297007,0.06487171623177283,0.0331808534151957,040887
2023-06-20,0.019291409054379857,0.02945488012322529,0.023576613313688724,0.10285478904366463,0.04123024310206268,0.02176450843825342,020197
2023-06-20,0.0091623403604133,0.015038158880564123,0.01012906211742814,0.022282649478478037,0.009200652636991331,0.005655685691200231,040704
2023-06-20,0.01534209754002198,0.021513500642014537,0.017068961783969046,0.04822011371509339,0.023600281770482134,0.014893161113317876,1A1-105
2023-06-20,0.01135298225843735,0.021323877716134993,0.014619856391585757,0.06585887540453074,0.03085836800739714,0.01600186488673139,030172
2023-06-20,0.013148651444571086,0.01915206130135289,0.015080476361564005,0.035080132439664985,0.014161182665146934,0.00936536064720749,020059
2023-06-20,0.008311053108729968,0.015008554547369789,0.010026659853853702,0.028322063360623602,0.012750594514246935,0.008298954303922646,040826
2023-06-20,0.025803314323060385,0.03303200291750319,0.029033716723176888,0.05921249931763182,0.03435397450672361,0.024770926155628446,060182
2023-06-20,0.011840774654463954,0.017306268677624203,0.011341804258498319,0.05197499579753457,0.020652064344415393,0.010275704146432574,020058
2023-06-20,0.0055661518676796435,0.012494077289094652,0.00870220139878125,0.03172059423472618,0.015978545030072806,0.010680367847815767,1A1-106
2023-06-20,-0.014221185133239837,0.011370399719495085,0.003271051893408135,0.06919900420757365,0.039996318373071514,0.02410382538569425,1A1-087
2023-06-20,0.008783964809738089,0.016186958266521816,0.012191950162933831,0.05238386183382466,0.023021012905394916,0.012266907446680112,1A1-017
2023-06-20,0.009216645934128222,0.014764558695520154,0.009776339045324801,0.0443036119658293,0.018533875179659508,0.00889815775622988,040707
2023-06-20,0.012756711399276238,0.019919517490952953,0.014636896863691181,0.05920491706875754,0.026261914957780446,0.016051326899879374,1A3-001
2023-06-20,0.00916031051940886,0.01559894973679109,0.011613182814620404,0.039048964202096734,0.016941402649984342,0.009856956134333468,040576
2023-06-20,0.00953802295918367,0.01692311862244898,0.01075785076530612,0.05714217474489796,0.02139185586734693,0.010694559948979592,030171
2023-06-20,0.018402305553083562,0.023563013259766837,0.014389373498264657,0.04404257186081694,0.017042963201922227,0.009118780813384356,020188
2023-06-20,0.007927200273768394,0.014038709859245754,0.011338448903134683,0.03323708432174233,0.01716141704351618,0.011211283545587432,1A1-103
2023-06-20,0.01388915110985296,0.019514518869826903,0.015010904382794543,0.04346988071601414,0.02026285368322269,0.012524896576596129,1A1-109
2023-06-20,0.00473247041480903,0.011729391808600248,0.007673379388983629,0.04225688908635178,0.01966396754874366,0.010680706911429335,040852
2023-06-20,0.018926839141922495,0.02916125754906895,0.026196482133870165,0.09023650509562153,0.05064489903120283,0.03241008775792652,050707
2023-06-20,0.01139788370838163,0.024576286222470916,0.017288588372836627,0.08235292777489106,0.043365720852152366,0.02652868949598305,1A2-066
2023-06-20,0.008461441619683091,0.016015556345799063,0.012011940119657215,0.051855290392937785,0.02281863027810822,0.012161771237435118,1A1-017
2023-06-20,0.00804990111370701,0.014205417005890984,0.01147882448543009,0.033256610634325834,0.017168573243797183,0.011173453672581605,1A1-103
2023-06-20,0.013075411343823676,0.02209484291901968,0.012127033006195515,0.069297146225122,0.027908605872032463,0.013526285295246455,1A2-078
2023-06-20,0.01451846141051231,0.033901045686404965,0.02661452151253049,0.1610581121091151,0.08287630128631625,0.0471959264803726,060315A
2023-06-20,0.014686748506694138,0.018031327016821128,0.011658627497425331,0.031208768520425718,0.011809825197391002,0.006636673223480947,040874
2023-07-06,0.016124170522886,0.024930895032842848,0.018825436532695534,0.08972907320750786,0.038515908854572845,0.020534320915440454,1A1-017
2023-07-06,0.009082946809119247,0.018940998669870417,0.012268967218741945,0.06809609113532993,0.033688290783489235,0.020201196258474205,1A1-089
2023-07-06,0.012329026109637934,0.02240634127107921,0.016177882242326545,0.08818451918577437,0.03784215337354199,0.020337076249155078,1A1-017
2023-07-06,0.012986103590966474,0.019881050638238175,0.012847184037031837,0.07876674007574692,0.026793846261747786,0.011693302707252063,050669
2023-07-06,0.005600317139194357,0.014920276898713612,0.007311119010409217,0.04115118990256475,0.015580108850825482,0.008726416750961493,040826
2023-07-06,0.005634110554214323,0.01518053118767711,0.0077225954851999545,0.04160212700089217,0.015887316547706497,0.008805696422011114,040826
2023-07-06,0.010922770374526578,0.018700155351381673,0.011769306705007709,0.07865211495300883,0.026853556249123296,0.011744356501613125,050669
2023-07-06,0.0077534438845751315,0.01861607790902583,0.0117518089514841,0.07231628304146703,0.035937362327220626,0.021652888719092454,1A1-089
2023-07-06,0.01277657525510204,0.017388852040816326,0.011832213010204078,0.055992493622448986,0.021578832908163252,0.009807436224489792,030171
2023-07-06,0.012554960924937282,0.01889975825990008,0.011538056431037067,0.06155988368602729,0.021659351214596584,0.009512915299843484,1A2-066
2023-07-06,0.009542801640874246,0.022379068196123585,0.01663500597964102,0.08512102615414674,0.04269428340893797,0.023516053556312845,1A1-103
2023-07-06,0.01447712779211533,0.018047345821838565,0.01001935747975438,0.04022928584141674,0.014568484470944205,0.00649615155290558,020188
2023-07-06,0.027053584023826596,0.03526255237841056,0.03173044862851666,0.05867003399895678,0.0362287395516141,0.026803648928168514,040874
2023-07-06,0.014470299527795678,0.02372883945052588,0.016219074935608493,0.0898692656417686,0.03767490754453748,0.017816444811118267,070859
2023-07-06,0.016287499999999996,0.020879999999999996,0.02086624999999999,0.08851624999999999,0.030340000000000006,0.02422125,1A1-106
2023-07-06,0.017254828074433654,0.023384470642625985,0.01725751704808137,0.07151080559408231,0.033427202380952384,0.01661561517568192,030172
2023-07-06,0.014109386880301231,0.017846645175003555,0.011545243881455088,0.055777550658920275,0.019149304793619305,0.008184719832385268,040707
2023-07-06,0.014195853966927605,0.01905221996217785,0.01358962397748263,0.057000650123141865,0.02123153267657665,0.010749939968334938,1A3-001
2023-07-06,0.005563446675459077,0.009439520668708285,0.005343749427188697,0.027703197488571734,0.007829490351622314,0.0037664053855439163,1A1-059
2023-07-06,0.016585208814888838,0.022511029236321322,0.016171911172584517,0.06196122175910049,0.024733283661660985,0.013333397072639691,040576
2023-07-06,0.010547932165043324,0.023039455479714692,0.01778783917478334,0.12321050329779891,0.05759563405936037,0.025996193726512757,040887
2023-07-06,0.01587290890211933,0.022840665487508297,0.017606359559079,0.0703211126859543,0.032477189760272876,0.018284425081330345,040852
2023-07-06,0.011637945461337314,0.015876653903623462,0.010769445741501682,0.053913781751961175,0.020835755509899148,0.009803278389988792,020058
2023-07-06,0.015437965424936985,0.021831993266922183,0.015529417883293331,0.06166206857598761,0.0246846016448693,0.013338873532964503,040576
2023-07-06,0.006033450908674315,0.009714139539627372,0.0056155421030277914,0.027825689916285725,0.007840189321120811,0.003761707508578196,1A1-059
2023-07-06,0.016662595402271697,0.024898186589368775,0.015936618001275184,0.07372050027156592,0.028635311710392707,0.0137768526696106,1A2-078
2023-07-06,0.010024150149621535,0.025487849527665318,0.01903412216159123,0.1032455867511588,0.05261361426978821,0.02807901076688372,1A1-110
2023-07-06,0.008557191263194408,0.012295328311611078,0.008362880098121809,0.0282992721393528,0.008619431835076066,0.004061814138460773,020059
2023-07-06,0.012055936603443994,0.015863629501355628,0.0105970564909897,0.042031522575773195,0.014991991408226013,0.00741074279570804,060182
2023-07-06,0.014260596677236096,0.020955613191967228,0.015186782434931953,0.057615732758620655,0.02132807851103184,0.010173958250759669,1A3-048
2023-07-06,0.012251778333270517,0.018019434512590474,0.012204386497285889,0.04470472057825693,0.016345269903498164,0.00858303156099216,040850
2023-07-06,0.009265253437344162,0.024483991860796476,0.0190139740507231,0.09009009065327353,0.04431737408278121,0.02319762778727649,1A1-110
2023-07-06,0.007097407327902878,0.022302404871340394,0.016649394262204752,0.09299157674576651,0.0471828830171179,0.02595970675072547,1A1-103
2023-07-06,0.017552460640757456,0.027515502036771992,0.01866404739623471,0.047669511174722005,0.02048662556424089,0.012222795331938782,1A2-076
2023-07-06,0.016434921318577784,0.02067602144975197,0.013389719984665541,0.05711178207532355,0.019114247134028605,0.008793305566589384,1A1-105
2023-07-06,0.014941171309938387,0.022433208545405838,0.01660320117867667,0.09850560474149479,0.036952582373426204,0.016925436646129118,020197
2023-07-06,0.014583229321519892,0.020656570880656477,0.014417025777487059,0.083095011000773,0.03148479767497173,0.013746798923708147,040186
2023-07-06,0.010949561643835613,0.020081653846153843,0.012621712328767121,0.11970063277133829,0.04678117492096945,0.019697662276080084,060315A
2023-07-06,0.01604223677403859,0.0204799929101272,0.013236157127285162,0.05711973564243026,0.019212485081244856,0.008840901984240621,1A1-105
2023-07-06,0.016415378819589786,0.023695566136458755,0.01273587693595646,0.036587133737965696,0.012935193595646707,0.006055387191293424,020138
2023-07-06,0.014037234831790802,0.02171065728906518,0.018461918980461293,0.04702075314627101,0.019137280250722293,0.010554271828020172,040704
2023-07-06,0.01273348453378829,0.02254761188586404,0.014698102267388654,0.08690367177261825,0.03731669825433325,0.017464616682738656,050215
2023-07-06,0.007513582474226793,0.022936262886597933,0.017486372422680405,0.07730192010309278,0.03241036726804123,0.017274735824742253,1A2-028
2023-07-06,0.011738867432418544,0.016443583487511553,0.00966572669339089,0.04479488076883545,0.0167844263285024,0.0074715410114091834,1A1-107
2023-07-06,0.01716855501143345,0.02513204307518526,0.019119493518748105,0.07242667217676374,0.03463980611345289,0.018415348582527448,1A1-029
2023-07-06,0.010647075774154717,0.015829487033592295,0.009935398703359223,0.049249119159645464,0.017955267425320044,0.008096010395010391,1A1-071
2023-07-06,0.012898074716061124,0.01953362341678063,0.013308803740262826,0.08260464039364927,0.03132776624843908,0.013704357644050662,040186
2023-07-06,0.011370605874683628,0.023444976608635627,0.01807892073778664,0.12345339711634322,0.057515751399647194,0.02597789132602194,040887
2023-07-06,0.010195917673716012,0.021458912386706948,0.014061370845921442,0.09659730362537763,0.03330148413897281,0.015096401057401811,050707
2023-07-06,0.019855488580342015,0.0259283907718379,0.022060040633184404,0.047249172546603005,0.02437847683330764,0.016736361558311503,1A1-052
2023-07-06,0.011033638040042147,0.019952250263435195,0.012346109589041096,0.12004339462592203,0.04683037355110642,0.01974245626975763,060315A
2023-07-06,0.0217835848474411,0.02825072146158042,0.022586881799133176,0.04807257527483569,0.023828971052556054,0.015968739487356134,050706
2023-07-15,0.01631768377393151,0.026609653692700724,0.019388511581847945,0.0599314081919688,0.021856779256006216,0.012242700637216915,050706
2023-07-15,0.015513560203943386,0.03307454088104533,0.025737803082550276,0.10118964611633147,0.048359653136122345,0.031125312473060045,1A1-052
2023-07-15,0.01483425382653061,0.022106836734693873,0.01302712372448979,0.07942380102040814,0.02572198341836735,0.011940089285714283,030171
2023-07-15,0.01034563568561375,0.01703137506814014,0.010659502824718756,0.04567372553149315,0.01242817433966004,0.0058018395361514406,020059
2023-07-15,0.023154551067392216,0.03191204060276266,0.019855504395144403,0.06516856634575136,0.026662492674759303,0.01419414817915445,020138
2023-07-15,0.017824638066604986,0.02423291255524719,0.015673145364374544,0.07096404499434679,0.028669081740158284,0.014462055709733777,1A1-107
2023-07-15,0.01851774794546134,0.02357635085917071,0.01593715493089279,0.07252019237952935,0.02756703539409788,0.012881321441912588,020058
2023-07-15,0.01383658951687471,0.024176239886731395,0.014552730582524272,0.09334170220758209,0.036083164586222835,0.016586347954230224,030172
2023-07-15,0.01577890015318963,0.024350997401247413,0.015278245486377075,0.07761289298610355,0.0268884036546668,0.013051339479155263,1A1-071
2023-07-15,0.018452526655095464,0.029867810976113737,0.02013859554508636,0.10107037692509016,0.04408069203377688,0.021315339766371868,1A1-029
2023-07-15,0.02206832450832072,0.028195097890896144,0.017960651196938678,0.07152282237251936,0.028312598780813384,0.014523417949630687,020188
2023-07-15,0.011647894662141698,0.028282013366723816,0.019258090148112646,0.07924970478401293,0.030792334130248275,0.018285146504087597,1A2-077
2023-07-15,0.013135982217214515,0.020158326066722188,0.01516066685445549,0.05899355582227013,0.023554571351589674,0.012561741047371771,1A2-028
2023-07-15,0.02560754687918564,0.032804487677471204,0.024339740155371013,0.12591620948298957,0.04998190999196355,0.023819501741226896,020197
2023-07-15,0.016090117918938135,0.03715391532353638,0.028921595757288438,0.13158842972268303,0.060709532768428526,0.03531086780042663,060182
2023-07-15,0.021381295597484282,0.03604343081761008,0.027227576519916145,0.13606477044025164,0.06201634486373167,0.03386193710691824,050707
2023-08-23,0.00804211907270811,0.01625598366701791,0.010678276606954688,0.1043921622760801,0.0419202818756586,0.018034199157007377,060315A
2023-08-23,0.007727138970280444,0.016523397865215568,0.010273594600251146,0.027382862076182495,0.010865852867308495,0.005116069485140221,020138
2023-08-23,0.009140564448527672,0.012821696313011733,0.008915662289849035,0.03789285612497395,0.012752275498092127,0.00566150047948282,1A1-106
2023-08-23,0.00918305706339383,0.012785341761486489,0.009444005025575257,0.0397084950489882,0.013943296113753965,0.00646727243240825,040576
2023-08-23,0.006755979283790275,0.009679148970057333,0.0070587277860982844,0.025131277439058474,0.007327997786992427,0.0033681316432140006,1A1-059
2023-08-23,0.011329905234458005,0.02026535336099918,0.014820693410316563,0.08432845328882722,0.03697482528417634,0.016683569244802635,1A1-110
2023-08-23,0.011457242969729529,0.01908074243238402,0.01321350438832168,0.054662471789360546,0.02256799659681175,0.010864965968117495,1A1-087
2023-08-23,0.005127649343691397,0.013891486070184837,0.010290297347977496,0.08548035092418965,0.033640243102062685,0.015250957005089737,020197
2023-08-23,0.0071749540581165635,0.012644967676068989,0.007969496335290956,0.04591982117084464,0.016174864734990323,0.0072677147280067605,1A1-089
2023-08-23,0.010830981058261668,0.015886140684322834,0.010420917757475544,0.041093987880243495,0.01401276888400321,0.006119501953756475,1A1-105
2023-08-23,0.007345104625550658,0.016234542951541846,0.0109800936123348,0.0760624834801762,0.02753291299559471,0.012191101321585894,050669
2023-08-23,0.009448145748959967,0.019337663443259753,0.013950856510179896,0.07307057463426736,0.03391992578587764,0.015406147615505407,1A1-029
2023-08-23,0.0022296395679223986,0.005105261475530296,0.0037193466173516838,0.016322311149757494,0.006704682922647326,0.0034016302111399568,1A2-028
2023-08-23,0.0032462465258781027,0.00833275413064887,0.005122020653244331,0.035633542373345005,0.015039907840026259,0.006775439271255054,1A1-071
2023-08-23,-0.00845910920986412,-0.0004359323100151017,6.758964519375521e-05,0.01917331152491192,0.009780943948163057,0.006776876887267232,050707
2023-08-23,0.007294462840961624,0.013403737864077668,0.010603972780859916,0.054440314089227934,0.028391330039297273,0.013361051202034211,030172
2023-08-23,0.007380063036981697,0.010608272319760925,0.00790045199850579,0.04341658386253271,0.021478589839372432,0.01050299775868509,020058
2023-08-23,0.003804268185416478,0.008802063615973254,0.006190690803940538,0.03967215608232913,0.015637895043539445,0.007529834857947045,1A3-001
2023-08-23,0.010289595213473182,0.023904390604225143,0.020000735337568323,0.14151050709115082,0.06789965763037377,0.034606773895700986,040186
2023-08-23,0.004173174215768868,0.006948764928886465,0.005278156623222159,0.018793655037415136,0.007432501362802911,0.0037466169037117776,020059
2023-08-23,0.00387035903182565,0.008110103856441852,0.0052047236105466745,0.029156628630957096,0.01060515134926942,0.004773773071627431,060182
2023-08-23,0.005025618622448976,0.010082748724489787,0.0077721874999999935,0.04168010204081634,0.018290299744897952,0.008546454081632647,030171
2023-08-23,0.006560732984797454,0.011651882586819262,0.008349665016450757,0.035179116925821145,0.01295273082153781,0.006255721896887787,1A1-103
2023-08-23,0.004886476881419783,0.009212051976336936,0.007871531182858993,0.024923570797892685,0.010881539202990257,0.005674537186920563,050706
2023-08-23,0.008773520642023956,0.012862458351430173,0.008608023476763664,0.03751903308618232,0.012217350701123035,0.00516112020692436,1A1-109
2023-08-23,0.011856462594771753,0.021462407844337374,0.0173603898475754,0.08381723908150361,0.040076420391723204,0.021142211044858604,1A1-017
2023-08-23,0.010886431666538838,0.02243682606028068,0.019876932280082815,0.12311894911419584,0.05919511369736939,0.027301698174706644,040887
2023-08-23,0.008342618845718975,0.013057937480727713,0.008729258274231677,0.03736410743652997,0.015344213819508686,0.007393477361496552,1A1-107
2023-08-23,0.004533918868433214,0.0093032369627176,0.00718700774148821,0.030517542770759503,0.012530123863811422,0.005986156331844084,1A1-052
2023-08-23,0.003365943653287716,0.009949798520227534,0.005078837364254743,0.01874473586857075,0.007522368630414886,0.003701307132344162,1A1-102
2023-08-23,0.007445360416481264,0.011844929696538215,0.006098787932722256,0.030734096511524436,0.012463162098424845,0.005741354009077153,020188
2023-08-23,0.006452280356275492,0.012104196536730696,0.007416293337195731,0.028572531386731742,0.008251163440212081,0.003765261700774625,040826
2023-09-01,0.011360895237623266,0.019140785470043123,0.012431479136726292,0.04781809864215274,0.012664921824669209,0.005667219138708554,020059
2023-09-01,0.011348329768495218,0.01653805171112229,0.012599437908907893,0.06009950836688477,0.025796171678409658,0.013284903434826372,050707
2023-09-01,0.014400983681161167,0.022413694532988526,0.014370764720033699,0.08854732321926191,0.03668782829133334,0.01678943936569032,1A1-110
2023-09-01,0.007852052170895626,0.014887864920082983,0.008194177690515472,0.04360786867338486,0.013878082346026114,0.006558408033482286,060182
2023-09-01,0.014763139793034015,0.017289675811910845,0.010543641133581635,0.03454149850174093,0.010797847571849716,0.005313271512453139,040874
2023-09-01,0.006950177919426894,0.013347065571560615,0.007053267755353556,0.04095817323987054,0.01469083923894624,0.006999936142350939,1A1-052
2023-09-01,0.010100611134647965,0.01594878291095361,0.010427788688183627,0.04353679329071018,0.015487376675396692,0.007206729490833458,1A1-052
2023-09-01,0.016177159246873244,0.026145265749743837,0.017794349664611138,0.08746439373876401,0.03713355628153328,0.016133457791266338,1A1-029
2023-09-01,0.021595073667291725,0.027665295338869543,0.02001375368336459,0.10217450843825344,0.03984859831234934,0.018022836190731313,020197
2023-09-01,0.010609592821996377,0.019009443105110886,0.011656777563484403,0.08069817842395471,0.03597505415028558,0.016240229211482833,050215
2023-09-01,0.01570267545516802,0.020919717748600845,0.012144275981769662,0.06457942481167502,0.02547922515172268,0.011161318688454904,1A2-078
2023-09-01,0.007535083322715391,0.014146070118495961,0.006466672942415113,0.04649816636377655,0.014225376947270281,0.006755700765831308,1A1-106
2023-09-01,0.014039095017151898,0.01683255222534963,0.010501522011610516,0.050342049652563996,0.016798128243469077,0.007660556007564424,1A3-001
2023-09-01,0.0145615187253243,0.016590986773829648,0.010472694021432591,0.052375838719684126,0.021058103525098695,0.0099700179075014,040852
2023-09-01,0.01212594506242236,0.017564428029406557,0.010250918677149272,0.04491168127995384,0.014403655016714981,0.006657991446512046,060182
2023-09-01,0.014951116575973209,0.022588881331100874,0.013591105064880699,0.03963337588949351,0.013869876517371284,0.0064830169526998715,020138
2023-09-01,0.012486067046354113,0.016464275002198953,0.010964096006684843,0.05052815419122178,0.016942110783710076,0.007697905598557479,1A3-001
2023-09-01,0.010427054745091953,0.013852436137192512,0.008267907193295565,0.03424108231163189,0.009523164293474037,0.004129318091875527,1A2-077
2023-09-01,0.02133172308794555,0.027700384202041906,0.018157337452982265,0.07165368395128066,0.029066306197384924,0.01417869872828228,1A1-087
2023-09-01,0.01986298596805631,0.0229016311788126,0.013388977949802787,0.05253708506923598,0.01614148247623622,0.00728142033015252,1A1-105
2023-09-01,0.012804125582591008,0.01681080744039968,0.010235094891082026,0.03931103551709493,0.009830711403695045,0.004412043273798214,1A1-059
2023-09-01,0.019055414996402502,0.02216467596875321,0.014633107462226338,0.05093166589577551,0.01863580326857846,0.008347093354918286,1A1-107
2023-09-01,0.013506570672597586,0.024860126735179074,0.01969339155610092,0.12539842261676507,0.06061150816780426,0.028596857696142324,040887
2023-09-01,0.010618181212458727,0.01788967828871474,0.010230083237201162,0.033709006523728074,0.009489237240940364,0.00433138191654401,1A1-102
2023-09-01,0.0063233635640568015,0.011706260766664058,0.0069871096841778455,0.033449557111818115,0.009342310661907341,0.004096948669201515,1A2-077
2023-09-01,0.013048534544619532,0.018037042753810403,0.014644495967163242,0.039194667685639666,0.01554901618875398,0.007779139398375385,050706
2023-09-01,0.012915930850334531,0.02273617949298014,0.01534860250767796,0.05951453418065151,0.021500587329987914,0.010557660311780178,1A1-071
2023-09-01,0.012999409185577498,0.016542564106792817,0.009277534586097706,0.040330999156551556,0.013098718830104038,0.006121547021072071,040850
2023-09-01,0.021929424668505827,0.024288059312983876,0.015121533772359171,0.04916767420129927,0.017047779434012634,0.00759126924446026,020188
2023-09-01,0.015635322655958163,0.023291935935748968,0.01568472403810235,0.07244942379529325,0.02745430799402317,0.012883196208442282,020058
2023-09-01,0.0122445025510204,0.0239890306122449,0.015972289540816312,0.07785736607142857,0.025222168367346937,0.011544005102040811,030171
2023-09-01,0.01473437535604758,0.01785381785388201,0.009717258492465457,0.03831791351751559,0.00980100700486956,0.004428464127966416,040826
2023-09-01,0.012135778689838908,0.019564710263413904,0.01284874038357575,0.0482349965776706,0.016298617830289106,0.00788329587707838,1A1-103
2023-09-01,0.0139660745603292,0.0176239894919904,0.01291551205114388,0.04309136726595797,0.014303050262087882,0.006711387841081661,1A2-028
2023-09-01,0.012792724225612577,0.02497063453536755,0.016667967521960245,0.0848311355755895,0.0337399370087841,0.016085038719371246,030172
2023-09-01,0.014825722866174923,0.024176841412012633,0.014734488935721806,0.12237576554267647,0.051171206533192834,0.022493308219178082,060315A
2023-09-01,0.013074840108488242,0.017197353723119143,0.009988784813790437,0.056714393237709305,0.022046701400055754,0.00991610653716687,1A2-066
2023-09-01,0.013030532876135486,0.018781577452926655,0.010468590657522703,0.06177555919509108,0.02052190675569993,0.009211554292245674,1A1-089
2023-09-01,0.010765151148730345,0.02107088321241433,0.013732772067714621,0.07713328546956863,0.033009359129383305,0.016719994961708978,1A1-017
2023-09-01,0.014480019558918228,0.020085077055162076,0.012649596775059028,0.07637145020390651,0.032629390346640905,0.01474750501717107,070859
2023-09-01,0.016924000143482016,0.020135628858503462,0.012474098273562086,0.04974554298256497,0.014573723358875728,0.006338299834801762,1A1-109
2023-09-01,0.010436291555617897,0.020124203254313355,0.011797389185018933,0.08461436106045729,0.030338021110955266,0.013774229906017668,050669
2023-10-03,0.00729722349974037,0.01709181261281307,0.015149277563484397,0.06474482821501862,0.036435811574314435,0.017053267870830547,050215
2023-10-03,0.0056234552291318475,0.011618325820212848,0.010042480759081707,0.03534567486146538,0.017615845061131133,0.00885354901486498,1A3-001
2023-10-03,0.00590781047769668,0.009524091982318291,0.007574184582155117,0.0186983087955874,0.00926363728191258,0.00506094642398095,1A1-059
2023-10-03,0.00907380351572631,0.012953992919994951,0.009799881944490638,0.033430571604823336,0.01755634407028792,0.008780179976455416,1A1-089
2023-10-03,0.00700894077502538,0.016719652041466932,0.013361405707606197,0.05672498465062459,0.030575811509670103,0.01439841488180981,1A2-078
2023-10-03,0.003972910588189645,0.008531616124776901,0.006881294754403662,0.020710088538837598,0.010448581011872425,0.005428717312019866,1A2-077
2023-10-03,0.01267522030063655,0.022643285911496263,0.026915110054452022,0.10124999750747754,0.06683017581869774,0.03317702814633023,040887
2023-10-03,0.006996310913705576,0.012045196446700499,0.011491930569655947,0.035604475296108266,0.02158772901861252,0.011151955809362646,040852
2023-10-03,0.004554284181633125,0.008372036138145526,0.006477768680034999,0.021420871298393273,0.012319157567331256,0.006926610229406458,1A1-103
2023-10-03,0.008130706693218841,0.012852870954671625,0.010751288039448949,0.03820250456904428,0.01960416955464749,0.009818517000293101,1A1-017
2023-10-03,0.005515525181707078,0.013385766814605172,0.010970192427263567,0.047245552625372514,0.0257472258313501,0.012413507589888715,1A2-066
2023-10-03,0.005189129487188071,0.009079343343235928,0.0070662640072693605,0.025535514186656276,0.014702254524909631,0.007931218389340052,1A1-106
2023-10-03,0.008017441264889921,0.014566907371456581,0.011291925654025942,0.02609049791729491,0.014852510649125445,0.007882003142905604,040850
2023-10-03,0.013014536354056897,0.020860086406743944,0.023422379346680716,0.09810605637513174,0.05160965331928346,0.023814930979978922,060315A
2023-10-03,0.004081873557702617,0.00928373112943469,0.0055035395562552086,0.016230682534620053,0.009490061354330668,0.0053641051465266884,040826
2023-10-03,0.008437575640854554,0.013715151221050832,0.010744623099879905,0.022112825310267023,0.011980019956568694,0.006540396250106151,040874
2023-10-03,0.0067822899763897776,0.017021873363382695,0.01478615435179223,0.062072580543035036,0.03590371246512131,0.01730063033912858,070859
2023-10-03,0.008564450853030228,0.015566629297728602,0.015126531825745264,0.053102001894508956,0.030898725727230836,0.015539497794751507,1A1-110
2023-10-03,0.007286868424744001,0.01676091737971665,0.014840816383784533,0.06870339107869267,0.03121684072099873,0.014649199747510165,050669
2023-10-03,0.004516927972017122,0.008208663697493332,0.005644503048023823,0.023792928371440102,0.013155424764999684,0.006918439012378227,1A1-109
2023-10-03,0.005474158291228687,0.010596429819187587,0.00828836221014515,0.02871142093323708,0.01571303578035629,0.008460832731838395,060182
2023-10-03,0.006484905754121081,0.012255631836388836,0.010184186180865813,0.026811171487444153,0.013919721826374968,0.007281078839932206,1A1-052
2023-10-03,0.014800007612394762,0.02328567615977073,0.017717889127709118,0.05019150277628514,0.02884877395665412,0.015123939190399421,1A1-087
2023-10-03,0.008203069545416743,0.013671235716331182,0.010185330960804777,0.028061289179052762,0.01566477118417042,0.008036089854322739,1A1-105
2023-11-20,0.002658079092702165,0.006977479684418144,0.0032119410256410195,0.01745853353057199,0.012689456410256404,0.008876897633136092,040850
2023-11-20,0.0009025567751247949,0.005483783214049434,0.005155264699985969,0.023988609901565715,0.01608391917764279,0.010809553146488625,1A1-110
2023-11-20,0.0018146990500344945,0.0027622183896271594,0.0007755848190771686,0.006117008179735139,0.004940980196492546,0.0035915623604232936,1A1-103
2023-11-20,0.0003772943359496144,0.0015033292873983975,-0.0014748437596947357,0.005373384818824835,0.00528886480501954,0.0037162261509586137,1A1-109
2023-11-20,0.004645361005502156,0.011164194866224287,0.007219268661298318,0.04957701011878056,0.0294112173235412,0.01655250838312042,1A2-078
2023-11-20,-0.004517849278393419,-0.00040954308286978396,-0.0015936676558188504,0.004972080805702769,0.006774226654548637,0.006045996698567732,1A1-059
2023-11-20,0.05242758940785614,0.06288781659175297,0.07278279436193083,0.13628987663670122,0.09205509746922019,0.062450874535860845,040887
2023-11-20,0.0018819865038382261,0.004297439031712742,0.0004186495524373427,0.00828210146601018,0.007133109382649909,0.004910219855338881,1A1-105
2023-11-20,0.0012045588235294088,0.00897273109243698,0.005642457983193267,0.09142997899159662,0.04601014705882352,0.027805840336134455,1A1-087
2023-11-20,-0.0013093543919732644,0.002172134283708605,-0.0017891349768843533,0.0017886549086241614,0.003574383727111983,0.002743362291533262,040826
2023-11-20,0.0043596086489110794,0.005317881987793035,0.002102911118046882,0.014515254889721179,0.009002496705507007,0.005888849354972945,1A1-052
2023-11-20,0.005011360873480411,0.00818574505263609,0.005629515072575622,0.036950947288866005,0.023038003258935263,0.013560597382131587,1A2-066
2023-11-20,0.003206115116008379,0.0030729410258399895,9.043260650263837e-06,0.004623431229145649,0.0039103835648327725,0.0025394939473888396,1A2-077
2023-11-20,0.007289753356575921,0.01104054854981084,0.009555310560541994,0.04578466310609994,0.03252287701209106,0.018509768315901377,050215
2023-11-20,0.002112778121415233,0.0037322274455115875,0.0011494102993769501,0.015568781292876574,0.008477024955577037,0.005386076666141832,1A1-017
2023-11-20,0.0022746981501632194,0.0040343885382662275,0.001065318171926003,0.006835438193688787,0.005071340224882119,0.0034515353645266623,040874
2023-11-20,0.0019400221693093725,0.0032653041251896153,-0.00016124966981880063,0.010384521633472438,0.006857275288106688,0.004419814117416203,1A1-089
2023-11-20,0.0019435723062889015,0.008738858311869496,0.007161737443657434,0.03902073889246622,0.022995177049796107,0.014220036542176436,070859
2023-11-20,-0.0008948663373926795,0.0026932662738741826,0.0013690806794287669,0.015440257140353943,0.00992071753986332,0.006743090010075345,040852
2023-11-20,-0.0005220481449495389,0.0011741018511248911,-0.000819695528338267,0.008832093899662401,0.006956750935594456,0.004824999672869063,1A1-106
2023-11-20,0.005239006499378318,0.014993735192720691,0.013922715101164242,0.04349577899287895,0.04745389996609022,0.050044748106702855,060182
2023-11-20,0.017519877261888056,0.024661487235236344,0.022873478047411976,0.08019262799831671,0.034381080446065346,0.022620859166783552,050669
2023-12-22,0.40353980919379656,0.4077040810211859,0.4226761853115854,0.41957691744685244,0.03514438830841906,0.03984572475387505,1A1-017
2023-12-22,0.31357464705596183,0.3328632737179595,0.33614477599705306,0.26686472982819776,0.020722533923279943,0.021600391392878573,1A1-052
2023-12-22,0.4678439157527416,0.49999380531482457,0.5359197196870925,0.5286652939259143,0.05191373207301171,0.0552361365902293,040887
2023-12-22,0.43634320867911475,0.45464009063779565,0.47347935679915404,0.46689011371175043,0.043204207097005225,0.045518253264732605,1A1-029
2023-12-22,0.09390897135416673,0.1009882561284477,0.10413770069113251,0.11036106230538988,0.01159629451093603,0.013466934804835509,1A1-110
2023-12-22,0.41939345888582363,0.43400423800836535,0.4471312627925605,0.48348669351250334,0.055802795007564306,0.05238994882975886,020188
2023-12-22,0.14096908733531668,0.15874280496196505,0.165085736543238,0.15364531140232368,0.00758203107535126,0.014853438749965356,1A1-105
2023-12-22,0.30070659725953797,0.30284946444563854,0.3061252203116604,0.3635838326168727,0.04934161337990328,0.041861293211535006,1A1-087
2023-12-22,0.24520735531441304,0.2678619612955437,0.2770362131574467,0.23392326932875576,0.008450795684771147,0.014221401569835848,040874
2023-12-22,0.11831088647959183,0.14792972576530614,0.15557215561224488,0.19325342474489793,0.043816294642857155,0.0455311543367347,030171
2023-12-22,-0.0024355921136431213,0.0038007247356960415,0.0025180651676806123,0.02045677135205956,0.009740637832313326,0.006288788766096311,060182
2023-12-22,0.3268788722207339,0.335909089874096,0.3446962496651488,0.3752684040985803,0.05632621818912403,0.04812921443878918,020197
2023-12-22,0.3930544767849627,0.40856998527142646,0.4205141545097489,0.47478683756487583,0.07143379506242109,0.06364319048954972,050669
2023-12-22,0.5510191086030028,0.57402491030279,0.5971684300510433,0.5879491705485902,0.058171568586153924,0.06002702884186535,020059
2023-12-22,0.008400934986739578,0.012137019283579641,0.008229534094174087,0.011660643777222045,0.0033476086392515538,0.003537380456346299,040826
2023-12-22,0.29182343981413383,0.3172022776889825,0.3253387364234079,0.25153606320830085,0.007601735942948464,0.019251241645679967,1A1-052
2023-12-22,0.07163416981065635,0.07333331563150214,0.07453540272746007,0.0783431102074104,0.008421801453409214,0.008667589616150847,1A1-103
2023-12-22,0.5687549432497011,0.5940260238948626,0.6207822162485065,0.6039734605734767,0.05925537933094383,0.06068747550776583,020058
2023-12-22,0.3824521541419684,0.3966701903198941,0.4097273312349974,0.41761891111056687,0.07087010973399305,0.07107092318620487,1A2-028
2023-12-22,0.13767695576888792,0.15448420899266213,0.16175149629989533,0.19325119606606825,0.042166371498157905,0.033087555510224236,050215
2023-12-22,0.15962829196217496,0.16508351063829793,0.1636350472813239,0.23322910165484634,0.04138026595744681,0.03291508274231678,060315A
2023-12-22,0.18530021425495272,0.19776978448894642,0.2036520309359748,0.18309289118575953,0.013256710630203845,0.014373322746195813,1A2-077
2023-12-22,-0.0002096342027407371,0.0021585582946844956,-0.0007831044797659466,0.016443792565648343,0.008376186147427533,0.0057716676615870936,060182
2023-12-22,0.460625173454604,0.48564291154217676,0.5098913018619877,0.5170093209379699,0.042312365233955845,0.042738348733633816,070859
2023-12-22,0.48206312972563053,0.4973487107162997,0.52302655911912,0.49659393948110553,0.036087815482233464,0.040744104004512095,040852
2023-12-22,0.21956459407956566,0.2506139226713285,0.26155198365877574,0.23143772810803695,0.0012187416361957152,0.01841618405552624,040850
2023-12-22,0.09465411006098998,0.0975798861512575,0.09735211387534688,0.10829344557474747,0.012516386936077102,0.012113218459225953,1A1-089
2023-12-22,0.3002298359812183,0.3152314530134431,0.32383694303295374,0.3406186687142212,0.04088776382367443,0.0340608665658969,1A2-066
2023-12-22,0.21912191604995368,0.2358578792784459,0.2404900492085517,0.272764641664097,0.0362592541628122,0.033331449660807914,1A1-107
2023-12-22,0.5801148702643774,0.6069215494685202,0.6342761824747888,0.6490157582447534,0.0852004672935405,0.08562466135186701,1A1-102
2023-12-22,0.15557880529618864,0.16706102893004754,0.16848230074238488,0.14352686568192247,0.009523859635695702,0.008526533177713139,1A2-077
2023-12-22,0.07581051577669903,0.1007850418978271,0.10892904993065186,0.13631751155802133,0.03048963534442904,0.031754594024503015,030172
2023-12-22,0.23074781407183506,0.252854411882778,0.26165311633645844,0.29123872771388754,0.03505618343684321,0.02664199972843414,1A2-078
2023-12-22,0.39892598167539267,0.4041519633507854,0.41330689790575925,0.36511052356020945,0.04734493455497383,0.048296989528795804,1A3-001
2023-12-22,0.1949862086099969,0.21137385924111943,0.21531632891766903,0.22382712784607608,0.027284860161505924,0.024524395421076855,1A1-071
2023-12-22,0.060429955446457524,0.06654625930469082,0.06836631571961858,0.06628737937432243,0.006257766580791544,0.005560742964200685,1A1-059
2023-12-22,0.12318467591497553,0.15449252592012533,0.16062685692235543,0.15558800020982116,0.010040707017435,0.01682017386532853,1A1-109
2023-12-22,0.009220036703062323,0.010305581213661564,0.007812700192463733,0.017128916569987718,0.006459390520322694,0.005184948396917892,1A1-106
2023-12-22,0.2856711333193805,0.2939974550020929,0.29579822101297604,0.30079824612808703,0.036587780452072,0.034200094181665974,020138
