DATE_SMP,Aerosols,Blue,Green,Red,RedEdge1,RedEdge2,RedEdge4,NIR,SWIR1,SITE_ID
2018-03-25,1.1180658844235853,1.2863550601349367,1.221483504449008,1.172702742739807,1.1837950083113329,1.1157470030311922,1.0226438007235747,0.9429825608682904,0.14427170724552665,1A2-076
2018-03-25,0.19561339449541287,0.1625318899082569,0.1668906422018349,0.16486785321100922,0.1793481467889909,0.1940634862385321,0.1968742201834862,0.19855845871559633,0.12145946788990826,040186
2018-05-16,0.11337166626739544,0.1146428054968748,0.11373302698347011,0.11197456497593483,0.11538431735522788,0.11913936450552089,0.12147344992050874,0.12253067055774539,0.11978984036413536,1A2-028
2018-05-16,0.11864690991840801,0.11906286747901859,0.11819974180435483,0.11478742426747322,0.11986557294148538,0.12778707952036913,0.13144257359305245,0.1321901564733684,0.12555335848836421,1A1-071
2018-05-16,0.12307887904389034,0.11739275705749024,0.11476609313826497,0.11141553678137235,0.11695602719967028,0.12238023902740569,0.12509600247269734,0.12644092314032562,0.12553780135998352,030171
2018-05-16,0.12015194001428227,0.11939389431087832,0.12084416805522491,0.11830359438228995,0.13294285884313256,0.15175170197572,0.16183638419423949,0.16567481552011426,0.14177702927874314,020197
2018-05-16,0.11714900207039333,0.11488878674948239,0.11197243064182195,0.11021836853002069,0.11497892339544509,0.12193163561076605,0.12513190890269155,0.12724757763975153,0.12261706004140785,020058
2018-05-16,0.11640831905316804,0.11700158566956845,0.11651865789293302,0.11222455046039256,0.11757002307674717,0.12591677976557672,0.1289775538647839,0.13072919094294785,0.12153560216601554,1A1-107
2018-05-16,0.11768295629593771,0.11728962413626158,0.11331250165045544,0.1117431120989393,0.11362897099599491,0.11575529466132654,0.1172063663571146,0.11748922362572072,0.1148809075304784,020059
2018-05-16,0.1160183856776616,0.11543520744996531,0.11309752320465997,0.1109275922832652,0.11509354980818301,0.11849862087532183,0.1202924246039758,0.12156026787080036,0.1192537583288974,1A1-029
2018-05-16,0.12248421863762465,0.11893717250590778,0.116523934038837,0.11428919141066474,0.12034133360731535,0.125430900030823,0.1292178670502415,0.13078037090311315,0.1317263896023837,030172
2018-05-16,0.11618402104680153,0.11756000712109828,0.11776659809312814,0.10968534636230565,0.11283060489773311,0.11892641531827353,0.1225998931835265,0.12304444356529645,0.11936514618032197,020188
2018-05-16,0.116958495958332,0.11994282307978493,0.12120154902424993,0.11390171982277547,0.11512449859640814,0.11653049007339253,0.11902918118172282,0.11860755064768141,0.11462055501065381,020138
2018-05-24,0.12502994524298428,0.12201970763664811,0.12898412046543464,0.11762180502591182,0.12244637234770712,0.12893882370196533,0.12947026498484407,0.13217236726312703,0.12065804243668718,1A2-076
2018-05-24,0.10149999999999999,0.12981090909090912,0.13782545454545453,0.13562000000000002,0.1593181818181818,0.17774363636363635,0.22182,0.23207636363636364,0.1775927272727273,040186
2018-06-10,0.11567230482769766,0.11105026400769978,0.11301807755619718,0.10958599095087734,0.11601357278426935,0.13534397189914632,0.14226700128630665,0.14472130321756577,0.12854464383697192,040707
2018-06-10,0.11790553210010872,0.11434846572361264,0.11465827421109896,0.11155641131664858,0.11282016104461365,0.1163771621327529,0.11927277693144722,0.12115862241566912,0.11782544504896623,040704
2018-06-10,0.11842822341215122,0.11383651587848581,0.11523281730463358,0.11223829790054078,0.11729494817622726,0.12938777436114937,0.13566151587848577,0.13781887525182906,0.1259935823348532,040576
2018-06-10,0.11760532903099641,0.11569919820084093,0.12218628141194877,0.11412277794074516,0.11868981128385646,0.12705694240735313,0.1312286398748411,0.13374985332942213,0.12424307714872401,1A2-076
2018-06-10,0.12333534225503762,0.1202395262267344,0.12424446700507616,0.11851886786648214,0.12975093062605753,0.1598441932010459,0.1728507275803722,0.1752906598984772,0.14022785109983082,040186
2018-06-10,0.12018311276889271,0.12039166624086658,0.12665555669102246,0.12332557355270551,0.1373141382658014,0.1696762659036329,0.18450646875479024,0.18795898523325325,0.1609201164989014,1A1-103
2018-06-10,0.11677883136702463,0.11264280976697769,0.11540634501379343,0.11383363268181011,0.12070564653401422,0.1257410459587956,0.13076588307800668,0.13290682925397668,0.12475957034689203,1A3-048
2018-06-10,0.11716278751095835,0.11400146134327432,0.11984373926400062,0.11608903912358598,0.13046695717717166,0.15793113724973112,0.17121958442326768,0.17191415156202092,0.14343182756113734,1A1-110
2018-06-15,0.11670694077595822,0.11574776075600164,0.11552518048952279,0.11301990960849913,0.11889939249867924,0.11759666901449789,0.12200867817103955,0.12230390033456594,0.11931000469566243,1A3-048
2018-06-15,0.12597064103470215,0.12988587002615032,0.13058773941621307,0.12427372429146938,0.12460841755601104,0.12429005760124388,0.12580728143331688,0.1290016767969468,0.1271835624425755,1A1-102
2018-06-15,0.10981207453416142,0.10829580124223598,0.10690603726708076,0.10522473706004143,0.11107284472049689,0.12444421532091096,0.12910163975155278,0.13384232712215316,0.12145648861283645,020058
2018-06-15,0.11498588821534989,0.11274844857700611,0.11299753929929114,0.10857601458954073,0.11916344909072227,0.13695457721154833,0.14406307921504163,0.14798947395458756,0.13388899619849995,030172
2018-06-15,0.15655639989722256,0.1586524034268017,0.1623719405245684,0.155582500185945,0.17776963717011598,0.2302343018263205,0.25598971688991357,0.2579039951180918,0.20725373749940795,1A1-110
2018-06-15,0.11200074054984528,0.11310339592916395,0.11271443318519109,0.10970978712230994,0.11469475050812522,0.12458916356280819,0.1295705360355541,0.13140668926081164,0.12210507201275919,1A1-071
2018-06-15,0.11479348815128383,0.11712486845749098,0.11647973256319973,0.10964291648534233,0.11272245915258929,0.12207468845195234,0.12654542073822062,0.128985591644578,0.12198818293310124,020188
2018-06-15,0.11601263322577493,0.11970492813141688,0.1210014373716633,0.11342962256771291,0.11632960301163589,0.12052120856556171,0.12543275154004108,0.12654263224797108,0.11930298230175021,1A2-076
2018-06-15,0.12792441326237594,0.12575435315287722,0.13019633600061253,0.11933053907117432,0.12344502278035144,0.13510423255101653,0.13958675868141962,0.14340092269995028,0.1332182721390558,020138
2018-06-15,0.10641194982250592,0.10855186967789708,0.10776239083563825,0.10728111592656318,0.10987835224426692,0.11339979310495017,0.11832035629505412,0.11946045908922627,0.11666212731668017,1A2-028
2018-06-15,0.11475584174737279,0.11052531423861534,0.10794967030702657,0.10520996290954049,0.10951139501339376,0.12001516587677726,0.12543634865031938,0.12889664125283326,0.12113399958788379,030171
2018-06-15,0.11122885027374436,0.1128760533206379,0.11670329683408713,0.1107525946203285,0.1285552606522256,0.16460041656748392,0.17802205427279222,0.18241992382766012,0.1370002856462747,020197
2018-06-15,0.11732239342994133,0.11615222315172129,0.11454705093954358,0.11105980516501612,0.11544846137931658,0.12635494148653859,0.1323969389499061,0.13428169126840622,0.1245926698509503,040707
2018-06-15,0.11306172714868717,0.1133944981858453,0.11254263416484615,0.1106828221271805,0.11589462851129197,0.12201663760348033,0.12447273811927526,0.12835282953064486,0.12177671579874824,1A1-029
2018-06-15,0.11736572454963276,0.11952175762058209,0.12111841618680323,0.11590466215859263,0.12812636430873253,0.1571996698187965,0.17418152041840554,0.17457164932114727,0.13997733372074586,040186
2018-06-15,0.11232241978786146,0.11343202984023597,0.11032098939307258,0.10965755688570049,0.11109245411733644,0.1127988952951014,0.1152187535759869,0.11611630870120156,0.11388109018088992,020059
2018-06-15,0.11051927936573223,0.11157828957890649,0.11198288664975892,0.10708639157355994,0.1125816117165901,0.1260011721159778,0.13050055749765807,0.13333459684236984,0.12043367605730343,1A1-107
2018-06-15,0.11626297279651802,0.114779540805223,0.11165562785636562,0.10871763220892272,0.10791623721436336,0.10390974319912952,0.10612898367791078,0.1066064744287268,0.11124585636561482,040704
2018-07-18,0.15924126821159681,0.16158903881881304,0.1657213699031975,0.1654688178351423,0.17185798376845604,0.1809361591864672,0.17760292363351915,0.18885061112740778,0.17208753300088,1A2-076
2018-08-09,0.1276831445698123,0.12312022876143093,0.12977220668001868,0.12057017280949966,0.14109033635307466,0.18840086404749828,0.20213285643518464,0.20466541814268083,0.15394631982408974,1A1-110
2018-08-09,0.12374893021290079,0.11786891277933328,0.12245272861746517,0.11559544614084204,0.12747361720111985,0.16313301283744505,0.17613517354324043,0.18072641185482574,0.13976672037614235,040186
2018-08-09,0.12541429060330495,0.11975197027476284,0.1207853378312311,0.11403992862031881,0.1199799892441577,0.13776935073824195,0.13922388285909848,0.14180111958541117,0.12146033538672149,1A2-076
2018-08-09,0.12353851723920803,0.11811152278921659,0.11948273200744794,0.11342921175486413,0.11902032634410052,0.14055926905397984,0.14559220570112708,0.14746550719162377,0.12366365688893681,040707
2018-08-09,0.12338643090315557,0.11797998476605001,0.11809996953210015,0.11207635690968441,0.11457714689880291,0.12352522089227413,0.12414030903155594,0.12540305984766048,0.11367823286180628,040704
2018-08-09,0.12577368374713854,0.1206183365616012,0.12364501966308619,0.11787435287902794,0.12975415859599693,0.149937547690321,0.15429600281739733,0.15600462816223507,0.12981235546164227,1A3-048
2018-08-09,0.12611371927852438,0.12558460988196823,0.13090339788462516,0.1250554085125952,0.139125364059067,0.17559356190281541,0.18811801645291495,0.1919935465740126,0.1586184252209902,1A1-103
2018-08-09,0.12413733034672893,0.12027282499204738,0.1250501199501644,0.11682549438023546,0.12917411329657502,0.15105714598133818,0.1557729555455414,0.1569702994115151,0.13109283281200287,040576
2018-08-24,0.12338164088138766,0.12516915142991095,0.12554165963431785,0.11723461790904836,0.13228962025316457,0.17484335677449597,0.190221425222691,0.19499572433192688,0.14999954055321146,060315A
2018-08-24,0.12883848100295223,0.1289692359007782,0.12830526933251554,0.11947085918030903,0.12996735574895532,0.15095999616608538,0.15574136334010655,0.1565715216807884,0.12951381206149623,1A1-017
2018-08-24,0.13750222778600993,0.14138680701037248,0.14099584589443573,0.13230055694650247,0.14613906289918757,0.17974850033212408,0.19106413571100098,0.19299593275765162,0.15310856880077667,1A1-103
2018-08-24,0.13900073162973184,0.13730828583925356,0.13680240430495164,0.126122073481073,0.1396052347312054,0.16323004851023215,0.16666672675220015,0.16668510165942096,0.13197367458381934,040576
2018-08-24,0.12628406733849074,0.12604696854791383,0.12315918822168702,0.11633951639077864,0.12102369253290582,0.12999334332611165,0.13145488286568885,0.1309930811590385,0.11688829876790048,1A1-103
2018-08-24,0.1270713764887848,0.12830945177798847,0.13068435662406727,0.12129738415811911,0.13890075446011743,0.17203349703133983,0.18169502508927354,0.1834785379796005,0.147137954119417,1A1-110
2018-08-24,0.14161865711801247,0.1402196824282428,0.14099096732692293,0.12894023335875543,0.1480974540089378,0.1907624325547575,0.20243051055246306,0.2039968567131626,0.15014014426332306,1A1-110
2018-08-24,0.12725412659434973,0.13019364787221357,0.1312910001192037,0.12011558946239125,0.1283728420550721,0.15344304207891277,0.1625100102515196,0.16333812277983095,0.13447280200262238,070859
2018-08-24,0.11816426012386852,0.12104486231538829,0.120945560743211,0.1135367031919962,0.12034860219152,0.13120870890900432,0.13382146260123873,0.13733635731300614,0.1287409290138161,1A2-066
2018-08-24,0.13468627502773528,0.13617806276084313,0.13458990437952328,0.12370783453959526,0.13554690422103643,0.16972101801468634,0.1837450525648474,0.18419886681810965,0.13590230862697436,040186
2018-08-24,0.12791601102924846,0.127454330871553,0.12454813238644924,0.11501503163668499,0.11946836272397628,0.13309515386865992,0.1363548979971807,0.13654349962910747,0.12049900198892953,1A1-089
2018-08-24,0.12819208648453323,0.12837744972450096,0.1257453062514885,0.11551248285829259,0.11796460801944506,0.12578572742426872,0.1261388576848225,0.12601981129751436,0.11706101339311384,1A1-105
2018-08-24,0.1128055498434894,0.11725015879543943,0.11792836612059315,0.11177642744533556,0.11764954646194616,0.13349107775264465,0.1377497795142459,0.14026330111728014,0.12316942216738642,1A1-107
2018-08-24,0.12205014005456459,0.12460963485247624,0.12187955029957195,0.11351770938179225,0.11432268892628342,0.11605225990243476,0.1148083210877699,0.11455324119468141,0.11082445870275923,040826
2018-08-24,0.1047360193392425,0.1103230829540258,0.11051870766818393,0.1089579567480454,0.11376355815928743,0.11433220375895647,0.11386424200187299,0.11473685345296948,0.11684510747653382,1A2-028
2018-08-24,0.12079329658064734,0.1292098319071938,0.1349461223661514,0.11688641728954571,0.11632536780870568,0.11611810295261595,0.1151129891433016,0.11638340717692025,0.11343551932898172,020138
2018-08-24,0.12960720173088813,0.12783131052956936,0.12460972594271588,0.11672676694827942,0.1234543684318978,0.14002135792293424,0.14069141767978566,0.14260735627446938,0.12453338141355866,030171
2018-08-24,0.12481219214941962,0.12427463415506297,0.12036252126832209,0.11396381181967462,0.11621440792865158,0.12088575059670496,0.1210590921145555,0.12124624887885045,0.11602660067403084,1A1-106
2018-08-24,0.13308503960105592,0.13393333333333335,0.1302378947883055,0.12057926566930677,0.12676638799256876,0.14420825755353478,0.14714849907108635,0.14766892539356608,0.12152522733939577,1A2-076
2018-08-24,0.12117970721256842,0.12506744822661264,0.1282523565817662,0.11943812187574385,0.13776876934063312,0.1778818376577006,0.1898253749107355,0.19505947393477743,0.1446073910973577,020197
2018-08-24,0.11072350158886653,0.11388181770511065,0.11505989134880597,0.1083298140554374,0.11324029113485973,0.12258419838281724,0.12619402628184298,0.12996217344338296,0.1245652431542407,1A2-078
2018-08-24,0.12293160266793735,0.1252375226298238,0.12495755883754162,0.11656596569795132,0.12312317198666044,0.1380925878989995,0.14222505097665547,0.14547956264888048,0.12990126536445926,1A2-066
2018-08-24,0.12392930193770284,0.1235968244833539,0.11994286378877225,0.11283453990330435,0.11473283756448382,0.11976223116658462,0.1202309312206871,0.12019470276268215,0.1143929866397417,1A1-109
2018-08-24,0.12562273010725863,0.12748120478922426,0.1281258169119481,0.11828553255175854,0.12667984534796703,0.15365227612871046,0.16294838488401103,0.16518483412322282,0.13242902843601895,050669
2018-08-24,0.1275850884846131,0.1298648021886881,0.12666251602201606,0.11787528085651819,0.11975825982055355,0.1237582328927952,0.1227978393166814,0.12245581908854915,0.11324921963356718,040874
2018-08-24,0.11990968357224614,0.12433008857493683,0.12230119721030339,0.11537539320649552,0.11726571687752646,0.12281951925332135,0.12142379692609113,0.12142367792938855,0.11367712779900946,1A2-077
2018-08-24,0.11503433243201881,0.11839682286618028,0.11692516070608666,0.11438452629967862,0.11879608820978527,0.11945806463955924,0.11976284883424315,0.12000278939850016,0.11671467654711509,050706
2018-08-24,0.11185412711931897,0.11874880423526812,0.12511035287773978,0.11649443937230794,0.13426958106874348,0.1603739284685756,0.162751886324226,0.1657199447307309,0.14174099913603488,1A1-029
2018-08-24,0.12117800284183312,0.12373986818002855,0.12335629055176064,0.11771265848355678,0.12166156608974027,0.123975027134371,0.1225024104223376,0.12296010442880873,0.11909697498844446,1A1-052
2018-08-24,0.1316158592132505,0.131803884057971,0.12947260455486537,0.12063177639751553,0.1300997681159421,0.15529916356107662,0.156503718426501,0.15974133333333332,0.12692925879917183,020058
2018-08-24,0.13156694450489656,0.12907440696409142,0.12598178672470073,0.11670468988030461,0.11973579107725789,0.12874317736670293,0.12864101414581067,0.12868024156692046,0.1131440805223068,040704
2018-08-24,0.12470824607676845,0.1253729237355529,0.12590178135934685,0.11828185836602698,0.12837472497614236,0.13671974605025997,0.13662029013360177,0.13693864449687201,0.1273495208620506,040576
2018-08-24,0.11776587744716947,0.12320382712559196,0.12272795073856814,0.11244186514948044,0.11297198565269632,0.11342043077249273,0.11199128206940424,0.11178181143543711,0.11041699060004237,1A1-102
2018-08-24,0.11264646441444623,0.11936150964732482,0.11964717471199382,0.11022842250335714,0.11113574810940702,0.10891533323909812,0.10623538412608657,0.10616121634037744,0.10971197964520453,1A1-102
2018-08-24,0.11215640153957372,0.11573152413887434,0.11487956938827344,0.11007242443780166,0.1140278393216497,0.12212377547232475,0.1236474278569056,0.1252544204130278,0.11953176249926728,1A3-001
2018-08-24,0.1386607576440083,0.14131962447401095,0.14110980564497538,0.12830245003790425,0.1412404465001813,0.17592164822729328,0.1823047089069315,0.18446261220184818,0.14020616025225507,050215
2018-08-24,0.12785132538785574,0.1289716736874551,0.1301781978834892,0.12249257166341315,0.1385686633103874,0.1589987876297133,0.16415222439124627,0.16633463988492758,0.1391411692181239,030172
2018-08-24,0.11172448103251602,0.11448737549767231,0.1117252924035721,0.10847379756696485,0.10907255921526111,0.10936894955751976,0.11017320184270166,0.11114747329349277,0.11365644554783737,060182
2018-08-24,0.13492586429535702,0.1324051329459411,0.1313623583964313,0.12273047778364735,0.13435031695721072,0.1534557199037389,0.1560946352057288,0.15650874567118625,0.12706189469977103,1A3-048
2018-08-24,0.12074169249721868,0.12154942278652056,0.11684111528373863,0.11267192144531868,0.11314995429979345,0.11303545243204587,0.11119103580511855,0.10994663730925144,0.10815240273803846,1A1-059
2018-08-24,0.12415343055089957,0.13221431444854173,0.13385604536819753,0.12579131187842213,0.14239088724997204,0.1925033690915186,0.2131206335903454,0.21381139233433913,0.1670801765560398,050707
2018-08-24,0.12147065963342342,0.1242565778764171,0.12258551439487275,0.11533199339966275,0.11675062734336443,0.12026613190889404,0.12049933863198664,0.1209621854943803,0.11607630283271869,040850
2018-08-24,0.13731498247396506,0.138185711963424,0.13541572567945123,0.1245638724917452,0.1310045466090933,0.14732635610871223,0.145502252984506,0.14596831191262394,0.11936399237998467,1A1-071
2018-08-24,0.12850121602288983,0.1286603242727706,0.12771621363853122,0.11823635352090288,0.1241392783341281,0.13867906533142585,0.13988053568590048,0.14488934191702432,0.1314454458750596,1A1-087
2018-08-24,0.1317886404647683,0.13156053650807625,0.12761351172923732,0.11973337661194487,0.12494682892478338,0.13702180141719117,0.1337793913120021,0.13395683508648387,0.11345925795519562,020059
2018-08-24,0.12203111429253169,0.1249443535467157,0.12788979445751103,0.12226734499096704,0.1426902512185976,0.18347698469509485,0.20060761495722126,0.205115492381634,0.16057988887752672,040887
2018-08-24,0.12489885791317369,0.1263424055485675,0.12374312417625921,0.11754261953324262,0.12402864638406004,0.13131799225245158,0.1330767899291897,0.13308651796318663,0.12339704681102684,040852
2018-08-24,0.13161559219580643,0.12949937033938702,0.12753883386854492,0.11928924719576152,0.12479399123872227,0.1434641093450631,0.14705968013240867,0.14808925619091307,0.12302679295859532,040707
2018-08-24,0.1163019306088539,0.12109666890849391,0.1195992285476915,0.11042586936740913,0.11339861929817617,0.12150446255489179,0.12225167939233292,0.12454269494006419,0.11719043399137558,020188
2018-09-16,0.11612531301178076,0.11891840297955511,0.11831650377727303,0.1123834645253315,0.12109712346135551,0.14131557398700403,0.15301715621533085,0.15667977970310087,0.1311498177399757,040186
2018-09-23,0.1092301320750689,0.11094181498086213,0.1123021373994113,0.11011340743697401,0.12055509358584118,0.1398183107149732,0.1521175072523682,0.1534760258448033,0.1314926870469495,1A1-110
2018-09-23,0.10900774682005974,0.11095922819205259,0.11129951633697112,0.10505226640061101,0.1065200695522217,0.11422077246487501,0.11977068870659173,0.12083226213058089,0.11371062046822518,1A1-105
2018-09-23,0.1037330057690427,0.10917250904468563,0.10894502786740984,0.10533194974088196,0.10790526058472674,0.11451874449985332,0.12033910726508262,0.12095054268113817,0.11437658159773155,1A2-076
2018-09-23,0.10402241912798876,0.10706234411626817,0.10987709329582744,0.10688255039849977,0.1201042194092827,0.15589219878105956,0.17671286451007967,0.1812544210032818,0.14246624472573843,060315A
2018-09-23,0.10801837902081815,0.10928419123567078,0.10951394011425081,0.10666833723114681,0.11324664417436657,0.12824640263773354,0.13654569029636163,0.13744654142544965,0.12011384810029525,1A1-017
2018-09-23,0.10704190211619456,0.10948233985987071,0.11143315722136277,0.1096756179659158,0.12029077523717208,0.13960619017241718,0.15185224859051027,0.15327356449440124,0.131465250286887,1A1-110
2018-09-23,0.1043810722174296,0.10843425846044637,0.10960734472610256,0.10672821454138309,0.11309365565936727,0.1247748588140997,0.13016117280664707,0.1313340559359263,0.1179636991623685,1A1-029
2018-09-23,0.10421346219754603,0.10833712157561629,0.10916110311421853,0.10579395891882012,0.10944058080288785,0.12182777892019107,0.1273350583773163,0.12919463065780154,0.1156124408801151,1A1-107
2018-09-23,0.1086734122617843,0.10870697372474801,0.10659513665771755,0.10524608732010032,0.10741678403239296,0.11355729281281643,0.11589202940011448,0.11755209937942877,0.10898420624092255,020059
2018-09-23,0.1171374601869927,0.11654785780334943,0.11791996301243193,0.11384720538374601,0.1262378711599713,0.141941415801911,0.15038102845987877,0.1525096732764821,0.1334611322305559,030172
2018-09-23,0.10032574863340378,0.10560681229174378,0.10588408650390915,0.10542152579654583,0.108421114184289,0.11353971731602683,0.11818159069625639,0.11860470849576413,0.11254517934534052,1A2-028
2018-09-23,0.10309524498823357,0.10674678618890111,0.10559246799666826,0.10356104475479595,0.10482226633996196,0.11140671766713285,0.11612476703407495,0.11680994050844136,0.11090992541316587,060182
2018-09-23,0.10571292874945598,0.11010116311271116,0.11022362226530046,0.10403259880523798,0.10643062072239586,0.11783723147525418,0.12325033825216605,0.12452003006685917,0.11421997468053963,020188
2018-09-23,0.10985453028135428,0.11121826418693374,0.11180334604991256,0.10726618979494518,0.1114709267207121,0.12333501033222066,0.13042083929422985,0.13580985534891113,0.1261328326180258,1A1-087
2018-09-23,0.10948540517972653,0.11026965724737563,0.11009585741172721,0.10838644894496881,0.11272547847524125,0.11741121368359655,0.12278862792916964,0.1235814130261903,0.11659233578093531,040576
2018-09-23,0.10386526976217265,0.10836872149384577,0.10762301420311957,0.10308128739231459,0.10304179174480001,0.10560362928150435,0.10845649387635165,0.10858443335335968,0.10638745326096063,040826
2018-09-23,0.11346297561470547,0.12357117056177502,0.13251545472993526,0.11638707004430612,0.11394173910102472,0.11318581357594616,0.116531043054757,0.11690877667670038,0.11037676463624985,020138
2018-09-23,0.10207356211819743,0.10595701614156054,0.1057365302409956,0.1052249439981556,0.10939367116518907,0.11576341563641639,0.12249305727472715,0.12319866146822554,0.11876928944058315,040852
2018-09-23,0.10321836568867698,0.10856740382400347,0.10977518627882134,0.10537805951707827,0.10598165944168698,0.11024289753094174,0.11498234298758137,0.11516751900483758,0.11139267868735737,040850
2018-09-23,0.10361195759620943,0.10896753928486212,0.1134544193339469,0.11511264273783957,0.13209756962197902,0.16012594334799055,0.1811441694788152,0.1843789617206939,0.15663712376861985,040887
2018-09-23,0.10685040552762351,0.11063613863793305,0.11097549134971633,0.10686818066887756,0.11067947660679384,0.12384870270060021,0.12972536152252778,0.13028841669178925,0.11581588073403419,1A1-071
2018-09-23,0.1064410841110525,0.10813833127898106,0.1089912455244467,0.10786264600575218,0.11285982567353399,0.11567810647414452,0.12096206198274344,0.12085407642190527,0.11587179080824081,1A3-048
2018-09-23,0.1051948413530253,0.10735326727012866,0.10852319009051925,0.10478783801810379,0.10940583801810382,0.12217963220581224,0.12976129490233448,0.1336187451167222,0.12168831729394942,1A2-066
2018-09-23,0.09928691557743789,0.10459899966785847,0.10571029052615126,0.10336607076568397,0.10720229763788766,0.11844746693237988,0.12529415040150055,0.12659345681183212,0.11724502276146383,1A3-001
2018-09-23,0.10263701321648164,0.10987788536292313,0.1115090112375433,0.10401347798430977,0.10377448759629652,0.10567580747756025,0.1094003233444059,0.10998456428016114,0.1084827019577355,1A1-102
2018-09-23,0.10421033818644412,0.11083609088981557,0.11206003074422227,0.10432843663863167,0.10394805109901757,0.10576775213796029,0.1095229539190049,0.11009179093928903,0.10846366174287937,1A1-102
2018-09-23,0.10452248951431989,0.10688633386403706,0.10782552479756223,0.10530302227243943,0.10746139797647827,0.11051808261859518,0.1133090431924402,0.11488362624758199,0.11071779809289038,1A1-052
2018-09-23,0.10066807815927764,0.10489779985715011,0.1050881434620682,0.10432262257027708,0.10691890337227695,0.10890651624917103,0.1124021197898066,0.11336841870312747,0.10975232386102755,050706
2018-09-23,0.09914406016749222,0.10516528435038165,0.10467750824353954,0.10137459989514479,0.10220225127964566,0.10653803410548968,0.10985373339219916,0.1101677867303155,0.10787012113519409,1A2-077
2018-09-23,0.0998367209044268,0.10603267339786206,0.10886235071798199,0.10571389050637768,0.11446317582043314,0.13765394038607334,0.149214916665751,0.15053297992726797,0.12990511981014954,050215
2018-09-23,0.10644267464635461,0.10788551033732309,0.10739844178454842,0.1033040979325354,0.1028707159956474,0.10231411534276386,0.10493756909684443,0.10510000652883565,0.1070030184983677,040704
2018-09-23,0.09997447668296058,0.1035776973056749,0.10156402151883628,0.10178470632649837,0.10173210215983168,0.1036947141750121,0.10717493865244007,0.1067294455869496,0.10560249761564153,1A1-059
2018-09-23,0.10257948980808247,0.10840922207652876,0.11178189200143038,0.10647401788055781,0.11228069567290486,0.13227163285254492,0.14575058099892718,0.14722771867922274,0.12779200333770382,070859
2018-09-23,0.10677290300528011,0.10809857786652984,0.10785298863912339,0.10550359176403906,0.10790939993343605,0.11606426855924652,0.12130012233406195,0.12255988342283503,0.11600559228575792,040707
2018-09-23,0.10305495586099003,0.11263570231310759,0.11268660744217235,0.11039256900212317,0.1211691920885015,0.15598345066487876,0.17628799307185156,0.17855924125600622,0.15087311990166496,050707
2018-09-23,0.10669215225315656,0.11245916318875793,0.11342308098684557,0.10913857837181033,0.11710397802313903,0.1372757620582175,0.15205148449469053,0.1526222251571662,0.12655512705372712,040186
2018-09-23,0.10787792231959178,0.10874335312503222,0.10732594929511466,0.10375451929604472,0.10525033271419679,0.1120926323878575,0.11731643549548737,0.11824936231214841,0.11187137417338364,1A1-109
2018-09-23,0.10588333125467699,0.10929692566724872,0.11235730231978049,0.10706976802195062,0.11477397106510355,0.1386428036916937,0.15142388999750564,0.1546128523322525,0.1275485532551759,050669
2018-09-23,0.10793117447089041,0.10889217607587559,0.10758758679844972,0.1051768110342669,0.1074268989913066,0.11284598351828866,0.11686154606907113,0.11718234485847161,0.11036842197463866,1A1-103
2018-09-23,0.10512053548617856,0.11424893464820401,0.11689377650605484,0.11492603852639102,0.12424513310510447,0.1448986561749528,0.15721310612641157,0.1600262429104287,0.13953977313371824,1A1-103
2018-09-23,0.10845065563741775,0.10983834525804367,0.10899661704686829,0.10392077854911581,0.10725804925333865,0.11934097105856534,0.12661301965582378,0.12755182535249557,0.11606648255032169,1A1-089
2018-09-23,0.10554907164960721,0.11062494644132348,0.11470532016186619,0.11045163056415137,0.1252681742442276,0.16047618424184723,0.17554855986669837,0.17986474648893122,0.1364370030945013,020197
2018-09-23,0.11633653410261693,0.11425281269317945,0.11218412322274883,0.1078171543375232,0.11315165876777253,0.12723055841747374,0.1328509066556769,0.13553955285390482,0.11962128580259632,030171
2018-09-23,0.10948867080745339,0.10975097308488613,0.1088894989648033,0.10644221118012415,0.11271118840579704,0.13048963146997927,0.13776937474120077,0.14149706004140788,0.12226258385093165,020058
2018-09-23,0.10194146443920266,0.1069283667776092,0.10677654215271254,0.10331522172316103,0.10344554076324027,0.10581915317585969,0.10988291110608463,0.1104570496870993,0.10836234314580843,040874
2018-09-23,0.10721645968083998,0.10886118054819205,0.10928667757925993,0.10798989038808192,0.11253459866398044,0.11730111533771592,0.12262833077086195,0.12349273274308122,0.11663783996925024,040576
2018-09-23,0.10772036931640376,0.10849131984278589,0.10686957654063109,0.10413613394796657,0.105820895549073,0.1118457300956814,0.11641494697446034,0.11759925385809605,0.1125841376309996,1A1-106
2018-10-18,0.10033679964799068,0.10063045859000687,0.10596451060917184,0.10418834946709689,0.1063972230370588,0.10843527916299998,0.11226438838369021,0.11376082917766694,0.11371703823213071,1A2-076
2018-10-18,0.10554278929737525,0.10157401518042658,0.10346041640164522,0.10271804265784673,0.10238255947080531,0.10264436670482975,0.10484116524615192,0.1063613492770216,0.11008379765085027,040704
2018-10-18,0.10309046260657995,0.10088393409612906,0.1066867489591091,0.1048167853509667,0.10880619920084757,0.1191133160638064,0.12620760243731058,0.1280641807637047,0.1209214397331963,1A2-078
2018-10-18,0.10957137410237808,0.10538498089465698,0.1074597997233019,0.10610404670926933,0.10731495651887493,0.10892945928585542,0.11306202071941505,0.11323199733184007,0.11430906844983192,040576
2018-10-18,0.18674875818777292,0.17553932860262011,0.18406610262008732,0.1880678493449782,0.21491578875545855,0.2503129912663756,0.2865498771834062,0.2927097025109171,0.294310930676856,040707
2018-10-18,0.11241221108703503,0.10730738533766705,0.1097451968219574,0.10827485554351753,0.11235590465872156,0.11997606085229329,0.1277393102202961,0.1288527446731672,0.12362217858432654,040186
2018-10-18,0.104323788593102,0.10176463436248274,0.10551105597107518,0.10690084364255088,0.11001579171245263,0.10988890149232568,0.11383344085640358,0.1145066534330581,0.11583839637021029,1A3-048
2018-10-18,0.12473029425307855,0.12167729304992363,0.12824023884853625,0.1268619312864846,0.13773635013294117,0.1579969015046864,0.17528577306418325,0.17742359669058125,0.1673387608989499,1A2-066
2018-10-18,0.11037261693412372,0.10576836874020472,0.10985198109250999,0.11068569703238178,0.11449901142458917,0.12098976422397613,0.12677985891909443,0.12937712559480072,0.12689473012048932,1A1-110
2018-10-18,0.11056411527259713,0.11089010270297883,0.11537535128506467,0.11540948341934495,0.12186688467630678,0.13589618823769864,0.1467226661897706,0.14761973838843187,0.1350630729140054,1A1-103
2019-02-28,0.8536952380952376,1.0200049183533786,0.985647169257847,1.0000918206707734,1.0167678644763867,0.9921139923731304,1.0086290456634397,0.9263555148137286,0.12016441282878651,1A2-076
2019-02-28,0.9229032441997614,1.0046814055390147,0.9460726504128973,0.9398985871580249,0.9503348238862983,0.9327635778888825,0.9539489242177402,0.8689244284028981,0.13291354418291113,040186
2019-03-27,0.9949136955413007,1.0929191635572975,1.0496479907658445,1.024762786889646,1.0305645880868657,0.9935946608326843,0.9337353635948777,0.8741483370466808,0.1678572973988672,1A2-028
2019-03-27,0.9427778053830229,1.0801393126293994,1.0465758095238094,1.0333425010351969,1.0521840496894408,1.016517879917184,0.968993614906832,0.9016244720496897,0.16243501449275363,020058
2019-03-27,0.9550686045522091,1.035355573739372,1.0004993931697221,0.9765330175895681,0.98783159314223,0.9604064591093288,0.929948223695838,0.8732630880918554,0.17490237822480864,1A1-029
2019-03-27,0.6065807149885211,0.7290123319121022,0.7192127582814039,0.7011993440472287,0.7122265332896034,0.7398204329288294,0.7299183666775994,0.6935983601180716,0.17317494260413252,1A1-102
2019-03-27,0.6848444074052873,0.8112709525580857,0.7972935032047611,0.7808027526610964,0.8051578945862421,0.80856193058258,0.791726297642211,0.7434484104955933,0.17993169852352045,1A1-071
2019-03-27,1.0546611836021782,1.1472551731223668,1.11758162950786,1.1048975803965895,1.1226250796260147,1.0794196188225629,1.039841169218124,0.9718153344292612,0.1777124833042228,030172
2019-03-27,0.8303356995672779,1.1227691531011743,1.1000007727179066,1.0857018751287861,1.1079951061199258,1.0757549866062228,1.042508180506903,0.9656488872862149,0.18318582320214305,030171
2019-03-27,0.8523677453811763,0.9854423784468092,0.9613630217193492,0.9415538750642871,0.9594840566522925,0.9390268386280014,0.9107614194722475,0.8541309016101588,0.17589104719705656,020188
2019-03-27,0.707337502975482,0.9351026898357531,0.919408497976672,0.9048618067126873,0.9229694120447512,0.8988595572482742,0.870473387288741,0.8086623780052367,0.17656642466079506,020197
2019-03-27,1.031622305356278,1.1116230997755383,1.0752562475243166,1.0588796927952109,1.072083266581577,1.0314796971964266,0.9836163087012021,0.9157999977993927,0.1567949276000175,020059
2019-04-04,0.682019348618522,0.7666779491785091,0.7327467113952131,0.7358037746315175,0.7482095884621477,0.7384147868350147,0.733389067039991,0.6784881134766758,0.03317978234455069,040186
2019-04-04,0.3749748606629508,0.4695461572308593,0.459968627163391,0.4220238290798865,0.4072140217072457,0.3471991004204556,0.22710088002346726,0.18752678204752132,0.01899178155861933,1A2-076
2019-04-16,0.5904599635479949,0.6358832716995084,0.6283182286438794,0.6323012969517663,0.6536403085213162,0.6346629721591204,0.6267709572613442,0.5911684584499972,0.07030811717470539,040186
2019-04-16,0.34644163564094793,0.3869824322765364,0.37907496722635375,0.35495708172961005,0.35270466591855343,0.30675769000849523,0.2550757810615517,0.22901870772199545,0.03457951358664308,1A2-078
2019-04-16,0.1500909454409568,0.1610716106128551,0.15962592675635287,0.15545735799701052,0.15480642002989548,0.13427017937219737,0.11106696562032889,0.09784817264573996,0.026549857997010474,1A3-048
2019-04-16,0.012735609743279818,0.006984402343852647,0.007677897627243346,0.008883363113224896,0.01243623037477425,0.017403517288135585,0.020812405076595642,0.02277780328869659,0.025804887405733532,040707
2019-04-16,0.31863586467702376,0.38195187551103826,0.3802619634096482,0.3768128270645953,0.3882339789452166,0.3590525858544562,0.3366096739574814,0.3138378832788225,0.044661125306623056,1A1-103
2019-04-16,0.36895099273672044,0.3972095887233592,0.38983869353727063,0.376066686327006,0.38022220337185864,0.3335172284222247,0.28134277714452355,0.25319069822924406,0.02666914696214609,040576
2019-04-16,0.13543096603864152,0.1495336013440538,0.1456107908316333,0.14024955958238333,0.1372647497899915,0.11945331573262928,0.09980402256090243,0.08633217328693149,0.023236613464538577,040704
2019-04-16,0.014258321110785184,0.007880898601740488,0.010461102962745673,0.008470044978977222,0.012083220885890289,0.012059230468368043,0.013771609465141298,0.015403212085655617,0.018954669013395906,1A2-076
2019-04-16,0.08322975200514766,0.08383065939335317,0.08352549846924356,0.08086838608671414,0.08530562455312315,0.08711670988200011,0.08050434168095785,0.07675687424206429,0.02355078873920581,1A1-110
2019-04-16,0.4409487632205815,0.49608775512148634,0.4869832644116249,0.47108374845164397,0.47615002667937056,0.44239216388756586,0.3996507279656975,0.36876684516436364,0.032526629823725596,1A2-066
2019-05-19,0.0356671897917278,0.03218226263811479,0.03670260095824779,0.02828595384765816,0.03536166519996089,0.0370866823115283,0.03467185880512369,0.039778732766207095,0.034753999217756924,1A2-076
2019-05-19,0.06100069470125202,0.05198258492260552,0.05232646996671769,0.049550150562628764,0.06165592477151457,0.07221141370384063,0.07262407153045586,0.08118680860055993,0.07010267578847264,040186
2019-05-31,0.12689423037296518,0.14425798475169993,0.14976643313414387,0.1369234082011127,0.15025405934473515,0.162037739542551,0.15102697300638782,0.14536668040387388,0.12384090253451473,030171
2019-05-31,0.13726026144011885,0.15588340886799454,0.16260084722832885,0.14758102445293725,0.15481960800892888,0.15765440017587176,0.14407302397943647,0.13983733216085492,0.11915297460006091,020138
2019-05-31,0.11173067519863075,0.13204333116144285,0.13657526524618588,0.1302918986861683,0.13528214608719333,0.13309420396969712,0.12330058252049518,0.11916269680732089,0.1183490095206606,1A1-071
2019-05-31,0.11283474980563984,0.13406714432115346,0.1384345625132518,0.13742603894268132,0.13068320375998296,0.11213645310622661,0.10115383242631987,0.10133925365750224,0.13153721111032574,1A1-102
2019-05-31,0.14036223403096887,0.159303922294575,0.16218799355358574,0.1509379946425071,0.15978349848639936,0.16171113095367737,0.14833454711762525,0.1414256963651806,0.1208658601389464,1A2-028
2019-05-31,0.13489543491671827,0.15583060068087823,0.1631978751113853,0.1471716955697215,0.16255216030342493,0.18349615006740236,0.1763296821806385,0.17202110494207967,0.1295501587954395,1A1-107
2019-05-31,0.12377860129395704,0.14089322873112983,0.14445313806610632,0.13549302847585934,0.14607317899740327,0.1503251331367457,0.13832341886360636,0.13357483825535849,0.11578612737115451,020059
2019-05-31,0.12386731730540348,0.14479957153058795,0.1530143656272316,0.14081934063318255,0.15935498690787908,0.18235077362532728,0.18537646988812184,0.18385126160437984,0.1435332539871459,020197
2019-05-31,0.1294046305304184,0.14898129615692904,0.15289215110409518,0.14537891114007234,0.1507719170077769,0.14618224147530837,0.13113267619939192,0.12828973121141485,0.12360808935553147,1A1-029
2019-05-31,0.11845542028985503,0.13731042650103514,0.14138196273291925,0.13235866666666668,0.14508635196687367,0.15330408281573496,0.14517672049689437,0.14246398343685304,0.12362562318840581,020058
2019-05-31,0.12256796979348601,0.14325030822973386,0.15103932497688283,0.1360072177129354,0.15180595910818867,0.16678286756395766,0.15868721360320553,0.1506267748895511,0.12875875372444268,030172
2019-05-31,0.13247392095580965,0.14965259722277166,0.15474963405467415,0.1388148316651501,0.14205393045060727,0.14250845432606715,0.1300518218142975,0.12763631364481542,0.11901901333227843,020188
2019-06-08,0.051333049770216126,0.044905901046250134,0.054631744402072975,0.05141184609367364,0.05880820377432288,0.06505779798572409,0.058555118803168105,0.07387486066295101,0.058074332648870644,1A2-076
2019-06-08,0.07223477984926609,0.06569271982017712,0.07290508792807082,0.07171994711093477,0.08718053417955826,0.11155569747454706,0.11264455639296563,0.12359714134602666,0.09107331746661369,040186
2019-06-23,0.1683091913562139,0.17420656595286985,0.18290445389654836,0.17826410482057306,0.192061816759558,0.20930528014080374,0.20467881099051535,0.21816096607020632,0.1902351569375184,1A2-076
2019-06-28,0.14030044490075297,0.13491903295198987,0.13990887845898112,0.1319304537009877,0.1391127407841986,0.1473845604771683,0.14462948078615434,0.15368539161044298,0.13863675564681724,1A2-076
2019-07-08,0.1393646768358267,0.13761839249046645,0.14212816075095333,0.13372142857142863,0.14215362765229303,0.16360268896059454,0.1649898846191454,0.16971969296959025,0.1399005426811382,1A2-076
2019-07-10,0.0489928600414825,0.05083119307421762,0.05177725373493247,0.039603396759551476,0.0550532291760603,0.10114561802987944,0.11026170980250687,0.10969362882135446,0.04299561878137492,040576
2019-07-10,0.039687280806157285,0.0416076053320638,0.04528720145996987,0.03662473220661747,0.05311290565738318,0.09464017297468866,0.10831243354756806,0.1076531460763311,0.04843432119336669,1A3-048
2019-07-10,0.025810868335146897,0.02801309031556038,0.027529268770402588,0.019745048966267678,0.025353175190424352,0.04352629815016321,0.04536879216539719,0.04330205223068554,0.01567759085963002,040704
2019-07-10,0.035966543399017385,0.03771781129483859,0.039452234666384894,0.027925365840773406,0.041651542606582465,0.09313213059326954,0.10612321570077654,0.10445799302657295,0.038666268688256095,040186
2019-07-10,0.025880468827302043,0.027514780833130942,0.027739929478011332,0.020736912504160248,0.02965066249291631,0.060806754459346385,0.0680390875318204,0.06763115560712776,0.030300428169216805,040707
2019-07-10,0.05727446618155792,0.06159870571394489,0.06271528092568295,0.04966206012167481,0.06918224382679232,0.13203667541452943,0.15756823332935702,0.14995354288440899,0.08052160324466182,1A1-103
2019-07-10,0.03937979547252643,0.04374281783904368,0.04718390223736458,0.035661069751031664,0.055764603097669764,0.1148212367871476,0.13035525930334488,0.12972009084170255,0.05169313430601772,1A1-110
2019-07-10,0.02865547081255501,0.03184564877285619,0.03162290994426518,0.02232161435416056,0.030332893321599688,0.05392994524298426,0.061653231641732684,0.06394711058961569,0.03395573970861445,1A2-076
2019-07-13,0.13385178938105025,0.13515678595873665,0.13711350347120368,0.1314746113229687,0.1384892392686028,0.1503931064828396,0.14826710178938107,0.1565280385254719,0.13912150190671752,1A2-076
2019-08-02,0.12090399432873775,0.1227739268602718,0.12277684560477169,0.11440441478439424,0.1197006160164271,0.13476575730908377,0.13877879632345758,0.13899289625501127,0.11920774420651219,1A2-076
2019-08-04,0.12478788465723613,0.11828504243743204,0.11802773014145805,0.1119619782372144,0.11389714036996727,0.12021483569096841,0.12152259847660504,0.12347690315560393,0.11335924700761701,040704
2019-08-04,0.11632926752180787,0.11353381682210265,0.11530695620885156,0.11073643913681928,0.11700773906193772,0.13436422312771704,0.13975824329712444,0.14042040620836543,0.12146987085355301,1A1-071
2019-08-04,0.11682839800047608,0.11444150202332776,0.12058650321352057,0.11417819566769816,0.13422699357295884,0.17732739823851468,0.1933772673173054,0.1964162699357296,0.14266202094739347,020197
2019-08-04,0.13007495355431706,0.12481804537009879,0.12655415077735413,0.11900244939865062,0.12495242984257357,0.14246653466314652,0.14453127505622373,0.14770441967341347,0.12638341155764155,1A2-076
2019-08-04,0.12382292388154645,0.12320153897801961,0.12755895116262628,0.11813907696657018,0.12008066647819635,0.12570143826418828,0.12765637147501585,0.1295123559968902,0.11961115979927908,1A1-102
2019-08-04,0.11952406860135685,0.11716006534628023,0.12338605272979801,0.11585092420932847,0.1314856195353563,0.15896576234267634,0.16348638680347807,0.16470815604789613,0.13519887846693213,1A1-029
2019-08-04,0.12451935169012636,0.11908218945854311,0.12519656323846706,0.11771709133874449,0.13428413644302886,0.16224512483304226,0.17148138292407283,0.17293659714373785,0.14045416110140757,030172
2019-08-04,0.1317886413944287,0.12600428273539008,0.12737420413837358,0.12065852216222005,0.12839424049617706,0.142644772496391,0.1468416820830882,0.1457774025557397,0.1250703566272791,040576
2019-08-04,0.11584458870648309,0.10960079441925968,0.11047379296685887,0.10756181065974205,0.11114382949694121,0.12143579507944195,0.12317503410941423,0.12404963689978434,0.11104639980634655,020059
2019-08-04,0.11656879503105586,0.11024287370600414,0.11302054658385094,0.1087172422360248,0.11698255072463767,0.13923624844720495,0.14571487370600417,0.14873321739130435,0.12364312215320912,020058
2019-08-04,0.1629853483888736,0.16670707793996142,0.17283654640594875,0.15733665656843845,0.18890795923987885,0.2839438171302672,0.34543409529055347,0.3332047369870559,0.24383343431561558,1A1-103
2019-08-04,0.12711523059855248,0.12121223255322507,0.12442823181361935,0.11686757356437205,0.12957992234138094,0.16918316604152348,0.18246280310634463,0.18400922658354893,0.13907345343124303,040186
2019-08-04,0.1299079444737924,0.12348470681458007,0.12697518048952275,0.12084821564829493,0.1338571814286552,0.15327360744262486,0.15852152961202085,0.16060049010976116,0.13400903328050717,1A3-048
2019-08-04,0.12328192870389452,0.11421985369874306,0.1157293632804451,0.11149631155985984,0.11829106738100145,0.13703582320214297,0.14204101586647436,0.144026633010509,0.12534598186688642,030171
2019-08-04,0.11995948185477044,0.11838588121892643,0.1259095139851862,0.11188174315960356,0.11399569114215169,0.12339917475563973,0.12634604795887308,0.1268113606385497,0.11515089288734061,020138
2019-08-04,0.11690050951630222,0.11348912422601501,0.1155195489752552,0.11026012520849046,0.11659905179701598,0.13577924920602277,0.1408200265039869,0.14194730504718164,0.1212224141476455,1A1-107
2019-08-04,0.11519865627109785,0.11276755232266913,0.11632218786070511,0.11338783457107386,0.12005398654093259,0.131891767754862,0.13514709366901137,0.13625413027854605,0.12110087331489433,1A2-028
2019-08-04,0.17319181348535306,0.1643260580892226,0.16901582595613457,0.15965224952752774,0.18268941444521805,0.24524079083155104,0.27080670817377,0.27578078747451124,0.21398438075048443,1A1-110
2019-08-04,0.11759204810697464,0.11474525457926182,0.11614538908889499,0.10808496657040002,0.11232482493966847,0.12609883688728887,0.13045294536535193,0.1319301736756735,0.11831998259287088,020188
2019-08-04,0.12659283446222486,0.11999054249759382,0.12028055428124239,0.11472552824027844,0.1204592375709494,0.14046181288285603,0.145241327324572,0.14820298998839623,0.1260261974795585,040707
2019-08-14,0.14256307221422815,0.1369146562446649,0.13731760846767305,0.1305244628441822,0.13952340682389072,0.16633770089993422,0.1792552642489572,0.17919003487549692,0.15569524425042067,040707
2019-08-14,0.12301696136887008,0.1186060084438652,0.11898513397718555,0.11317341075030782,0.11616445320170646,0.12560746246675109,0.12892478890336861,0.1302799279682952,0.11918113206705107,040850
2019-08-14,0.13896411991475716,0.12481145128462985,0.12555093408040605,0.1210554912242895,0.12722267653185837,0.14565603141536754,0.14785348562124354,0.15408601106242367,0.1369493901300194,1A1-089
2019-08-14,0.12151996186564966,0.11721441282878653,0.11983251197809722,0.11265875134448029,0.1179120318764056,0.13150762687004988,0.1341202943189596,0.13757688960594508,0.12152531045272323,1A2-076
2019-08-14,0.11968219296432846,0.115352906963716,0.11329587764136471,0.11035841688680657,0.11230417837909183,0.11695863698495391,0.12026648084473844,0.11939450252590021,0.11352585480991645,1A1-059
2019-08-14,0.279461506630302,0.24372167779554216,0.24920765541239537,0.24233876610552058,0.2788218094611116,0.3652825449073639,0.37627007429699993,0.42286356625599536,0.3241876140317878,1A2-028
2019-08-14,0.11654102564102561,0.11394358974358976,0.11543589743589742,0.11395641025641023,0.11541282051282047,0.11294358974358976,0.11232051282051281,0.11406666666666662,0.11110256410256411,050706
2019-08-14,0.11845127187864643,0.11668984830805132,0.1249115052508751,0.11707768961493578,0.14245747957992994,0.19623269544924146,0.21567316219369886,0.22076375729288208,0.15759131855309214,020197
2019-08-14,0.18715511181443373,0.16173986226210813,0.1640804777620456,0.16213378170157838,0.17581081757797842,0.20609381793195355,0.208777455440803,0.22767823210344396,0.20121044121933948,1A1-106
2019-08-14,0.2869476082779821,0.25059138826370964,0.26011092496020205,0.25786308393259044,0.2963525004117034,0.3810810166328156,0.4033093297469398,0.4343456606466487,0.3606186891365209,040874
2019-08-14,0.1158062549528788,0.11235988808017267,0.11276368701461792,0.10873346378454823,0.11242488509320561,0.12205660607390625,0.12558614900698592,0.12703482986479414,0.11651618204649922,1A1-071
2019-08-14,0.11825172058520501,0.11040439934061407,0.11219294250978774,0.10929380795384301,0.11544924788790438,0.13019562126519682,0.1342037399546672,0.1376769420976716,0.12554879456006593,030171
2019-08-14,0.11948916805579031,0.11522350558468014,0.11805293809742387,0.11254422406365003,0.12185995619227089,0.1361834988202514,0.1385918464474671,0.14130949677481683,0.1251466061089233,1A1-029
2019-08-14,0.12016882269357883,0.11545566603324607,0.11873873589783085,0.11372474380702924,0.1200696177220826,0.12874219026586556,0.13052400972386263,0.13228636776060135,0.1204196076215911,1A1-052
2019-08-14,0.11815585921325049,0.11068696480331257,0.11222683229813657,0.10820668322981365,0.11485141200828156,0.13240253416149067,0.1377971097308489,0.14199723395445138,0.12344202898550721,020058
2019-08-14,0.12583299898524705,0.11830335258762008,0.11836577160252905,0.1122774919990633,0.11625051518226522,0.13066959253766292,0.13590088205448445,0.13729391538521582,0.11957386230583089,1A1-017
2019-08-14,0.1475091291975818,0.1419632493614749,0.14372798839353626,0.1380775648472878,0.15026056888862446,0.18029578135305527,0.19222215732251846,0.19625522386163516,0.16684465218910294,1A1-103
2019-08-14,0.11840567096518623,0.11151828264601041,0.11132760221821224,0.10857830641256984,0.11095418995642813,0.1167345341314203,0.1185354693895515,0.11998583248976714,0.11224288763698784,020059
2019-08-14,0.1481064840835932,0.15389346992999847,0.15937168259158957,0.15271724490317304,0.17275066169332187,0.22353228245874,0.25010457820244253,0.2475059066986867,0.2043535281794493,1A1-103
2019-08-14,0.12608867550168798,0.12004038167074624,0.1241007966076108,0.11641097215782296,0.13095927596320783,0.15946889564035915,0.16658902972923412,0.16955550184931584,0.13846037773488476,1A1-110
2019-08-14,0.12302097118550813,0.11635371533679863,0.11666031294393955,0.11078911388663071,0.11428594421041395,0.12946152251209167,0.13543968664548087,0.13679591144614434,0.12211842559061915,1A1-105
2019-08-14,0.1273213144689007,0.12052568850281928,0.12397491373304556,0.11606050824026298,0.13013635049964115,0.15736832478827834,0.1643595500511612,0.1673052288115299,0.13771905193433923,1A1-110
2019-08-14,0.1286630803535292,0.12328207113263219,0.12700467741579405,0.11909093290748914,0.13136807200100073,0.15027320494234178,0.15421609793431304,0.15737259414071994,0.13428680962858847,040576
2019-08-14,0.12094953515053204,0.11719573129722673,0.11810300668592,0.10901311073307748,0.11218696839023617,0.12384561854650468,0.12767305851169045,0.1301256557344621,0.11870337460932864,020188
2019-08-14,0.12536803905816638,0.11998730322679356,0.12332948489891161,0.11550452171917135,0.12467863946749297,0.1476504389740058,0.15666976052485598,0.16005506876303055,0.13514711271781332,1A2-066
2019-08-14,0.13844331752611608,0.13288399802312748,0.13295260766175593,0.1270280088303119,0.13167665481037177,0.14445291625702317,0.1510256712952433,0.15120607750651624,0.13920173399638314,040826
2019-08-14,0.1246613125387512,0.1190276596556493,0.12214838937377785,0.11459942481041625,0.12374275098965015,0.14509333905661265,0.15357141794248103,0.15700416750131158,0.13480835121858153,1A2-066
2019-08-14,0.40172897196261687,0.26238229796591533,0.26485656954370534,0.26070351841671247,0.2896955470038483,0.3594385376580538,0.37026223199560193,0.41285547003848266,0.3412469488730071,1A2-077
2019-08-14,0.12890326994507736,0.12166146226864352,0.12212510873361065,0.11496948474554743,0.12104486597458121,0.13035140480650168,0.1322472046731643,0.13445453188990136,0.12179168227562764,040576
2019-08-14,0.12101184884968368,0.11833254261532969,0.12347003456907879,0.1157752213613065,0.1265441344617953,0.15515106401239706,0.16716448444391446,0.17139045321254012,0.14052896459649533,070859
2019-08-14,0.1267207121284375,0.11886545064377682,0.12065826577650614,0.11395419647114924,0.12064993641710381,0.13676076140518195,0.14189442060085844,0.14770112064854551,0.13391897949451598,1A1-087
2019-08-14,0.12261775190424354,0.11681300544069638,0.11643624809575628,0.1106125223068553,0.11191021327529933,0.11604559303590863,0.11743405658324259,0.11965394776931447,0.11307264853101193,040704
2019-08-14,0.1155251841431726,0.11223628743918874,0.115856085028232,0.11212360940155906,0.11922100502119841,0.13541205673758877,0.1410729460953833,0.14482308383643006,0.12729437117793016,1A3-001
2019-08-14,0.1534137483214363,0.15128195632200156,0.15488978019648034,0.14233956993427094,0.15346958795674615,0.18777304579828957,0.20732265707823888,0.20979665700756223,0.17035635027210402,1A1-102
2019-08-14,0.1353373169411844,0.1275972858254134,0.133645848412081,0.1209038928535191,0.12411344911556801,0.13411227381878438,0.1344369279940474,0.14207551662326234,0.1268215493624649,020138
2019-08-14,0.17500854623965453,0.1968552896725441,0.1856206009355884,0.17115755667506297,0.18982320978769346,0.23061689456639078,0.29403279956819,0.24628447283195393,0.22028708168405906,1A3-048
2019-08-14,0.12212062275172807,0.11663666138792472,0.12111043512915452,0.11347657182410262,0.1218604356535328,0.14434030162242673,0.15256956927562387,0.15685366592904126,0.13385995846923476,1A2-078
2019-08-14,0.1527461401983735,0.1489347883650951,0.1479141085478659,0.14195236375794051,0.1513753415802964,0.17765521676139504,0.1928012566588654,0.19062326267691954,0.1698124801069875,1A1-109
2019-08-14,0.15209603682239034,0.150405346667609,0.15441722029825422,0.14204721535090808,0.1528692239734257,0.1868219803519681,0.20659208778005494,0.20909353487878998,0.17028994628595662,1A1-102
2019-08-14,0.11922669252615246,0.11530294565935731,0.11469498329949573,0.11030977440923077,0.11412574378270889,0.12568254127495412,0.13069738209920256,0.13149425157330052,0.11920470918497968,060182
2019-08-14,0.11851049776360649,0.11404880762588011,0.11298670231610637,0.11012178158628937,0.11336803064523261,0.11862286103361229,0.12065692839112524,0.12119405473628268,0.1141579624463043,040852
2019-08-14,0.11376305057185883,0.11255170239180831,0.11916938441424325,0.11278495698700268,0.12645688372757344,0.15907648183346337,0.16932084619694798,0.1733833716037312,0.1389847987782771,050215
2019-08-14,0.11810966300215767,0.11311692181239082,0.1204344806328984,0.11405088872906606,0.13153488646871472,0.15360687866022812,0.16134766259118463,0.16368049933216894,0.13815752080550708,030172
2019-08-14,0.2881654864763335,0.20968400638617576,0.22241674492862493,0.22213510518407212,0.25751988166791884,0.3298214969947408,0.31935246055597283,0.37540126784372635,0.29754487227648374,1A1-107
2019-09-16,0.10933314266158213,0.11094866529774129,0.11695141292656694,0.11091340569081842,0.11432921189009485,0.12236469150288455,0.1259852204947688,0.12971803559206024,0.11587356018382713,1A2-076
2019-09-16,0.10838976702414263,0.10869691478683494,0.11228905647419303,0.10952962121612332,0.11825734851286379,0.1395481641925088,0.149696843467695,0.15207948650219233,0.12604595858206982,040186
2019-09-18,0.10412068359353543,0.10920601522758984,0.11233146266164212,0.10859816631692298,0.12052786670914886,0.14556314835364065,0.15696151902350058,0.1572700644920292,0.1321053801953439,050215
2019-09-18,0.10750824844720495,0.10741173498964804,0.10743788819875771,0.10548583022774326,0.11277731677018629,0.12846872877846788,0.1346264430641822,0.13817784679089024,0.12265691097308487,020058
2019-09-18,0.10562355526195066,0.1094138077069459,0.10843754346633139,0.10415032471332421,0.10521606557206492,0.10810410375914925,0.11042116700867562,0.11032336236723832,0.10749545722115396,040826
2019-09-18,0.10957877542401057,0.11008387174038914,0.1087405711426377,0.1065994549307376,0.11061470871617164,0.11706875602982537,0.12049701554433107,0.12052385577020724,0.11212365937582523,1A1-103
2019-09-18,0.1053229380168209,0.11229319386529084,0.11440894762880773,0.10618244398897449,0.10690511696939713,0.10983924658986505,0.1128219856526963,0.1127611138596367,0.10939771185242775,1A1-102
2019-09-18,0.11051708850383793,0.11189808141896981,0.11445986304250186,0.1118084159544974,0.12659979775336994,0.14920311495448993,0.1610239253309006,0.1624483285696976,0.1356304955844299,1A1-110
2019-09-18,0.1104600247737016,0.11150289471176737,0.11203342639352078,0.10745811910433538,0.11428644592663155,0.1288640352548832,0.13654215912339215,0.13996011052882343,0.1257765574082895,1A2-066
2019-09-18,0.1095302388528926,0.11056343135375529,0.11118432158877442,0.10787986121228416,0.11722081662385463,0.13401453360426352,0.14189231913506895,0.142384106122762,0.12288689337882912,1A1-017
2019-09-18,0.10409931294381793,0.10713508246177586,0.10663339814680238,0.10653078873648798,0.11245899011260503,0.11910807579166796,0.12558475647341227,0.1260112895708781,0.12065246332944086,040852
2019-09-18,0.11017271762208065,0.11865317353894296,0.11946856073304281,0.11580380489440162,0.13166100681640405,0.17129266957201922,0.19226239803329973,0.1922517152754498,0.15792938875852053,050707
2019-09-18,0.10423149176320062,0.10757772065711604,0.10820875773984967,0.10513122215367741,0.11020443256334689,0.12336710078369545,0.12869947448991248,0.13011106998423475,0.11625645120753081,1A1-107
2019-09-18,0.10762712176179043,0.11558826835624134,0.1178241070972357,0.11598328138572382,0.1272750753666138,0.14794148995963413,0.15891592151652958,0.16218184047825862,0.13926265903632928,1A1-103
2019-09-18,0.10390380751367333,0.10751021491898402,0.10678014701720037,0.10465188165304051,0.10680101893109278,0.11254556185423904,0.11665912657657997,0.11695794078878216,0.1114944886071105,060182
2019-09-18,0.1088299901919204,0.11035444014420523,0.11135660388612033,0.1101907340154809,0.1179333640388082,0.12443693272187475,0.12952677274414154,0.13020463166684337,0.12124192490191915,040576
2019-09-18,0.11054412973173597,0.11129743134344174,0.11175213259463451,0.110287683570141,0.1175418367617432,0.12354385338246215,0.1287032757660906,0.1293266879175062,0.12102612660375349,040576
2019-09-18,0.10903240267866197,0.11589480501910908,0.12150552304934539,0.11171343727804642,0.11209144654513474,0.11468318226401067,0.11770135624175597,0.11796427943315183,0.11130478743193423,020138
2019-09-18,0.10600167686281411,0.10646551428194187,0.10477327802473486,0.10386153338321379,0.10640270234584741,0.11122167598257124,0.11339181594119974,0.11484289864002464,0.10849130760089787,020059
2019-09-18,0.1061572337267651,0.11266619195702875,0.11447183193158533,0.10612120821259458,0.1068211799420454,0.10927430383772715,0.11200831507527038,0.11198433458194933,0.10930677433034132,1A1-102
2019-09-18,0.10414168027141464,0.10832281771338194,0.1082807854191113,0.1078233087597572,0.11202385592571806,0.11435817942962088,0.11728735906331314,0.11738742538645995,0.11253983342686599,050706
2019-09-18,0.10946609037955192,0.11000684304007695,0.10904950897382475,0.10481129463639247,0.10957859285463097,0.12171053511952815,0.12806406450869315,0.12863595233662248,0.11650402011980862,1A1-089
2019-09-18,0.10767410481181491,0.10961116436398272,0.11077512815626475,0.10670827727489271,0.1136258666031444,0.1278377941877083,0.13547613625535965,0.13898458504049546,0.12562132634587883,1A2-066
2019-09-18,0.10891442223394257,0.11091959137271108,0.11401770308412751,0.11167756113728534,0.12679310561728876,0.14983265543589044,0.161523357080236,0.16297018367914173,0.13574538895501737,1A1-110
2019-09-18,0.10908029134744072,0.1095724673383753,0.10850414890908962,0.10523360801123385,0.10783606902667948,0.11589872473907663,0.12084961733960696,0.12177743904942559,0.11456578145657294,1A1-105
2019-09-18,0.10441012311701973,0.1080597686450319,0.10890688618969357,0.1055074599577941,0.11038365830650886,0.12223893502805626,0.1283814001886626,0.12851183615517042,0.11567230547802654,1A1-071
2019-09-18,0.10920923578094724,0.11021421024828316,0.11210950871632326,0.11130852262722316,0.12031497329342021,0.12531530785936484,0.1312832511592416,0.1310104595879556,0.1205280243000528,1A3-048
2019-09-18,0.10207247531195315,0.10509552137974879,0.10277874542997952,0.1028435329240184,0.10399333199213152,0.10624404034533463,0.10900192412772211,0.10844574690033408,0.10660458864846598,1A1-059
2019-09-18,0.10679918932402095,0.10845275629832878,0.11028888750311798,0.1074839673235221,0.11729732476926914,0.14006158019456227,0.15084370790720877,0.15401441756048892,0.1299053068096782,050669
2019-09-18,0.10435511932292285,0.10946431136011443,0.11255135200858267,0.10734031994278208,0.11508428561211127,0.13535584074383117,0.14788772630826072,0.14878427226129437,0.12802815687209435,070859
2019-09-18,0.10736091520723128,0.10896321743447522,0.10960303733757916,0.10696700631708711,0.11184312396213132,0.1180239703490661,0.12033248865834663,0.12144065773029972,0.11300511975074054,1A1-052
2019-09-18,0.10861401191324097,0.10885484530368657,0.10687776622277576,0.10490935806169983,0.10764002944042314,0.11351420053457599,0.11730166362230465,0.1183722139615547,0.113122017145769,1A1-106
2019-09-18,0.1050729252162298,0.10926674260294479,0.1092507227410302,0.10551917094818032,0.10667033422733495,0.10963411693109724,0.11275944356480441,0.1133018897900712,0.11013190023804126,040874
2019-09-18,0.10616434182337538,0.11114053796715063,0.11610779576291358,0.1117538562247084,0.12901951916210422,0.16169275172577952,0.17690121399666747,0.17974176386574622,0.13853522970721252,020197
2019-09-18,0.10929287051142549,0.11040068335146902,0.11022550163220894,0.10592434385201309,0.10612946028291616,0.10572641566920565,0.10807151468988029,0.10803492491838955,0.10841869423286192,040704
2019-09-18,0.10655370067092827,0.11156996671773464,0.11200016112842717,0.1092491071900258,0.11881183105288165,0.1384560172222516,0.15180172222515714,0.15177300174335664,0.1260256775318293,040186
2019-09-18,0.10650507971673859,0.11094120346560114,0.11128476876211574,0.10496207619575113,0.10816725481663172,0.11899565217391307,0.12417225541005655,0.12534107291213364,0.11521663567670219,020188
2019-09-18,0.11074576550587266,0.10956172470636719,0.10882284154131469,0.10637705542963113,0.11151324953636929,0.12289031526890587,0.12814914485885018,0.13005756233257773,0.11947372759118073,030171
2019-09-18,0.11135845519310078,0.1197058663121655,0.12703205167535878,0.1322922691481746,0.15475566349660833,0.1859298973991889,0.21356855847564502,0.2176556737226029,0.18524000409039773,040887
2019-09-18,0.10930932449581045,0.11085029417625422,0.11203354553177206,0.10712346593113874,0.11408460320290303,0.13043446424264046,0.13920255791758884,0.14238258119998756,0.12411979003890898,1A2-078
2019-09-18,0.10729530654150772,0.11351654444118511,0.11549119976532711,0.10924100420455655,0.11276670577882086,0.11887050454678791,0.12401202209836712,0.12464357093966949,0.11549993155373037,1A2-076
2019-09-18,0.10354665416251495,0.10782763222163615,0.10838570423773516,0.10581710919641286,0.11187247328214447,0.12413953851864883,0.1299532325186096,0.13105624133012922,0.11948893382568436,1A3-001
2019-09-18,0.10855795036475334,0.10931498142501193,0.10965265671802898,0.10733658957821726,0.11157061194016425,0.11935838932815221,0.12434537334376766,0.12524252727779733,0.11669015570607445,040707
2019-09-18,0.10453666310653226,0.10889759837490308,0.10910444388599182,0.10558800443969778,0.10740801909907655,0.11229106322380687,0.11629081024481148,0.11621604783145902,0.11180901342380269,040850
2019-09-18,0.10247949561164707,0.10708090685367078,0.10754304941524931,0.10694786244745955,0.11217445826164597,0.11996885902824657,0.1241629723196201,0.12457602195265369,0.11520119999128864,1A2-028
2019-09-18,0.10851053554752248,0.10868892480417924,0.10657358824765933,0.10448589229777824,0.10717013360258315,0.11429377957124508,0.11859049757227175,0.11933843184958771,0.1121093490793933,1A1-109
2019-09-18,0.10459017174813547,0.10860906832602167,0.11176833214021333,0.10823382404229161,0.12058300813157359,0.13903188629257734,0.1445953107313522,0.1451222715786512,0.12586624326192977,1A1-029
2019-09-18,0.10550707923112988,0.10786933895921244,0.11036859821847168,0.10789793717768399,0.12361698077824661,0.15956771683075485,0.17864958274730433,0.18076344116268173,0.14479895921237695,060315A
2019-09-18,0.11110463360356061,0.11102889842632331,0.11190673978699726,0.10776682562390713,0.11338056747734862,0.1255105388650453,0.1314717374026387,0.13564508822126847,0.12738009855348909,1A1-087
2019-09-18,0.10551442826395867,0.11027360135759727,0.109263443868048,0.1054680712876479,0.10859553917578392,0.11615245788551486,0.11872643796305216,0.11826693823208863,0.10984975614298922,1A2-077
2019-09-18,0.1110832888112607,0.11098219459570535,0.11267936401931575,0.11015507037912257,0.12269392787424228,0.13706793897051273,0.14630114045001547,0.1485236617692387,0.13298637110859965,030172
2019-09-21,0.105016247556659,0.11039396957050017,0.11107123989645518,0.10892092292249977,0.11801800412066141,0.13388934175075268,0.1443386655396481,0.1454934518463731,0.12478873950023768,040186
2019-09-21,0.10688718588051235,0.11345077735406285,0.11637941722890391,0.10967728072748607,0.11337130145692775,0.11939110198494186,0.12272928033636456,0.12429508164662167,0.11618177862520782,1A2-076
2019-10-08,0.10495662180211655,0.10716115791636695,0.10840352409329092,0.10818983869310594,0.11828067399568477,0.1265737953354567,0.13427183807664647,0.13572881948011922,0.13122759169834586,030172
2019-10-08,0.10359317955039037,0.10596130480718428,0.10623131713329802,0.10739413629160062,0.1120521629394846,0.11160113282854964,0.11521485296707165,0.11523313963726013,0.11342859071432754,1A3-048
2019-10-08,0.09555675782123692,0.10213590475449527,0.10398006642095117,0.10279541666261455,0.10707024866525972,0.11549223954331957,0.12113165546684292,0.12117461854146205,0.11459013799609057,1A1-071
2019-10-08,0.10385079434167588,0.10631640261153426,0.10584588030467901,0.10399295973884655,0.10469058541893358,0.10340992818280743,0.1052244744287269,0.10505266158868337,0.10774214581066369,040704
2019-10-08,0.09637892946156582,0.10362186177157094,0.10477396447363214,0.10170917434822174,0.10501606203267794,0.11286286742888785,0.11803766269731379,0.11908227242156902,0.11429136369031132,020188
2019-10-08,0.10195907602092025,0.10859550953563306,0.10948173173437581,0.10877173384753551,0.11698213851761846,0.12769038776480526,0.13745822019124085,0.13728158645464625,0.12361582756616826,040186
2019-10-08,0.09176722346843208,0.09947358712459438,0.10011017705860575,0.10182499074416881,0.10420281812836206,0.10643488250539017,0.10994526210336038,0.11039668096783332,0.11104831543872633,1A2-028
2019-10-08,0.09707161390145205,0.10464890502261365,0.11027757676743631,0.10871601999523922,0.12509867888597953,0.14962118543204003,0.16410695072601753,0.16536800761723397,0.13352522018567003,020197
2019-10-08,0.10436492890995258,0.10534233463836802,0.10537023490624357,0.10455846898825467,0.11109860910776842,0.11871456830826292,0.12370113331959619,0.12417604574490013,0.11974503399958786,030171
2019-10-08,0.10220574948665294,0.11023391512662561,0.1133613914148822,0.1080867116456439,0.11297832208858907,0.11552698738633037,0.11993733255109025,0.12039415762198102,0.1142621785469835,1A2-076
2019-10-08,0.09574605272457427,0.10551118100219092,0.1085428899568875,0.10229229450844576,0.10216872040426882,0.10242618559615523,0.10483303943741609,0.10489645557989963,0.1079020902537282,1A1-102
2019-10-08,0.10433308630139937,0.10744629469917816,0.10913087103258046,0.10991528521229708,0.11909770187242998,0.12862089305697105,0.13750003831103616,0.13782314895330675,0.12521117274535093,1A1-110
2019-10-08,0.10474257135403987,0.10668153385325302,0.106531647641921,0.10647101582247175,0.10976957839724377,0.11295249480529997,0.11656331687220599,0.11763462413758985,0.11619437982927198,040707
2019-10-08,0.10420639380765537,0.1065887332997562,0.10655637458912101,0.10645251166366236,0.10978275964902971,0.1099936141448415,0.11373196042307276,0.11431856841798319,0.11389403032552216,040576
2019-10-08,0.09517725455251674,0.10139774944592964,0.10286018689880504,0.10184863253135926,0.10709931455205975,0.11733528685996299,0.12271724358534968,0.123687339776544,0.1156344917403523,1A1-107
2019-10-08,0.09734278860965617,0.10042746137934075,0.09998711324325511,0.1012346661678623,0.10385308305092193,0.10596746842128425,0.10804638440209509,0.10887485365961008,0.10760298182298317,020059
2019-10-08,0.10149859485974147,0.11147072709621379,0.11369755250114963,0.1143199938684788,0.12285097848858004,0.1363992284502581,0.14652018292371372,0.14745338511062286,0.13283125542895105,1A1-103
2019-10-08,0.10259013596239037,0.11654555416511662,0.13391567795177053,0.12232439882301221,0.12064961612608649,0.1114234924070754,0.11366945581222306,0.11269401359623903,0.11014776778164834,020138
2019-10-08,0.0995322318840579,0.10169686128364387,0.10222105175983436,0.1033576066252588,0.11015513871635614,0.12058349482401653,0.1266804140786749,0.1288978881987578,0.1214696231884058,020058
2019-10-08,0.09456038167612014,0.10111109234751006,0.10252802914884628,0.10302597820566951,0.1104305034967603,0.11931568677839179,0.12406515538097256,0.12456846552494251,0.11721330053782188,1A1-029
2019-10-11,0.1010868778722988,0.109105490368632,0.11382540334408921,0.10789757504644572,0.11259363449691998,0.11496795736775206,0.11837226948274177,0.11953856947296382,0.11651272122812165,1A2-076
2019-10-11,0.10016892334513164,0.10764219187490087,0.10822655713455534,0.1084246394421258,0.11519005758360175,0.12322660996354787,0.13128470336520676,0.13143839082888686,0.12417474245866124,040186
2019-10-13,0.10335568170142813,0.09954519161615123,0.10605264050138707,0.10843521524709752,0.11766350046234464,0.12433615534778593,0.13190488030412006,0.1337004726189253,0.1316342391862735,030172
2019-10-13,0.09523289568802144,0.09688738839067655,0.1018261766602192,0.10328748607936236,0.10728800969071758,0.11487260223120951,0.12056032667096511,0.12206565851943026,0.11838526268487583,1A3-001
2019-10-13,0.09372491831745375,0.09594527840610512,0.10096256083350465,0.10121438526743891,0.10705786779994055,0.11601340964653735,0.1213519660931752,0.12304514588616995,0.11499274796079235,1A1-107
2019-10-13,0.09526656644380264,0.09785435376033552,0.10258289353958143,0.10026833089369785,0.10378986825968275,0.1110626814891008,0.11502329785971435,0.11748275507378249,0.11380269414883094,020188
2019-10-13,0.09143873058442285,0.09557985249748573,0.10695934741311879,0.11021290646999667,0.12365648117108066,0.150800648117108,0.16916882333221583,0.17106701307408642,0.14993219354117782,050707
2019-10-13,0.09517454926993248,0.09875970731385751,0.10654976323624739,0.10792926202221534,0.1179303914567289,0.13221398389347278,0.1427313857546227,0.14401607136971412,0.1297395411946956,050215
2019-10-13,0.10422507352656339,0.10077813661190796,0.10386292175343345,0.10393585146293266,0.10648559356124848,0.11000326377487028,0.11349970082808655,0.11402825148319541,0.11380944626377792,1A1-106
2019-10-13,0.09486369531325445,0.0979291224596791,0.101923285757647,0.10125302700017938,0.10288609014776293,0.1056775803313972,0.10872207406078828,0.10893488741877183,0.10791202660007437,1A2-077
2019-10-13,0.09828206460841588,0.10132157205864832,0.10750441816664673,0.1065736898319227,0.11367278912862101,0.12426997830492308,0.13439658266777924,0.1358560739063058,0.12784889831922747,070859
2019-10-13,0.10009824833513137,0.09785630904079579,0.10326487528461144,0.10319355896803793,0.10577614058514381,0.10815942033451463,0.11066754968928166,0.1117017061270608,0.109530580863849,1A1-052
2019-10-13,0.10581072961373392,0.10141921793037673,0.1064380464155142,0.10589930853600381,0.11118244317278654,0.11718764107455096,0.12270236846288347,0.12635004768717212,0.12624052614846606,1A1-087
2019-10-13,0.0957601141511684,0.0970752791686538,0.0987221675806709,0.10010699685065982,0.10179820452829448,0.10352840168494665,0.10605979723017052,0.10631293191662725,0.10644814367747603,1A1-059
2019-10-13,0.09317839901613467,0.09541319835777692,0.10011839852664937,0.10151218695888946,0.10872371494826752,0.11604077901576762,0.1203242013742299,0.12163613869564432,0.11620735512766382,1A1-029
2019-10-13,0.1016252566735113,0.10303853036080962,0.11133136794758969,0.10721742935367175,0.11190576415371076,0.11425829666568883,0.11768981128385649,0.11896898895081653,0.11589192334017796,1A2-076
2019-10-13,0.09781362618167716,0.09954232122207059,0.10212667793421148,0.10199203508573305,0.10415407127665618,0.1079089876191784,0.11191864482164667,0.11260624486154133,0.11108056806756227,060182
2019-10-13,0.09504725906841506,0.0974359152594255,0.10202147211876952,0.10336042803938579,0.10703747767971024,0.10783874419672462,0.11139963267180249,0.11183823529411765,0.10869178613336054,050706
2019-10-13,0.09611863914440384,0.09404241450640373,0.09905458826636149,0.10101964482197077,0.10307547423088768,0.10506683904757717,0.10752207869371952,0.10855885744465472,0.10741092821618763,020059
2019-10-13,0.10559615107734172,0.10313259396004212,0.1088190200928022,0.11045003349988249,0.11992442836370905,0.12967520206843933,0.13894621736434346,0.13986304446218456,0.12989496486076157,1A1-110
2019-10-13,0.10151847641734149,0.09971060600285851,0.10624921391138646,0.10530591519771318,0.11117802286803229,0.12058332444020954,0.12770593044306794,0.13006516436398283,0.12316218294425905,1A2-066
2019-10-13,0.10727295948016256,0.10255506101748639,0.10905805906281364,0.1096587907443604,0.1178272861746526,0.1286432009086587,0.13668611918220713,0.13928799461144264,0.127978900100375,040186
2019-10-13,0.10250315995647437,0.10049910337323176,0.10423251577801954,0.1030994080522307,0.10410057889009781,0.10359828944504897,0.10463961262241568,0.10569541240478779,0.10935996300326435,040704
2019-10-13,0.10399861593542409,0.10145741753504299,0.1055514550948851,0.1053143559234349,0.10755792583286111,0.11275667356440765,0.11761437275720774,0.11824326320629967,0.11713845613775777,1A1-105
2019-10-13,0.1026907989365573,0.10087427280308482,0.10731693971446653,0.10950911553182824,0.11917915648008887,0.12887830508414128,0.13810765543589051,0.13908594733390836,0.1297519180464579,1A1-110
2019-10-13,0.08893572968617289,0.09328752096173526,0.09884839819674629,0.10123633077073851,0.10435911971600931,0.10630567545789149,0.11028222444846135,0.11060747871158826,0.1110988653439902,1A2-028
2019-10-13,0.09796953449563296,0.0989517236540763,0.10218007737525503,0.10422618330518629,0.10933476875122157,0.1132650643707998,0.11856366470054677,0.11935148812059312,0.11926925937247876,040852
2019-10-13,0.10570176810518475,0.1027258210953239,0.10627026826423487,0.1062783440250238,0.1098224353196904,0.11150042612130207,0.11499885682854405,0.11532723266355636,0.11630775699819733,040576
2019-10-13,0.10266760620346256,0.10054045378897876,0.1048336317042284,0.10534617985797541,0.10902071489666428,0.11064268096194779,0.11406503026806966,0.11441092368998607,0.11617301666235683,040576
2019-10-13,0.10449513092819118,0.10127656481232995,0.10682577770961936,0.10632538358317699,0.11433551048575726,0.12620594180117337,0.13400224590729606,0.13410925660391826,0.12245844189702103,1A1-017
2019-10-13,0.09808850517598341,0.09506045548654245,0.10096279089026913,0.10289187577639754,0.10894350310559005,0.1166777308488613,0.12310095238095231,0.12518083643892336,0.11908262525879916,020058
2019-10-13,0.09861914079059945,0.10016548207639668,0.10382356479831922,0.10232472650130546,0.10324717953252677,0.10459858142194146,0.10690349577235403,0.10699954580880879,0.10738312869154946,040826
2019-10-13,0.1000085737477592,0.1075499340480941,0.12461711198295392,0.11676579801806071,0.11624711333581354,0.10993432712145286,0.11199337437007467,0.11266949639801128,0.11063643420029085,020138
2019-10-13,0.10342148806467487,0.10048612697242151,0.10360185844397946,0.10415086236900763,0.10674487902711668,0.11120701060343434,0.11542203874026938,0.1156686776549078,0.11386829135494467,1A1-109
2019-10-13,0.09828923775531843,0.10278095271750651,0.1095851155558697,0.10335681850307445,0.10354794861827693,0.10420699519400665,0.1070794614460386,0.10724753162767693,0.10821121457346804,1A1-102
2019-10-13,0.10141084978014119,0.1058932440263149,0.1140456692913386,0.12199712308688684,0.13846367726761427,0.15173543647953092,0.1722015407165014,0.17431528786174452,0.16240295531240403,040887
2019-10-13,0.10448146538365996,0.1016375426367877,0.10516698793891277,0.10524774453823835,0.1083786083008635,0.11136464356457981,0.11452166756221391,0.11465126756552728,0.11091705790003241,1A1-103
2019-10-13,0.09773089475554977,0.10037927909005714,0.10459485248974061,0.10267818905440476,0.10410140616753354,0.10557058303982066,0.10900748699389307,0.10993855570276065,0.10926584429293096,040874
2019-10-13,0.10240396624472575,0.10034572902015944,0.10631960618846693,0.10727645569620256,0.11827690576652607,0.13666675105485235,0.15206120018752936,0.15120511954992966,0.13964866385372718,060315A
2019-10-13,0.0937557255249009,0.09713777241828675,0.10214664977778654,0.10174557663694088,0.10627307034007906,0.1140720035204078,0.11941455037003178,0.1205745154577018,0.1148064227990158,1A1-071
2019-10-13,0.09912707992641055,0.10438399938675388,0.11117976287816841,0.11288867538838925,0.12196079824202774,0.13372854660670483,0.1438713920686836,0.14525838103025343,0.13668643704006536,1A1-103
2019-10-13,0.10213236467947125,0.09972054128211526,0.1066914504864056,0.10650934148166631,0.11455768271389374,0.13110625467697679,0.14068624345223252,0.14308262035420305,0.12611204789224248,050669
2019-10-13,0.10297661240469812,0.09812350092726149,0.10369152070883988,0.10443452503606018,0.10982123428806925,0.11735955079332373,0.12222366577374823,0.12278483412322273,0.12077555120543992,030171
2019-10-13,0.10323193188871195,0.10025767511311401,0.10462260481600427,0.10546840452995838,0.10919060546365512,0.11278671955815821,0.1166069271662574,0.11826522294483287,0.11860401003858913,040707
2019-10-13,0.0964705665317782,0.09872526779338252,0.10789314448940725,0.10865520114258512,0.1257486550821233,0.14510069031183048,0.15933050464175197,0.1619208759819091,0.13394859557248268,020197
2019-10-13,0.10538695433737351,0.1015532976921917,0.10589804003274483,0.10449311765418642,0.10890311845212224,0.11723626530485583,0.12291050852166124,0.12378269454123118,0.1177355900145698,1A1-089
2019-10-13,0.09893494083893527,0.1011607555862704,0.10593072354505666,0.10411897886955247,0.1058688463068835,0.10848176792109036,0.11180464032166863,0.11229112353667979,0.11192312789260966,040850
2019-10-13,0.1025736661384047,0.10046068850149673,0.10533720432000941,0.10791034806597402,0.11433010213065681,0.1145911163937312,0.11881811645242701,0.11975592240417911,0.11847987321711569,1A3-048
2019-10-13,0.09283734186161559,0.09895348787900213,0.10685043642660264,0.10120750759771005,0.10138494416566544,0.10165419464273101,0.1044166990600043,0.10477119054350126,0.10770097710085519,1A1-102
2019-11-17,0.18672181142064803,0.20247366696079666,0.2021951464347242,0.2033669133156854,0.2054840505903611,0.20612598344468214,0.20996221101726964,0.20524058489852512,0.12105641875709068,040850
2019-11-17,0.17392601297838634,0.1755166113126565,0.1761272035154054,0.1783616473353432,0.18483661540033722,0.19403839354146443,0.20168844208267342,0.19951927341474632,0.12160718920852276,1A1-103
2019-11-17,0.6193300092152128,0.7092847675026777,0.695264220069238,0.6965009015964733,0.7080898209260038,0.6929098851834324,0.6877112301063484,0.6459829917063086,0.14211020896117157,020059
2019-11-17,0.2555620683875294,0.24671671136439832,0.21225906246507983,0.18432441054866472,0.1888627165046373,0.24075174321153203,0.26288465750363166,0.25433322717622087,0.12257620963236115,050707
2019-11-17,0.19016220570072637,0.22364432066829384,0.22864385338766308,0.2305123316379619,0.23633389851112066,0.24117027832615343,0.24760513425201072,0.23855505596670207,0.12046963940133627,1A1-071
2019-11-17,0.6031389981897394,0.7014981718355249,0.6923175157651833,0.6968326543197595,0.709536461835326,0.7031188287015856,0.6981638644094771,0.6600918259762478,0.16851182836340486,1A3-001
2019-11-17,0.3298093116572146,0.3644561915563956,0.3658140743541273,0.37246127737870194,0.3812620279773162,0.37719090712035247,0.37601746238185246,0.361323590170132,0.13996986364209213,040852
2019-11-17,0.7181228779208392,0.8846974546971865,0.8788313900810678,0.891853797091082,0.9171294945159753,0.9015471864568427,0.9007955710538864,0.8383553826895564,0.19349050429184553,030172
2019-11-17,0.1485568649421865,0.16199446608654164,0.1663525430921445,0.1680135424961261,0.17472549338419355,0.18326337203480766,0.1925047152223148,0.19023369221599706,0.12579620979854558,070859
2019-11-17,0.5356535957139913,0.7637442921903977,0.7558793323717289,0.7613827426334226,0.7823241603132084,0.7746174737275912,0.7870419328250567,0.7298832268699774,0.17708690500721208,030171
2019-11-17,0.07580302010181973,0.088121868144755,0.09005850360784183,0.09223262337716098,0.09228304348725856,0.09501073798650679,0.09916729694678587,0.0993554862653661,0.10409849857203957,1A2-077
2019-11-17,0.596508902642228,0.8277746965008334,0.8100592358962151,0.8053265532016188,0.824485146393716,0.8120903118305167,0.8125693287312544,0.7562115091644845,0.17873600333253983,020197
2019-11-17,0.1574862932358806,0.1676556702574444,0.16691230429169157,0.16985006209161346,0.17215325714420543,0.17198318718658728,0.17282223160779078,0.16862606800771787,0.11114830034975644,1A1-103
2019-11-17,0.3545746463201398,0.4491756318550312,0.4362429264027976,0.43309848195835315,0.4511674137656971,0.45241350341758046,0.4548001351136542,0.44080060403751403,0.15162052137974882,1A1-087
2019-11-17,0.08180054703513703,0.09145174541406106,0.09444430828538442,0.09629952259067005,0.09624674059314613,0.09733277736736419,0.10140712576345622,0.10169444684334157,0.1033133225469691,040826
2019-11-17,0.7071831815287866,0.8017868807089127,0.7990481673011706,0.8023314319867988,0.8124321466159067,0.7889098709769629,0.747226805088159,0.7039162818497203,0.1334179761703675,050706
2019-11-17,0.14832687004986803,0.14335309963821266,0.1466205143248264,0.14248729343893612,0.14617986212965683,0.1458306003715654,0.14863266842671366,0.1475740930869268,0.11119941331768848,1A2-076
2019-11-17,0.10249973982473487,0.1081553690870432,0.10838169227641296,0.11040679763878045,0.11187333530905728,0.11603922443648812,0.12127187005710088,0.12085341346501774,0.10967961052968923,1A1-109
2019-11-17,0.4602516178312048,0.5529037640871517,0.543913195592286,0.5457219083395942,0.5483973954420235,0.5392480340596043,0.5481970773854244,0.5180113373403454,0.15520815677435498,1A1-102
2019-11-17,0.07901721723305768,0.08838291727657553,0.0931141709854809,0.09259426355975793,0.09454624757684858,0.1024241840408276,0.11013128931439656,0.1121472366182696,0.10933450567709778,020188
2019-11-17,0.4521687334058759,0.4864298433079432,0.48109490968443963,0.48374307290533186,0.49213214581066356,0.4824495756256802,0.4854612491838956,0.4639911534276389,0.15999122742110986,040704
2019-11-17,0.6498235804104048,0.7316495012252787,0.7193600330453719,0.7194021479492065,0.7343260984182783,0.7209494387237315,0.7051801263645144,0.667352965419936,0.1671940772048812,1A1-029
2019-11-17,0.4450395226119369,0.5179516391970179,0.5108252705797816,0.5114090492657295,0.5138361139803297,0.5053141599676654,0.5118468226523555,0.48479759958683233,0.1509886558584452,1A1-102
2019-11-17,0.18806510892682687,0.19451825191535496,0.19496468356613184,0.19584734765435766,0.19898267599503996,0.20198320851706789,0.20948966283185108,0.2044910423800494,0.12829422806887905,1A1-105
2019-11-17,0.6378945586564806,0.727663044301401,0.7170268213911841,0.7205861705681897,0.7266228055326637,0.7158510635454483,0.712993001759583,0.671901474486046,0.17182920239659666,1A2-028
2019-11-17,0.11807687404136849,0.1247324780641484,0.12551495332074383,0.1250900373256731,0.12780686993347581,0.1345355684407444,0.14152054389682378,0.14042488171337558,0.11463926909061922,1A1-089
2019-11-17,0.43467695185831895,0.5483850149663261,0.5466488151658768,0.5470587241207285,0.5681626278373658,0.577024176852083,0.5767870167123974,0.5480000748316288,0.1655431404340234,050669
2019-11-17,0.24494968985261284,0.2588896200031811,0.25728519245042925,0.2591742186671613,0.2632222908493265,0.26121278562718686,0.26553186101685916,0.2579580545541296,0.13049441668433903,040576
2019-11-17,0.24212530815926206,0.2569946731523698,0.2561157114834056,0.2586698918460396,0.2631328484519138,0.26073202205492535,0.2650232133389885,0.2575742849379702,0.130218266223094,040576
2019-11-17,0.09015944969054795,0.09363246492030522,0.09469530323934056,0.09756034065072866,0.09787208434025735,0.10101691423837814,0.10619283238923367,0.10702974436296338,0.10727390797781841,1A1-106
2019-11-17,0.0802898555476077,0.08925576741575258,0.09079514062748373,0.09499057756119865,0.09561571888412022,0.09657697901764424,0.10103520853202998,0.10096965506278817,0.1028161150353678,1A1-059
2019-11-17,0.27836580403188,0.3987955743084858,0.39417471167369905,0.392766300984529,0.4143780684481951,0.44004337552742623,0.4439531739334273,0.42888760431317374,0.15730462259728084,060315A
2019-11-17,0.6442487165575934,0.7148351412295268,0.6954649130243122,0.6892823318978667,0.7049121664236545,0.6921987826794613,0.6892490929436097,0.6564052507544677,0.16314679054626835,020138
2019-11-17,0.12864120897834538,0.14677582263043976,0.14964662762719858,0.15252453333919294,0.16057644118261047,0.1730175721552644,0.18274988958349359,0.18017039079752586,0.1311944407211681,050215
2019-11-17,0.5636642708333334,0.633083888888889,0.6256890277777778,0.6297063541666666,0.6542164236111111,0.6805154166666667,0.7030719444444445,0.6617548611111113,0.18584100694444447,020058
2019-11-17,0.5880090126261293,0.6428231338158374,0.6279993132230968,0.6250846558191138,0.6423238892704312,0.638752261080881,0.64864921813091,0.6176821807808124,0.17611225368482222,040186
2019-11-17,0.528442921213406,0.6327290991277325,0.6383508387187911,0.6495593247872301,0.6694736589327963,0.6662523078009674,0.656804619133383,0.621254211251192,0.16868992831161497,040887
2019-11-17,0.4625643818981557,0.5157326532998714,0.5074832834102414,0.5106609835298775,0.5210965485603254,0.5162852326595962,0.5260744699606913,0.5029168254310921,0.1745916201167573,040707
2019-11-17,0.08457127271845011,0.09326991109409792,0.09447775276718938,0.09676195377324412,0.09763245928066559,0.10118773675442239,0.10642007364794562,0.10640370908522344,0.10586459399278603,060182
2019-11-17,0.3321212852690442,0.36837218312039416,0.3639020337537069,0.3655058250256287,0.3732669377420931,0.3690631354620328,0.3699954563905695,0.35466025132957707,0.13614010574693677,1A1-052
2019-11-17,0.7668246639666606,0.8479590098021951,0.8328744409226972,0.8379121236133122,0.8589788108235019,0.834540329870282,0.8244769061454484,0.7833343252920116,0.17849427422668301,1A3-048
2019-11-17,0.30132178845700935,0.31608718997176083,0.3124362915812517,0.31535705523600194,0.3247784868194074,0.32937982742286115,0.33801542150332353,0.32663251401481797,0.14260753505302012,1A1-110
2019-11-17,0.43783812214852635,0.4774273365793818,0.47241463251926624,0.47029056703600164,0.48245412030824697,0.481211099183377,0.4758550036422191,0.45119155005175793,0.14999125100640262,1A1-017
2019-11-17,0.29470484590054075,0.30968022776356224,0.30678196084790277,0.3103540212332228,0.32000724595328534,0.32411072905009963,0.33214065905672924,0.3211393593325677,0.1412907682877285,1A1-110
2019-11-17,0.10221961794896682,0.1155882228756691,0.11695219676651471,0.11884850389375376,0.11961313697612047,0.11995801100806762,0.12439557361510524,0.12396728869788108,0.10653015424219901,040874
2019-11-17,0.14955404062229902,0.17261334629789693,0.17528984082397006,0.178094137136272,0.18820681359838667,0.20584576490924814,0.21621197421492366,0.2189160400460963,0.13888702823393834,1A2-066
2019-11-17,0.18623206296981737,0.22767255923412624,0.22991218497955082,0.23167942285283438,0.23874794251376608,0.24564745813055489,0.2505178673429754,0.24389939680581257,0.12341500674023809,1A1-107
2019-12-20,0.7333345199999997,0.9232706899999998,0.9086483299999998,0.9129018299999998,0.9347067499999994,0.9306139700000001,0.9452687199999995,0.8805526899999997,0.24600969999999994,1A2-076
2019-12-20,0.7555296155393804,0.8292513662801334,0.801337143797784,0.7993810732706591,0.8277731316530706,0.8141557815415009,0.812660577239639,0.7693325529502144,0.21793405274902133,040186
2020-01-09,0.7557558184727933,1.0028196616369451,0.9751425925925923,0.9714148376771827,0.9934223365340645,0.9810920438957473,0.9825100937357104,0.9176636031092815,0.23803826017375393,1A2-076
2020-01-09,0.6252513070669166,0.6375278424015008,0.5966939149468417,0.5809047029393369,0.6000314071294561,0.6026616197623518,0.6082593996247656,0.5777419262038777,0.20707540337711072,040186
2020-03-09,0.5858275936247188,0.6967190525080668,0.7009093869169847,0.6356180600371567,0.6276030849711548,0.534700840911313,0.38421651021805026,0.3491160848733745,0.12072383396890589,1A2-076
2020-03-09,0.5956457314174014,0.6712515954355748,0.6801718844101643,0.6432938084420724,0.6475397802313904,0.5764197950235085,0.45840874848116636,0.4287475989222884,0.12603141476042035,040186
2020-03-16,0.567755750953953,0.5937358031017934,0.5838814789929472,0.5375188892510273,0.5277920553769937,0.4727551007105144,0.33866158489317255,0.2986207992659189,0.10671995657689509,040826
2020-03-16,0.5647331128665699,0.6139255188800534,0.6080593587549834,0.5508526206287139,0.5350686378641331,0.47467217656255095,0.34901592266522513,0.3071433193546765,0.11366925995868482,1A1-089
2020-03-16,0.6024791049318011,0.6472754613631607,0.6318638151977659,0.5721447946604268,0.5543301845452641,0.4897282295421193,0.3507418367967973,0.3085569791110178,0.1125249065101402,040576
2020-03-16,0.5871013765592563,0.65537617887641,0.6498310548716348,0.5711619522509415,0.5318956316314352,0.4536805439752369,0.3257070882447504,0.2887951019340492,0.10900413512732898,040874
2020-03-16,0.4771218963598791,0.6592398903195041,0.6494818152916867,0.5742504609759973,0.5408613654426958,0.4759327213479571,0.34939710697822296,0.3082607296137339,0.12081412335081862,1A1-087
2020-03-16,0.2863743681104554,0.4171233381583343,0.4217973722302641,0.3964233381583344,0.39449903128827524,0.3841720632446275,0.33024437145084073,0.3037952232490815,0.14498825297851026,060315A
2020-03-16,0.3659154944322834,0.45789146283430093,0.46007763395831347,0.4128341105929382,0.403387027695822,0.37872248025126115,0.3060296373846008,0.2819047396973446,0.13848406776434755,050669
2020-03-16,0.4971255246779564,0.5445363532038954,0.53851315261667,0.4876183270268598,0.4725476552323057,0.42855502346835433,0.33165984533631115,0.294067332464901,0.12354604242912991,1A1-017
2020-03-16,0.5183553873272976,0.6003770119104338,0.5901793511195809,0.5392535159599802,0.523151416865174,0.47181352929966675,0.378558606955693,0.34068231252977615,0.12183584945212005,1A2-066
2020-03-16,0.5057472580256104,0.5716276735430154,0.5575936403393782,0.4980969418254662,0.47826494950236537,0.42442017283510397,0.3255049155226484,0.2916582143868444,0.12199806609264735,1A2-078
2020-03-16,0.5083961588808781,0.6114587089463301,0.612052036809097,0.5478043530078346,0.5165220756891938,0.45432101869761454,0.3241963581657973,0.28634340503682865,0.11408394779516635,1A3-001
2020-03-16,0.5713065631806991,0.6064471334133763,0.5872219522496572,0.5354717460528378,0.5212185819163733,0.46632115071587543,0.33643890689584827,0.29885770331386063,0.1178265298665061,040850
2020-03-16,0.5611774971987109,0.60438038335916,0.6027160548337103,0.5313197806651564,0.506510941947788,0.4400787035403502,0.33198328620812906,0.2946666339253787,0.11489545357015152,070859
2020-03-16,0.533416049442372,0.6181699093492085,0.6055791483851013,0.5505585828324017,0.5335557985580915,0.4786732116280421,0.38088107833851975,0.34187398283626785,0.12098089375108731,1A2-066
2020-03-16,0.3981320775629184,0.4203887012737075,0.41388688461785156,0.3872331894739081,0.377279639199139,0.3522788710183243,0.27983498973620613,0.2530249914468384,0.11466543756548538,1A1-110
2020-03-16,0.6040892874182882,0.6475212512972565,0.6357896974189643,0.5756134914751676,0.5585878824718644,0.4908884364175482,0.34287739659006633,0.3017799838264033,0.10885198733068283,060182
2020-03-16,0.46886860543077447,0.46402970722985776,0.4572107833277463,0.43361224159123923,0.43506347636607445,0.44527792490781104,0.4022216001787909,0.3766339926248742,0.1294203709911722,050707
2020-03-16,0.5383127435109835,0.5806620981199139,0.5831961516108444,0.5390643472570198,0.5221159394242372,0.4547538755609879,0.32760725860646733,0.28649359800204843,0.10924571182373038,1A1-103
2020-03-16,0.5190522824132225,0.5585195087001871,0.5439608425919082,0.4889084427528556,0.46506014419563285,0.41553612650785476,0.30460909105839257,0.2658457398237794,0.11042301751533526,1A1-105
2020-03-16,0.5595023075835748,0.6177966976464769,0.6032156212453176,0.5559395310622659,0.5385562901971871,0.4846392872287798,0.34900717365184797,0.30908966534737436,0.10935841048837372,1A1-102
2020-03-16,0.5121194817860091,0.5287021134501998,0.5175465923932332,0.46808663388343436,0.4418476933998185,0.3892908690543057,0.282054726402448,0.25114179172883894,0.10784882197464414,1A1-109
2020-03-16,0.5328716045924684,0.5746123783869159,0.567591993277571,0.5197759297720757,0.5041645004514408,0.4424242758341205,0.31323565688199717,0.27410378077015957,0.10953339819364549,1A1-106
2020-03-16,0.5441800744562921,0.5959533911023672,0.5869535984557209,0.5386077670005884,0.5226477517275027,0.4641854810226605,0.3500789417024186,0.31216633875492483,0.11960306893570996,040852
2020-03-16,0.5437902854734123,0.5683585499578477,0.559216768801418,0.5168337556324307,0.5051193476554554,0.4518656533620162,0.32173175935346915,0.28659409401436076,0.11239589988081038,1A1-059
2020-03-16,0.6984538495919911,0.7957646366225244,0.7895304481080881,0.7161540603011229,0.6866459345907774,0.6137378471911833,0.4802424368191862,0.4351027404957413,0.1113912255609333,050706
2020-03-16,0.577338998510605,0.6333910232311307,0.6244627849964908,0.5704373913341213,0.5516411329669758,0.48531836817146956,0.34817327718144975,0.3061427329532811,0.10797605053669562,1A1-052
2020-03-16,0.4857308649842337,0.5356537799800037,0.5258500148320681,0.48620106021819626,0.47767735198145517,0.43508820905525225,0.34786553247124247,0.31539075907228176,0.1369820806644766,050215
2020-03-16,0.5871327916971331,0.6229383334942952,0.6143407117037561,0.5540535792138627,0.5327664791462593,0.46381963790510616,0.3264327847987746,0.2851573270926172,0.10675196706723127,1A2-077
2020-03-21,0.44885533547314604,0.49193264330176895,0.48865244672513775,0.4713301843467498,0.46780529079663946,0.43975002071592195,0.3904060725107201,0.35884605873338393,0.14912023720978992,1A1-071
2020-03-21,0.3293056209242985,0.3835383115962575,0.3821731499858236,0.3741818755316133,0.3697171321236178,0.3436777502126453,0.2917744116813155,0.2631445988091863,0.1248776509781684,030172
2020-03-21,0.465470742621887,0.5085597834112726,0.49834175597968383,0.47773817152574194,0.46790490009621194,0.438897628263934,0.38685452979213764,0.3582338845009286,0.14405415165685898,1A2-028
2020-03-21,0.4563102855116149,0.5229164195779393,0.5249775155169357,0.500525431814151,0.49049484128391563,0.4501969941478987,0.39166806171307017,0.35753977123603464,0.14950191345983335,020138
2020-03-21,0.5263406809176041,0.5642729534267998,0.5529002594310285,0.5314560761945377,0.5201776320699397,0.4880900545515928,0.41817539669847337,0.38420191197114234,0.1451454608454609,1A1-102
2020-03-21,0.5052411836847731,0.5888721565059144,0.580710634173359,0.5487536653875065,0.5383092416030383,0.5031637219606758,0.44316757130988654,0.40529847687621146,0.16866086165288602,020188
2020-03-21,0.4823192216139016,0.6490693644370389,0.645927457748155,0.6163034396572243,0.604262627945727,0.572689300166627,0.5302326826945963,0.48604015710545106,0.18315908117114968,020197
2020-03-21,0.4843358833406882,0.5465526829925972,0.549188563269108,0.5269175356670096,0.5154003180614798,0.4658125674118743,0.39484113288718936,0.358871397754572,0.1479593684120213,1A1-029
2020-03-21,0.513082534593715,0.593825258716202,0.5874222389854078,0.5634374861507271,0.5578820607717876,0.5275296975554563,0.4733603403974448,0.4353451969543386,0.16601805002239456,1A1-107
2020-03-21,0.5158681573498966,0.5845207039337473,0.5816326625258799,0.5616383105590061,0.5531631304347827,0.510763271221532,0.43696405797101456,0.3957372919254658,0.14961865838509317,020058
2020-03-21,0.5355421592359488,0.5823545464548218,0.5730677214911319,0.5476196272171121,0.537207735134897,0.491848270322609,0.4099967871132434,0.3703455591743322,0.14176336428854372,020059
2020-03-21,0.4100254239230063,0.5473860563703025,0.5395677131072409,0.5025534257561869,0.4821645164986252,0.43523509395050414,0.34461293538038507,0.3022989115490376,0.12810020623281393,030171
2020-04-20,0.09179117347516128,0.08468645467918975,0.08971731356795291,0.09238735996378863,0.09439143374448342,0.09740559013239786,0.10123796537286411,0.10339861944098677,0.11910588434989249,030171
2020-04-20,0.08734369011698691,0.08896373140648989,0.09465908898417233,0.09596044148006987,0.09960671483775346,0.10515278968821128,0.11106188396590969,0.11293290985125196,0.11411249007463872,1A1-107
2020-04-20,0.09416631280962491,0.11048786978060865,0.11262611464968153,0.108474890304317,0.11266058032554845,0.1251190516631281,0.1437697664543524,0.13347932059447984,0.12862751592356686,1A1-102
2020-04-20,0.1002252109348633,0.09450057374282815,0.10024352851839351,0.10460375464056695,0.10811200641241984,0.11167619811002359,0.11966941444481942,0.1209870232872089,0.12888338677016536,020058
2020-04-20,0.09681845191555906,0.09376396924680747,0.09791973547041964,0.10173498175658066,0.10374285900443059,0.10620688037529319,0.11310792285639826,0.11388947745634616,0.12115682173573115,020059
2020-04-20,0.09280517912986228,0.08856997311680476,0.09363641850002741,0.09868797388489602,0.1024299610467987,0.10213036703791077,0.10987252976353756,0.11152884731442363,0.12930071871399568,030172
2020-04-20,0.08683087078522478,0.08908414830488982,0.0953633699802199,0.09203457840747042,0.09235223331339991,0.09549774598647592,0.10001654629927782,0.10227211003266022,0.11153796402778417,020188
2020-04-20,0.08525795021451757,0.08781022061545837,0.09387261798462439,0.09856984994664282,0.09738909989764141,0.09477466733453842,0.09867819979528282,0.0997546703835181,0.11265203083825165,1A2-028
2020-04-20,0.09731860219664236,0.09634367723209863,0.10785373857976842,0.10790339391140884,0.12208478511824267,0.1451829298459713,0.15780844684851097,0.16034969161252036,0.14549197038160883,1A1-071
2020-04-20,0.103297971248646,0.11663711054399903,0.15201524592872745,0.13404633814970535,0.12104533019993752,0.09878821304643172,0.09964146547450745,0.0990659463528375,0.1079415278976261,020138
2020-04-20,0.08367766917293264,0.084096887477314,0.0889349267565466,0.09246883977184343,0.09317544723878667,0.09251462470832254,0.09590641366346911,0.09787521130412236,0.11036900246305427,1A1-029
2020-04-20,0.09077721860807658,0.08997676445317294,0.09804259236528784,0.1033434515772677,0.11576991530624768,0.12934761261814168,0.1430764821406653,0.14610813796489505,0.13638588437461643,020197
2020-04-23,0.01574533041730701,0.013579105095164913,0.017747286913346733,0.013592765102257948,0.017230541435157815,0.018986570516609517,0.020870226977184065,0.023553972100721122,0.021911591204634116,1A2-076
2020-04-25,0.11369002640070403,0.11546413415468863,0.11597103744988757,0.1108852302728073,0.11397089566832902,0.11478787034320914,0.11895586193409607,0.11898749877774523,0.11940386721423679,1A2-076
2020-04-25,0.11275835091483201,0.11334252311135529,0.11425789082602159,0.11568684309938014,0.12297946368113828,0.13026066062480862,0.13912152420901028,0.13888335358769485,0.13499383263601317,1A1-110
2020-04-25,0.11439220257660908,0.11286877915915605,0.11237544931608517,0.1115124025819106,0.11446471940939446,0.11656866848690485,0.12084426558689416,0.12174674146431974,0.12564090963312488,040576
2020-04-25,0.11592429418324827,0.11649757586429535,0.11776534307683283,0.11856954275987551,0.12197264483183651,0.11903354757292946,0.12419737042906606,0.12339418618301334,0.1313020338087691,1A3-048
2020-04-25,0.12086669924454535,0.12217657034180356,0.12194922605525911,0.12252264250620733,0.1311398779650271,0.1430754847060065,0.15513716783770928,0.15558899043795232,0.14809977019388226,040186
2020-04-25,0.11361829597388465,0.11259855277475521,0.11118154951033737,0.10959255495103375,0.1102190337323177,0.11038963656147982,0.11317285310119692,0.112655486398259,0.1208241392818281,040704
2020-04-25,0.11609659700577389,0.1192824587399724,0.12030918706249039,0.12213420366869346,0.12963928261202798,0.13984723315109085,0.14995023759644366,0.15087643452046393,0.15036266414593014,1A1-103
2020-04-25,0.11678038787093752,0.1152667827041226,0.11424468071709341,0.11421388221748466,0.11717328619873889,0.12130592060879182,0.1270705714619818,0.12718967806352366,0.13424411762060254,040707
2020-05-03,0.03376298523516183,0.03233309377138946,0.037379847462599,0.030491453994328763,0.034622821941918465,0.03472628336755649,0.03468788012124769,0.03883854991688669,0.035645834555588146,1A2-076
2020-05-05,0.13112695953210687,0.1290383282116196,0.12201679947537389,0.11766611509749057,0.11753495474336777,0.1185894975636911,0.12017155961903608,0.11901149297321206,0.1191176382672086,1A2-077
2020-05-05,0.11659022084020826,0.12111969158522654,0.12287568853915475,0.12451320599060794,0.13332198883106997,0.14687627871557304,0.1586584401573804,0.1598875555273512,0.1553659474552608,1A1-103
2020-05-05,0.1146486484015923,0.11597987213876197,0.11399824804965919,0.1122178482976114,0.11418611522937017,0.11802354177914505,0.12221978706933258,0.1216813164337115,0.12165332750587736,060182
2020-05-05,0.11203126173317984,0.1120677814449223,0.11142064055592554,0.10964051807666685,0.11137955020287034,0.1129465231938474,0.11671488751286857,0.11676927345122018,0.1185748576878821,040576
2020-05-05,0.11148722314354159,0.11093845660585953,0.10992147484798227,0.10789549437995206,0.10969650709415878,0.11040381131380125,0.1134048063386769,0.11356809581721017,0.1176330687304219,040576
2020-05-05,0.11052879770516336,0.11087065352955851,0.11278294462459466,0.10941780369169368,0.11753904963831378,0.13379214891494134,0.14326575205786987,0.14431904464953854,0.13166209777999505,050669
2020-05-05,0.1424,0.13846666666666665,0.12916666666666668,0.12120000000000002,0.11973333333333334,0.11996666666666667,0.123,0.11933333333333333,0.1216,1A1-102
2020-05-05,0.11519753971217646,0.11493857610662678,0.11432136558182288,0.11389036423175253,0.1172782293970643,0.12183729784850478,0.12784346077614683,0.12744172722833402,0.13129229310889615,040707
2020-05-05,0.11326095587305596,0.11889690647785225,0.12431234880094405,0.1328179710877903,0.1488822269987777,0.15954137901968227,0.18029314283305933,0.18089272980149199,0.1778058751633161,040887
2020-05-05,0.11205671450151068,0.11353968655589125,0.11438943353474318,0.11403601586102717,0.1167482212990937,0.11337944108761336,0.11723373489425984,0.11629001132930518,0.12050431268882175,1A3-048
2020-05-05,0.11603075569592092,0.11759995668161526,0.11653467337491312,0.11401014659477293,0.11479946651399527,0.1154451445449649,0.11672896338658659,0.11686872877064206,0.11832578783637612,040826
2020-05-05,0.11928082260409542,0.12118838614745922,0.11884277961707561,0.11730613799989503,0.1184907117207068,0.1195119705011648,0.12255905127261905,0.1216264771313959,0.12249586630931743,1A1-052
2020-05-05,0.11322664781490074,0.1141388653451553,0.11483550600569686,0.11553848610751925,0.12315409431294567,0.13000926838660698,0.1389306014002912,0.138244863868979,0.1340537907718209,1A1-110
2020-05-05,0.11376942021350804,0.11504458696797372,0.11613655215289506,0.11695528598100409,0.12438458266838147,0.13206972312173643,0.141678364334299,0.14093430764940099,0.13488027532886032,1A1-110
2020-05-05,0.1166013401403956,0.11888918315252077,0.12021869814932995,0.11458685386088063,0.11867253509891508,0.12174757498404587,0.1268044511805999,0.12717993777919592,0.12418022495213786,1A2-076
2020-05-05,0.11373450220128199,0.11440921320254366,0.11522816482582832,0.11109021008727893,0.11716080301742998,0.12994977858448536,0.13800368296387838,0.13854298807960655,0.1283778558739476,1A2-078
2020-05-05,0.11310859945395421,0.11364428569237381,0.11384894932204447,0.11169033989815343,0.11897668798699314,0.12923417157494332,0.13738011764525437,0.13710853426590597,0.12637422617952038,1A1-017
2020-05-05,0.11632644787644793,0.11339033676533682,0.11623864221364223,0.11522643715143716,0.130824495924496,0.1534395323895324,0.16658809523809526,0.167959051909052,0.1560481123981125,060315A
2020-05-05,0.11469279851062031,0.11051905729034443,0.11049258695100278,0.10855657950410427,0.11307666920538213,0.12030416349327241,0.12351232969450793,0.12806146230007617,0.13030942709655577,1A1-087
2020-05-05,0.11091501650722849,0.11217661156745395,0.11093976382832477,0.10946955796685022,0.11070839727771573,0.11197980427948476,0.11454781518665003,0.11484021848133492,0.11503263980439214,040874
2020-05-05,0.11250519737289992,0.11248456090190403,0.11137582600047942,0.10821997229646334,0.11237511624534227,0.12096967380269513,0.12668250740684814,0.12615521113587472,0.12100944968818743,1A1-089
2020-05-05,0.10954407749780305,0.1107362002474713,0.10864456347734294,0.10840166930984434,0.10939113983613127,0.11061302634297927,0.1125604357384175,0.11230645640748604,0.11261196898892875,1A1-059
2020-05-05,0.1109225327300149,0.11041493725490208,0.10835722232277518,0.10723426365007542,0.10906082684766243,0.1117491227752643,0.11527725972850707,0.11502812911010585,0.11680949592760183,1A1-106
2020-05-05,0.1091611122873093,0.11285012424367359,0.11474871020580996,0.11418817957946581,0.12237884626098963,0.1329647159109902,0.14159964008334905,0.14188512084507973,0.1371909218546294,050215
2020-05-05,0.11136269476171069,0.1109636638909916,0.11006415303092072,0.10655091380988434,0.10929642170849588,0.11439823643426981,0.11886989792947424,0.11873167846536525,0.11886037342672476,1A1-105
2020-05-05,0.11264187888863705,0.11496975931383653,0.11455204098340004,0.11614558616086039,0.12039369631476851,0.12379025101387932,0.12997253898083064,0.12973428927680786,0.13475099876571175,040852
2020-05-05,0.1100802628213326,0.11012262117917894,0.10879668755595341,0.1061186500831309,0.10590719721191964,0.10522608070085687,0.10726451912009216,0.10677929722470904,0.11191977234940526,040704
2020-05-05,0.11756004552520535,0.11870712969131682,0.11975667999111708,0.11862930379746833,0.12506795691761044,0.13539093382189646,0.1444023784143904,0.1458067477237397,0.13969367976904284,1A2-066
2020-05-05,0.11789155891220277,0.1212671632609558,0.12458046959222827,0.12379818192892157,0.13195855711544893,0.14429631330511325,0.15518509973505476,0.15588535980753404,0.15034265432286764,070859
2020-05-05,0.10913119749013815,0.11090607764885003,0.10986796650441774,0.10835545041408116,0.10998762139841747,0.11270102424508069,0.11599858543449666,0.11568066252970088,0.11739815220650986,040850
2020-05-05,0.11106315254437867,0.11101784111599663,0.10919790768031022,0.10722779025278435,0.10909772525509949,0.11276706528664084,0.11651344237069225,0.11603568397269173,0.11606789072590608,1A1-109
2020-05-05,0.11340000360282476,0.11576446534082731,0.11770455156842971,0.11733745376375088,0.12455497790267567,0.13516460945381178,0.1443341367632224,0.14596544170629783,0.14111979632031507,1A2-066
2020-05-05,0.11338171072426385,0.1138592520954224,0.11303696539866752,0.11121051911767585,0.11627867260613871,0.12441116190922775,0.1296683058828127,0.13048614969814204,0.12805846081706818,1A3-001
2020-05-05,0.11468386310687406,0.11683636826178918,0.1170316150282515,0.11741462121414983,0.12512091690544402,0.1357465790107917,0.14733754652813097,0.14706392362691803,0.13746212409286881,040186
2020-05-05,0.1140616563188838,0.11461010934506786,0.11239868317823601,0.11167300890502552,0.11336263832447623,0.11431749630092779,0.11736554695778312,0.1162257382034445,0.11574058736303844,1A1-103
2020-05-20,0.11861733161354157,0.11600804120432524,0.11996058732065873,0.11476607710792286,0.11567097674747333,0.1176993427097321,0.1186355625839282,0.12104467806912152,0.12081547635875334,1A1-102
2020-05-20,0.11846421322327301,0.11402641179563813,0.1142890354538677,0.11365861375378582,0.11610204596061688,0.11780029261680006,0.12088209883994679,0.12021772397193058,0.12060914132082373,1A1-103
2020-05-20,0.12299570663823084,0.1180309448411801,0.11928270807078764,0.11853844045195547,0.12059832724765986,0.12228173597871611,0.12385430090154119,0.12564294600445908,0.12666579636152123,040874
2020-05-20,0.1200641699203923,0.11516093321008246,0.11717276907051502,0.11599609656323721,0.1181898976973276,0.1214284615968322,0.12212616306342347,0.12445711186379887,0.1240784843614188,1A2-077
2020-05-20,0.11760958512160231,0.10769659831505325,0.11014744078842792,0.10830216976633283,0.11293703703703704,0.1185920600858369,0.12222871562549677,0.12574310920362425,0.13321351136544268,1A1-087
2020-05-20,0.11590831878273887,0.1120517460713395,0.1168666999251684,0.11312272387128962,0.122049551010227,0.13740364180593662,0.14639544150661024,0.14746252806186086,0.134827506859566,050669
2020-05-20,0.11479184715618941,0.10952637788343018,0.11235991078241471,0.11259977695603694,0.11636924634618767,0.11293156659036209,0.11653691964547745,0.11703517638081826,0.12386948112930682,1A3-048
2020-05-20,0.11412703614059053,0.10901586651417235,0.11066292316467341,0.10804641386871888,0.11289046939324382,0.12296811152190068,0.12879920620144042,0.12909602066358739,0.1257547502312538,1A1-089
2020-05-20,0.11555344069640915,0.11074363438520131,0.11131842437431994,0.10887924265505991,0.10940746245919485,0.10860709466811751,0.11039990859630035,0.11071181066376497,0.11797650707290536,040704
2020-05-20,0.11350522422325404,0.11026828095505327,0.11193488214887004,0.11217258175603285,0.11393868169991338,0.1143136995561452,0.11617269144431401,0.11764204759961228,0.11574630248456715,050706
2020-05-20,0.1428636670416198,0.14363926441013053,0.15330022156321377,0.16172120189521771,0.1807676415448069,0.19183774755428304,0.20739778436786302,0.21296219449841494,0.20790316324095853,040887
2020-05-20,0.11654142279742866,0.11183392264036357,0.11332493225272769,0.11194909635400319,0.11423083956356937,0.11741854620845646,0.12043789156248047,0.12114633368934676,0.12438377332411896,040850
2020-05-20,0.11715755387006385,0.11317674343272839,0.11388265578640108,0.1119738291251562,0.11461160829666198,0.11910592407017502,0.12344774922550479,0.12306778134250447,0.12439242838288159,1A1-109
2020-05-20,0.12101743424269094,0.11614565366187544,0.12109984844040288,0.11471837782340863,0.11777915322186365,0.11930105113914152,0.12183811479417224,0.12304952087611228,0.12501028649652882,1A2-076
2020-05-20,0.12045674097944932,0.11477562998573614,0.11817204289714192,0.11822403983306033,0.12718250567911668,0.13892953140683592,0.14896621585926345,0.1504513735538062,0.1467437661788788,040186
2020-05-20,0.11487872459897627,0.11145552325680926,0.11296316402170752,0.1115648530292915,0.11353684693475766,0.11450819064249376,0.11747581189118857,0.11699926591683353,0.11834609761525697,1A1-052
2020-05-20,0.11780683575791685,0.11370364061753835,0.117557589148889,0.11826427576105338,0.1271617919586027,0.13565193194534553,0.1447672513702876,0.1450270711124095,0.1421880125660198,1A1-110
2020-05-20,0.11774387647096478,0.11330143924760681,0.11675148058788719,0.11732168921375077,0.12619898716312974,0.1342673556119431,0.143079632606077,0.14337131162731054,0.14171796288640687,1A1-110
2020-05-20,0.11288773811617152,0.10854420803782518,0.11168229881015193,0.11094430181896339,0.11666201277768004,0.12523459156360514,0.13035139401754492,0.13239044018521773,0.13013518941836147,1A3-001
2020-05-20,0.114663333561785,0.10896112344417201,0.10954549051976661,0.10863811968664434,0.11137381351816071,0.11489175131781654,0.11868678905698293,0.11895646691081191,0.1223769437979936,1A1-106
2020-05-20,0.12649859331385557,0.12208433100973715,0.12430981022014859,0.12636401399169128,0.1316143815742657,0.1342754839711948,0.1387538685121799,0.14021750114008236,0.1453095020220801,040852
2020-05-20,0.11852221711781749,0.1157292635521945,0.11953389462152803,0.11429109654392536,0.11465585377058446,0.11644611103258176,0.11749850342780396,0.1199210138525691,0.12045181108205531,1A1-102
2020-05-20,0.11726786661989189,0.11117765784242298,0.1125008473432819,0.1119003921886103,0.11546483525379819,0.1192923046477948,0.1237956580403162,0.12502213077151403,0.13143785069847355,040707
2020-05-20,0.12082497485752597,0.11829328416582856,0.12503784780422394,0.12631541513018216,0.139121974522293,0.16507624874287627,0.18221778969717287,0.18295490557604213,0.1706425969382054,050707
2020-05-20,0.12268681722957442,0.12123660518113537,0.12541857850901847,0.12604121404118337,0.134931940115477,0.14781556895406464,0.1583007613305401,0.1599356752337642,0.16092589034796378,1A1-103
2020-05-20,0.11305848114079485,0.10643860525505042,0.10656173803969897,0.10555280357378634,0.10723408080630252,0.1093462259583645,0.11102348708243481,0.11172551604242768,0.11176314422780692,020059
2020-05-20,0.11415018849818362,0.1103787899559029,0.11167257294308493,0.10883064180775467,0.11421397856832771,0.12355299883473844,0.12799086297895673,0.12892356341535854,0.12269429021865778,1A1-107
2020-05-20,0.11669894337307817,0.111444734118008,0.11495166046850452,0.11274444120691639,0.12127789594755216,0.133609443698961,0.14225039220948527,0.14281924088486772,0.13307398688801148,1A1-017
2020-05-20,0.11488765312736907,0.11231161186125989,0.11763244047946043,0.11659059097551071,0.1257745283951703,0.13855275162328756,0.14730872455201663,0.14882128566563022,0.13970392335666187,050215
2020-05-20,0.12431775916983462,0.11778735230658585,0.12021071098325287,0.11923201993218953,0.12634849481146618,0.13003824617281418,0.1367515257371828,0.13754798623240524,0.1440069557176616,030172
2020-05-20,0.11708887130593028,0.11319043003520986,0.1139282588914824,0.10696094473236539,0.10985182577046325,0.11604958658068593,0.11918347509593703,0.1200983740159038,0.12040809431498987,020188
2020-05-20,0.1174596255961036,0.11501501843271203,0.11979343693983154,0.11187503804917633,0.11318502046200159,0.11503222680691319,0.11742501099198423,0.11765358507795845,0.11678166706125073,020138
2020-05-20,0.11206589761629453,0.10804784339729953,0.10807837763527131,0.10692170916256262,0.10886827862643798,0.11237590524479957,0.1155250115236254,0.11600943535583066,0.11784153465039628,060182
2020-05-20,0.12293393777045127,0.11250496600041217,0.11359857819905216,0.11208445291572225,0.11757759118071297,0.12286809190191632,0.12687009066556768,0.12833389655882962,0.13272111065320424,030171
2020-05-20,0.11722549393001667,0.11240189240656985,0.11730013092120925,0.11569585812901687,0.13053838371816232,0.14975263032611286,0.16082871935253504,0.1638122708878838,0.14464303737205428,020197
2020-05-20,0.11738260846766205,0.11182221056937003,0.11540597686442715,0.11095123595976976,0.11666656668519464,0.1278708550513367,0.13461373871275614,0.13548329750081275,0.12742590009543697,1A2-078
2020-05-20,0.11399797382061479,0.11023881930194789,0.11198299750070491,0.10903258856937265,0.11399268640169603,0.122306970309932,0.12648649408240867,0.12732499878438974,0.12328488412801847,1A1-071
2020-05-20,0.12307432984272025,0.11933550721707843,0.1233594388064529,0.12309708890955408,0.1297543080095419,0.1378019285974204,0.14256545101686002,0.14540783568511706,0.13813077669510368,1A2-028
2020-05-20,0.11366865642418794,0.10855918427283918,0.10955191113395381,0.10862157467403336,0.11243923407796279,0.11546885160642953,0.11745943941702287,0.11870422364580858,0.11925802358095168,1A1-029
2020-05-20,0.11557422661965834,0.10999264261478094,0.11149100307496541,0.11030604389778398,0.11311764659102946,0.11471252584561548,0.11823122017813592,0.11889030988230309,0.12376289563672989,040576
2020-05-20,0.11548857292439814,0.10933210754426888,0.11042346516806269,0.10899919215883798,0.11170124522850185,0.11278382329551496,0.11586665915597504,0.11652532141342392,0.12301593216519975,040576
2020-05-20,0.12308159980943345,0.11981283849452112,0.12316669175798,0.12105224773701755,0.12734680514530736,0.13676365983801814,0.1451977646498332,0.1455667775131014,0.14129073844687948,1A2-066
2020-05-20,0.11908232110528823,0.11667583134826111,0.12064327393997148,0.11903361124344938,0.12544763125297756,0.1342784363982849,0.14228071272034312,0.14281619342544064,0.1406009966650786,1A2-066
2020-05-20,0.12485968769869624,0.11972067611468777,0.11979023605150213,0.12034677937728473,0.12223619828922268,0.12351667908520128,0.12456138034493715,0.1262171902320773,0.12647302793673507,1A1-059
2020-05-20,0.12066680731364278,0.11026334739803098,0.11473837787154244,0.11381133614627284,0.12588224097515235,0.14505832161275203,0.15708431317393343,0.16050541022034692,0.1549772902015941,060315A
2020-05-20,0.11569105880324204,0.11044128954910128,0.11259271343991999,0.11001891089596744,0.1132281526371542,0.11976815173387866,0.12399983741039096,0.1248327256751986,0.1271077123313546,1A1-105
2020-05-20,0.11709387163561077,0.10920185507246369,0.11093898136645962,0.10995404554865425,0.11472663354037264,0.12133188405797099,0.1255312629399586,0.12711606625258798,0.12618948240165626,020058
2020-05-20,0.11898782327203127,0.11403533102900043,0.1153880876028084,0.11360246350388681,0.11476115594648846,0.11560317396328859,0.11679975708270353,0.11762240396227401,0.12029529267546285,040826
2020-05-20,0.12383344999403975,0.12212291810704486,0.1268672952676125,0.12583073310287285,0.13315528716175956,0.14288751698652993,0.15207916366670646,0.15185122851352956,0.15070872714268693,070859
2020-05-23,0.02307630292363352,0.021995282096411457,0.028273452625403348,0.01968796323457514,0.023836340080179916,0.027756702845409202,0.028881719956976633,0.031944084286692105,0.027706800625794472,1A2-076
2020-05-30,0.05501936479738297,0.04315941484233675,0.046903391574682894,0.04047746135597997,0.05289048170976096,0.08061703803199849,0.09004537734111812,0.09490019606356374,0.07259534321955881,1A2-078
2020-05-30,0.027984263159622248,0.024320106786874837,0.026818420735910356,0.021767877501449703,0.030786616628554534,0.04800961957175835,0.056695744936923545,0.06003836887425183,0.04243640053831086,1A2-066
2020-06-04,0.022660240584786776,0.024515392602070248,0.026979335298004208,0.01848935721701923,0.030562388438506154,0.05746827825612741,0.0668345942884711,0.07006957976319075,0.0418399051923944,1A2-078
2020-06-04,0.02172427521565878,0.02260316719288301,0.022220750915256653,0.017603018772881413,0.023075923577191917,0.034145774527529656,0.037878554659038784,0.03940156875444135,0.028909355857192964,040707
2020-06-04,0.021728390534858706,0.026069952087611228,0.029445409210912297,0.020240422411264312,0.026249687102767184,0.0362014569277403,0.04128580228806103,0.04203156350836022,0.028927094944754074,1A2-076
2020-06-04,0.02642878671402818,0.02709182947195417,0.02603022280245996,0.02115918049517551,0.026629584614568973,0.032986083792810955,0.036202174345244385,0.03744911263386702,0.02879523446612236,040576
2020-06-04,0.0329090848704716,0.033546063052475615,0.036414858719534,0.030615993050942723,0.045182836850442,0.07264325277195853,0.08296727811557918,0.08686521383679932,0.06056947013438249,1A1-103
2020-06-04,0.02080433761812528,0.02094519281563654,0.01996142219874391,0.017613831660503607,0.02307968539062042,0.024462936549862063,0.028043828138756825,0.028393572812114798,0.023330650936197673,1A3-048
2020-06-04,0.056544296633838045,0.0862066919006321,0.08433001249448775,0.06438466117889165,0.08720106203145672,0.1343968175804792,0.1923610502719389,0.14208679259150375,0.10617311480229308,040186
2020-06-04,0.02833085469271077,0.031320598380181024,0.03240408861362552,0.026170116245831335,0.03617784278227725,0.05718896808003809,0.06527351977131964,0.06885866888994759,0.04908705192949024,1A2-066
2020-06-04,0.020580374319912928,0.02112470293797605,0.020015468988030482,0.015191645266594113,0.01698137540805224,0.0189811077257889,0.021569730141458097,0.021452126224156678,0.019006058759521216,040704
2020-06-04,0.03457721351010198,0.03442569354285517,0.036918312512233126,0.031649920181293485,0.04645320307351397,0.0710644687342316,0.07757289539888676,0.08341339499754886,0.05577584465071012,1A1-110
2020-06-09,0.13144999999999998,0.1253,0.1263125,0.11835000000000001,0.12465,0.14101249999999999,0.1414625,0.1465,0.1265625,040704
2020-06-09,0.13627108669237667,0.1304507897934386,0.13516114163452903,0.12435399651328638,0.14205969147868347,0.18393910666173588,0.19164907813407983,0.1982741534153942,0.1523696603095778,040186
2020-06-09,0.13815662077597007,0.1397996829370046,0.14869556111806428,0.1408359949937422,0.16516820191906548,0.21741148936170207,0.2309453650396329,0.24212000000000003,0.19856530663329167,1A1-103
2020-06-09,0.13978242506056152,0.13395291621206792,0.14464690348946854,0.135991706270688,0.1671782920650183,0.2248732326127557,0.2411236274201597,0.25570101891746944,0.1944727647613588,1A1-110
2020-06-09,0.13141962610009522,0.12574812453610448,0.12686922714982485,0.12045123396246435,0.12806427937122264,0.1411412118280138,0.14299075721026408,0.14588378750927813,0.13094753803944445,040576
2020-06-09,0.12580880023467297,0.12213752322284155,0.1272991053094749,0.11703902415175521,0.12289772660604283,0.13379065708418897,0.13535056223721523,0.13899293047814615,0.1261996039894397,1A2-076
2020-06-17,0.014318363156350841,0.018176772269482742,0.021987611225188212,0.012602405397477263,0.017286193409602038,0.02489895863889706,0.02962151657377531,0.031054947687493898,0.019944001173364628,1A2-076
2020-06-17,0.03350822547414022,0.03733677954461408,0.039602504094246906,0.03439630461197101,0.04745201014316658,0.07389141528871042,0.0839988800253579,0.08844938454223675,0.0545375931110993,040186
2020-06-19,0.035171307619943554,0.030975729068673567,0.030342521166509887,0.02605625587958608,0.03571542803386642,0.05734910630291628,0.06224139228598308,0.07272765757290688,0.050182596425211674,040707
2020-06-19,0.01787400809716599,0.01288062348178138,0.018049327935222664,0.011444445344129552,0.024495352226720644,0.06376893117408906,0.0725412874493927,0.08110010526315788,0.03385804048582995,040186
2020-06-19,0.07637436395759714,0.02913141342756184,0.030566713780918724,0.028625088339222605,0.03670816254416961,0.06036328621908126,0.054139310954063595,0.0847673144876325,0.05598966431095404,040704
2020-06-19,0.07229876128709378,0.06322720476299708,0.0680104967363877,0.06018629908452033,0.08265000208537518,0.13651122204681596,0.15877092569807943,0.1640149010489438,0.11978986716159562,040576
2020-06-19,0.030498753257370573,0.023536651167543807,0.029451545654284407,0.02536396198456901,0.041475806039548306,0.07550790455265444,0.08777911706095753,0.09381577333810232,0.06737542281947782,1A1-103
2020-06-19,0.18915967493960034,0.14071155282231493,0.1480622373526612,0.1411846182004538,0.18354918368841056,0.2815924738267808,0.29543156892891126,0.3384907240647191,0.23892249798667548,1A3-048
2020-06-19,0.10508374928774926,0.07700231339031335,0.08066739601139603,0.07410976638176636,0.09469123646723641,0.13688543589743585,0.1314787008547008,0.17111072364672358,0.12276284900284899,1A2-076
2020-06-19,0.025050287246824423,0.020489264753875695,0.025861687053199415,0.020457045706065543,0.03792794945331029,0.06933378301171593,0.08026598271961022,0.08440381061722343,0.05280410112984359,1A1-110
2020-06-22,0.09544760155030954,0.0797130366940152,0.08184802436200732,0.06600582372778982,0.08305771379674835,0.12490414254794382,0.15008824684149588,0.1453013036694015,0.09984117883928117,1A2-076
2020-07-04,0.12003754336615095,0.11982379746835442,0.12253519924988285,0.11377358649789027,0.1316998968588842,0.1860434599156119,0.20756412564463197,0.21257647444913272,0.1591326863572433,060315A
2020-07-04,0.13374283852926908,0.1328829649155336,0.1309028980641151,0.12766698572266189,0.13481376868607395,0.14677633740422055,0.15189744822021878,0.15452843490505974,0.1415593424105598,040852
2020-07-04,0.12035563795607593,0.12027668456493994,0.11760445843052675,0.11512210730161525,0.11722800492936053,0.12394605431098987,0.12584854979974475,0.12642811055851405,0.11718395537168257,020059
2020-07-04,0.12452717699607695,0.12418441443113128,0.12369887339624645,0.11873991093203257,0.12470302725055667,0.13079311777648184,0.13576253777436129,0.1369946804421588,0.13071041777118006,040576
2020-07-04,0.12124976324956882,0.12288349173064568,0.12510879527851998,0.11250988094835458,0.1145280278689078,0.12411609902932323,0.12748893191734023,0.12895103831974825,0.11630420232015416,020138
2020-07-04,0.13174786734044816,0.1351448194218673,0.1376000106014559,0.12888367375786272,0.12985445437840126,0.12942591525902897,0.12943320022616445,0.13353815640681319,0.1307261007845076,1A1-102
2020-07-04,0.12670958458747184,0.12555231513041296,0.12539857264213278,0.11490564126228371,0.12310071630082543,0.14716729766861386,0.15585852272131404,0.1595368029700789,0.13165226688760484,1A2-078
2020-07-04,0.13941727270258517,0.13450778839887026,0.13334648327177936,0.1279703562893765,0.13370892624375405,0.15484641402346294,0.1609894824027808,0.1692853967521181,0.147464440310667,070859
2020-07-04,0.12459515969594703,0.126505562940996,0.13253472747724712,0.12712698299076255,0.15070101237345326,0.20321390735248995,0.22680083853154706,0.2310859972048949,0.17297765279340083,040887
2020-07-04,0.13316824849623163,0.13335384085019386,0.13363572073892685,0.12454167875228847,0.13521966786334141,0.16418368084448787,0.1779435712417679,0.18150671881315253,0.15136722854901238,1A2-066
2020-07-04,0.11995818321094608,0.12191358761688414,0.12262267420360294,0.11613665803793105,0.12775915790585857,0.1610143377885783,0.1774799936605207,0.17818717840350778,0.13857559828834054,040186
2020-07-04,0.13616466947826197,0.13546383675224907,0.13534740445155982,0.125520468094766,0.1372954528619731,0.16887934313807482,0.18242502598535262,0.18577268610888753,0.15173996726442918,1A2-066
2020-07-04,0.13371853311188078,0.13696871510354092,0.14000958548307305,0.1301668439465686,0.13195295250547734,0.13708928369496085,0.13846738285391189,0.1420950049473461,0.1317112057389215,1A1-102
2020-07-04,0.12644383098989606,0.12724558609482084,0.12572325302056106,0.12484176782307636,0.128345133893874,0.12828273298947218,0.1286993259379636,0.13078160955274498,0.12721478979721634,050706
2020-07-04,0.12640324869249261,0.1254133589772122,0.12323397292656012,0.11562664908286559,0.12146979455824476,0.14037247303031866,0.1478593525471948,0.148406142200221,0.12753529802738603,1A1-089
2020-07-04,0.12901423265644518,0.127721287650193,0.12363266018322208,0.11822858526341555,0.1215112940384928,0.13308789009405778,0.1392260856711793,0.13950343608981686,0.12672375530092977,1A1-106
2020-07-04,0.12455915730552494,0.1234622282712878,0.123562490511061,0.11599606793697062,0.12731219261588017,0.153198243300234,0.16349249396158444,0.16492059655714442,0.13543816048767401,1A1-017
2020-07-04,0.12807414596797795,0.1251044835273718,0.12209843267953252,0.11608283829126034,0.12023047942891882,0.134545560384624,0.13926395388114482,0.14065632670524914,0.12367664557389604,040707
2020-07-04,0.11854626758988251,0.11897561047953396,0.11953350222213577,0.1125021059234263,0.11780134592381537,0.1348758161608107,0.14069681218333346,0.14206802263952775,0.1231081781404077,1A1-071
2020-07-04,0.160852584643289,0.16225430773881497,0.15928293530834342,0.1487941051995163,0.15845660519951635,0.18734099153567102,0.21445728536880285,0.19980116384522373,0.17786389056831928,040704
2020-07-04,0.11968386912513979,0.11982604016724928,0.11981868988050351,0.11342345831334098,0.11919486599492769,0.137540018735577,0.14242620924440785,0.14538308542966166,0.12506144126853563,1A1-107
2020-07-04,0.1347823594062968,0.13965168541249384,0.1375963833393253,0.13430415421224753,0.13769366784791065,0.13959219180661844,0.14237593617859035,0.14128411107116598,0.13626545871638163,1A1-052
2020-07-04,0.12458938733279108,0.12370221836277205,0.12243321385460543,0.11496759580880127,0.11722514842460509,0.12823767973131667,0.13351448156086018,0.13410431067753886,0.12063015339262097,1A1-105
2020-07-04,0.12054952795266684,0.12107177750448193,0.12197472787679657,0.11577988032085755,0.1258237669560749,0.14545105025177923,0.149835453416301,0.15189453673280853,0.13006400937364251,1A1-029
2020-07-04,0.123599369101898,0.12392468123740837,0.12412035375357869,0.11909882435584769,0.1262482981656239,0.13528664510656346,0.14044989065316502,0.14159398261053974,0.13146749483087694,040576
2020-07-04,0.1239643299952313,0.12140021459227461,0.12018810205054843,0.11295945000794783,0.11814587505960897,0.13509384835479252,0.13981358289620094,0.14583446987760298,0.1307361786679383,1A1-087
2020-07-04,0.16082328187351344,0.15440473618444922,0.15411902132290697,0.1505570357531541,0.1589349087024871,0.18370796686686292,0.18336994034422982,0.20256797734693047,0.1711646418638398,1A2-077
2020-07-04,0.1261886622829548,0.12725776225213192,0.12928524093290872,0.12148194287475597,0.1346307048186582,0.1601740367820816,0.1703879533545669,0.1727035189561287,0.14597643069968155,030172
2020-07-04,0.13221035695445732,0.13433727214114063,0.1347348025711662,0.1322996190141258,0.13860747318445568,0.15074906121173054,0.1546993122716527,0.1593125608112069,0.1452818728874823,1A3-001
2020-07-04,0.1310250983698706,0.13656254075323218,0.13773113546936477,0.13192185497470488,0.1452560258572232,0.18056978639685212,0.19727551995503087,0.19913972456436188,0.16343038785834738,1A1-103
2020-07-04,0.13241848942260107,0.13102863001140683,0.1288532261597342,0.12388773833266897,0.1301510220855291,0.1442016174360913,0.1489060939194817,0.14969837325663607,0.13231788913848266,1A1-103
2020-07-04,0.1287454934542662,0.1281179607083659,0.12443806760421662,0.11857987208336637,0.12134736602696891,0.1310841344778746,0.13598455971797688,0.13619844342824874,0.12393048358138986,1A1-109
2020-07-04,0.11479204377016308,0.11512294009939834,0.11202763972447466,0.10772328450605982,0.11092758304996075,0.12201876798325921,0.1262813322870346,0.12643146307437444,0.11569180399337346,050215
2020-07-04,0.13812984132305287,0.14131587328193096,0.1456621466085596,0.13928533914403843,0.15826254330092743,0.20935067046597391,0.2278450217901441,0.22983232763437247,0.19085417923790365,050707
2020-07-04,0.13794325151914197,0.13147416982658777,0.12759769867838616,0.12314993733043528,0.126423471735233,0.1375507385489219,0.13912160434085896,0.146355290421869,0.13508102857414842,040850
2020-07-04,0.12428829589944367,0.1230321244590974,0.121845724294251,0.11734466309499275,0.12307487121368225,0.13787168761590765,0.14424822790026784,0.145474520914898,0.13066491860704726,030171
2020-07-04,0.11739379909545344,0.11882739823851463,0.12274998809807185,0.11483036181861458,0.13202458938348013,0.17341671030706968,0.18917832658890732,0.19345861699595335,0.14493114734587,020197
2020-07-04,0.13353400755388134,0.13086648924485036,0.13310367424613387,0.12429517282084837,0.141174117765385,0.18069768936977776,0.19242987488718133,0.1967070470251625,0.15371480709016774,1A1-110
2020-07-04,0.13241945759701307,0.13035665725031936,0.13322562316421363,0.12453006891053925,0.14221417186973337,0.18348150517096604,0.19535299343530807,0.19947206341053625,0.15422280601790173,1A1-110
2020-07-04,0.13019438359362606,0.12903605274399968,0.12544850456008594,0.12372781652360544,0.1258093300449055,0.1283519576577649,0.12928900115244008,0.13001068714234615,0.12475376480289321,1A1-059
2020-07-04,0.11922824444105676,0.12015650630485433,0.11990221486595376,0.11703981749678768,0.12204491800422505,0.13206097306008666,0.13608216346886776,0.13779690964130928,0.1255926868044515,1A2-028
2020-07-04,0.1199443050994975,0.12207147604541682,0.12114041223246425,0.10955921588796141,0.11289988922736084,0.12760280492147014,0.1329212327412272,0.13403810974403613,0.11992520473157411,020188
2020-07-04,0.11874112653884193,0.1183193548387096,0.11589440261795222,0.11308709650463503,0.11572167816333599,0.12220382126115639,0.12517323445927928,0.12660696620006104,0.12063427274467131,060182
2020-07-04,0.12900719903738925,0.1268963021658742,0.12738371485590183,0.12073182778658213,0.1320945941186828,0.14554635499207597,0.14992713505898922,0.15021335622468732,0.13146799319128943,1A3-048
2020-07-04,0.12331934575569353,0.12385898136645959,0.12281253830227741,0.11868117598343682,0.1253904927536232,0.14534025672877846,0.15266829813664595,0.15551497308488604,0.13577217391304347,020058
2020-07-04,0.13200590465886286,0.13147166883835754,0.12850382417018413,0.12154733228780037,0.12329343568456831,0.12913423174587557,0.1305654204367831,0.13122050613838598,0.12205609855055836,040826
2020-07-04,0.13315798623452998,0.13228604226580926,0.13007661270343923,0.12499361865985921,0.12791576350965636,0.13234241283484657,0.13394642560937509,0.1363716283753944,0.1276663343781302,040874
2020-07-07,0.047937513867610505,0.05042408737915365,0.050709987321041775,0.04486044693327689,0.0596080458555655,0.0867527180516667,0.09437049764910978,0.10188794970679906,0.06647724391145855,040186
2020-07-07,0.05473589517942703,0.05740417033343109,0.06340567615136404,0.061067585802288056,0.07199333137772564,0.08408310843844725,0.07701668133372447,0.09538003324533104,0.07559676346924811,1A2-076
2020-07-19,0.11911158915025667,0.11708872117079155,0.12368733813500873,0.1187457129721861,0.13939460194621103,0.1883285342119378,0.2062597348862156,0.21258041146272322,0.159715531376906,040887
2020-07-19,0.1303332029043969,0.1274247660346914,0.13509588745461887,0.12469118999596605,0.14944248487293266,0.20057663775716014,0.21670341064945545,0.2206020673658735,0.16493259580475997,1A1-017
2020-07-19,0.12949488314178825,0.1256575616368427,0.12740581186793756,0.12444280914998389,0.12722239345483632,0.1322679581545509,0.13212336681337164,0.13590917861232574,0.1288120345331879,1A2-077
2020-07-19,0.12450232002183914,0.11798966617268529,0.11674001754933318,0.11228577802043528,0.11544555533889699,0.12679331526401966,0.1306391498323062,0.13275963653381154,0.11938446845019877,1A1-109
2020-07-19,0.127508892859597,0.12105149161882017,0.11838550708792275,0.11697574362274352,0.11806486651963924,0.11670631790379908,0.11554318041246779,0.1173665327593857,0.11593863214649403,1A1-059
2020-07-19,0.12114928909952603,0.11617454477425791,0.1206064791718633,0.1141839860314293,0.12396577700174607,0.1520157832377151,0.16170742080319286,0.1688017647792467,0.13684746819655783,050669
2020-07-19,0.12694172177227223,0.12163958456407793,0.12409429442591709,0.11616891186279178,0.1252010185802762,0.1476347536922343,0.15416490805145314,0.1601916350643163,0.1357043382563125,1A2-066
2020-07-19,0.1573917597227571,0.15367512514439743,0.1647009626492107,0.15350625721986916,0.19098203696572977,0.30310970350404315,0.3252444743935312,0.36061959953792855,0.23980152098575291,060315A
2020-07-19,0.1239492894419319,0.11981099228746515,0.12169120374954599,0.11661124790499962,0.12144032192406286,0.1279973679095473,0.12916251113971688,0.13086056265196772,0.12206177509324352,1A1-052
2020-07-19,0.12981741893761353,0.12537978912409045,0.13528281202622808,0.12382069151758647,0.152558179673287,0.21302498152289256,0.22669554796467584,0.23517419814091903,0.1737305774806701,1A1-110
2020-07-19,0.1867307688647542,0.15751546353736087,0.1615866681337765,0.157861272460165,0.17316678780236822,0.20737754072717082,0.20487545009546157,0.23296588612450997,0.1925331390403912,040850
2020-07-19,0.1261053729456387,0.12026236954054273,0.12206640674744168,0.11592943654433555,0.11847515756641794,0.13206119621286916,0.13732032260743582,0.139330963762031,0.1253721137431139,1A1-105
2020-07-19,0.1168063536184757,0.11529354200771276,0.12246693217899565,0.11634537953614074,0.129884488952856,0.16012552214372816,0.16956839231369267,0.17531485184412043,0.1457395796482053,050215
2020-07-19,0.12474794921243072,0.11853732543390759,0.11808454790779557,0.11383391662244527,0.11749587189210861,0.12813989069800527,0.13251782580277724,0.1346338441427333,0.12330305773785649,1A1-106
2020-07-19,0.13216915078143557,0.12753598981766512,0.1274082394032676,0.12372948022732656,0.12820194470755394,0.13930195980345725,0.14155727060146783,0.14517132370352853,0.13181877930381247,060182
2020-07-19,0.1251205240590758,0.12040292710814672,0.12327011434016195,0.11571943782753692,0.12444752644116244,0.1463277427346356,0.15310163030014295,0.15914667746545963,0.13551541400666983,1A2-066
2020-07-19,0.283776608136622,0.2186060808726447,0.22523040806505354,0.22360435458595043,0.25194014757962024,0.3171345639861306,0.3076657704125076,0.36656344442936306,0.2877002727014725,070859
2020-07-19,0.13031223424510238,0.12459860406809087,0.12460632533413768,0.11935289686504423,0.12051051077346495,0.12250516306294465,0.12184176541557498,0.12379512366392056,0.11944509906309489,040826
2020-07-19,0.14247973147177057,0.13409964494843551,0.13042396543436457,0.12626325161685023,0.13146203788673305,0.14358615189652155,0.1518464090631008,0.15050186811746186,0.13932768965215864,040852
2020-07-19,0.15487901897469752,0.14297403067589728,0.1446052639089346,0.13830825648050737,0.14890723028123648,0.18134252101731144,0.1912548317391976,0.1976328705855493,0.1662432622291804,1A1-089
2020-07-19,0.23964908069255808,0.18945986021761554,0.19669221666269548,0.19864548387737277,0.22220984036216335,0.27172101798903947,0.2590383279723611,0.31485917421173826,0.2533820576205223,040874
2020-07-19,0.1315827609744462,0.12696073454564719,0.13081652595164878,0.12382243929593878,0.13615655285759728,0.1578895245732161,0.1639280279132649,0.16831331248011855,0.14590513731311613,040576
2020-07-19,0.1364216658473208,0.13410460706510285,0.1352285132382892,0.13277021560502844,0.13796827024369687,0.14418262518435282,0.15435811503616825,0.14489556148605937,0.138832453121708,050706
2020-07-19,0.13706902431267234,0.1361884868188565,0.14109971552759917,0.1326348169481942,0.1347390592974769,0.13648170365396847,0.13516591808608372,0.14152089900346312,0.13465480952717518,1A1-102
2020-07-19,0.12434198855507868,0.11748900810681927,0.1186987124463519,0.11305771737402638,0.11933800667620406,0.13731256556986168,0.14334844221904303,0.14941667461452865,0.13390783659195674,1A1-087
2020-07-19,0.12587649631362013,0.12266632022737048,0.1266756017241561,0.1185805990498265,0.1266428521987185,0.14901642457866207,0.1560430934127593,0.16058462942182058,0.13521020020765384,1A2-078
2020-07-19,0.11630243830959493,0.11290766465427976,0.11622711251782822,0.11252732352538929,0.1186351444815662,0.1320002481292617,0.13653342711447164,0.14186439442783755,0.1278340230154544,1A3-001
2020-07-19,0.13152825743720498,0.1261452401414122,0.12678873162614976,0.12181777254672248,0.12860769264311972,0.1422370094053609,0.14547008195306413,0.14732079935579895,0.13054320132590122,1A1-103
2020-07-24,0.11999102616937976,0.12055825262724093,0.11827109004739335,0.11513416443437054,0.12005834535338966,0.13190979806305378,0.13772660210179266,0.13984577580877805,0.1281957449000618,030171
2020-07-24,0.1126439088171587,0.11517245496328377,0.11651360082413226,0.1108443129589518,0.12081678641238305,0.15128943420148974,0.16908264303449722,0.16987285118072787,0.13348752443340897,040186
2020-07-24,0.1196177049964141,0.11619075782930907,0.11041893856084148,0.10681028926607695,0.10638218981592162,0.10672492469519483,0.10740279703562038,0.10803121204876877,0.1079341525221133,040707
2020-07-24,0.11791542857492486,0.1193553516033701,0.12322220794556925,0.11696319560442255,0.13193230847360143,0.15693360071464857,0.16151105808354296,0.16396791852518108,0.1388122359074139,1A1-029
2020-07-24,0.12437843960827005,0.12172248748639834,0.11992824591947762,0.111576872687704,0.11095382154515775,0.10821154951033733,0.10995354080522307,0.11070186942328612,0.1112404809575625,040704
2020-07-24,0.11196463449027018,0.11288872351184975,0.11315401200050575,0.10779334283130253,0.11239592089780133,0.12632956315825314,0.13217325511285727,0.13347767166849814,0.11981562205214491,1A1-071
2020-07-24,0.11408167780996148,0.11555525622318528,0.11554523161356359,0.11356579698151019,0.12010451466777014,0.13024233290502418,0.1345773482588149,0.13612727965677193,0.12576115382102487,1A2-028
2020-07-24,0.11822073696177413,0.11921154338234771,0.12470606080585031,0.11599174192260805,0.13699289107548832,0.18074170967006134,0.19508181437501312,0.1976972565734607,0.1525972501585897,1A1-110
2020-07-24,0.12068047236618269,0.12349446532420778,0.12334525062309601,0.11363072358270367,0.11663640068046051,0.12791940103651556,0.13237074415476507,0.1349431815484432,0.12407876725877284,020188
2020-07-24,0.11114754852339243,0.1093870758329299,0.1064019959508825,0.10515623872188724,0.10683403019233305,0.11107435852295246,0.11257415386646716,0.11461998371550552,0.10945225342194449,020059
2020-07-24,0.11668578491146227,0.11801444239741274,0.12125176214081214,0.11547912270703005,0.12566986401229976,0.13807403045806377,0.14392126696532703,0.1456496063513943,0.13407284686141438,040576
2020-07-24,0.11728075619028047,0.11688444980992505,0.12025635980684263,0.11274206308435221,0.12747876297133467,0.14937070276379336,0.1580240624678927,0.16108115688893457,0.13730893352512077,030172
2020-07-24,0.13328170077404297,0.12744000636199768,0.1294214696214611,0.118847992789736,0.12222566217792386,0.13246843388824095,0.13202025447990667,0.14357614887074538,0.13086941787721343,1A1-102
2020-07-24,0.11696138163609418,0.12136245976189258,0.12360801696387509,0.12043874099432833,0.13255668591283018,0.1615509171733688,0.17552020847171834,0.17885812171069437,0.15159179909049095,1A1-103
2020-07-24,0.11262658385093167,0.11034612836438924,0.10918597101449276,0.10644301449275359,0.11220281573498965,0.13012821532091096,0.13559547826086954,0.1402483975155279,0.12482017391304343,020058
2020-07-24,0.11578399736192367,0.11844875198701253,0.12137521730307443,0.11043994487097103,0.11161254100855683,0.11766858321777664,0.1209028545337708,0.12257808367436669,0.11484544086312438,020138
2020-07-24,0.113102990837846,0.11326164690291764,0.11326634222130824,0.10818138323394334,0.11329730618959492,0.12903242625722566,0.13412522676902686,0.1374920168163228,0.12078617679987198,1A1-107
2020-07-24,0.11300999761961436,0.11505648655082118,0.11916709116876933,0.11276624613187335,0.13005311830516547,0.16835643894310875,0.183544596524637,0.18858319447750538,0.14179986907879075,020197
2020-07-24,0.12221967189059113,0.120473586899102,0.12228936432470498,0.11645160532957678,0.12884153019897862,0.14200602218700473,0.14762375418207427,0.14878260550566413,0.13190568175148207,1A3-048
2020-08-11,0.04211125452234283,0.040407206414393264,0.047554043218930274,0.039012589224601546,0.048364241713112356,0.06841818715165739,0.06824632345751445,0.07869116065317298,0.04988400801799161,1A2-076
2020-08-16,0.13995545168456122,0.07652885042576826,0.0883666419844502,0.0849919566827101,0.11201322658274712,0.1683629211403184,0.14638070159200292,0.22031733617178811,0.15254694557571272,1A2-076
2020-08-16,0.03386266575096411,0.034815280786095394,0.031467631676263916,0.02262683184531668,0.03303070156902107,0.05760389613820064,0.07050286861429547,0.07188699614348351,0.03830983411696336,040186
2020-08-23,0.018274651750553497,0.021399882447444205,0.019398322916870738,0.011346421504280873,0.012779810348543336,0.015676211281126947,0.016873844556337062,0.0177794341803648,0.01247142297368782,1A1-102
2020-08-23,0.021561894968940145,0.0236608455063922,0.02118141709245871,0.012662781181758436,0.014456151546632176,0.019226624546822987,0.020770048974918905,0.02149349333220259,0.012677492738567216,1A1-102
2020-08-23,0.02049100663001695,0.02071436553794345,0.01935335384646223,0.014817796809774134,0.022143374743794682,0.03255345758142194,0.036619740211579266,0.03875877913474018,0.026363106937212753,040852
2020-08-23,0.02187738500851789,0.022324126916524703,0.024352832197615,0.01683490204429302,0.033814033219761494,0.07379750851788759,0.085544101362862,0.09491920783645658,0.04965236371379899,020058
2020-08-23,0.023885996077543954,0.02540789771441504,0.02365686052651429,0.017752217696311374,0.02652684619446331,0.04198500037715926,0.043275431847325956,0.04638465716225391,0.022982612959191375,1A2-028
2020-08-23,0.020254724380585946,0.021495495870573495,0.019379228781536424,0.011225673492476482,0.012499501663084058,0.01655595022061317,0.016809774318361732,0.017577039097951285,0.01072807801787532,040826
2020-08-23,0.03521224678418293,0.03426653930443065,0.03495159028108624,0.02517336064792758,0.037601402572653625,0.07446769032872795,0.08426316817532153,0.09430613911386368,0.05137800571700806,1A2-066
2020-08-23,0.026219641947827176,0.025676654954679738,0.022897057090480545,0.01678645301383614,0.020857886677432942,0.03307612355055067,0.03777443840658783,0.0385548386510119,0.022972182212328853,1A1-109
2020-08-23,0.06531249739869414,0.06075773592028149,0.06211734381276408,0.05226309872378744,0.07081426241488283,0.1275321947276979,0.14646345395325894,0.16483712873922582,0.10373874082283524,1A1-089
2020-08-23,0.022098207674801532,0.022231811936948773,0.023271989806084883,0.014346992690165811,0.024058985223018137,0.05145701041415407,0.05966338790364031,0.06646546339314746,0.03349551237008525,1A2-078
2020-08-23,0.026769168667927036,0.02475113177660825,0.027409749118593823,0.023184206223493944,0.036251423023861834,0.06205114199581011,0.07199759848755816,0.0784364059066987,0.05392792396913803,1A1-103
2020-08-23,0.02787734864222075,0.02574452833339075,0.02400213250568436,0.018370802685275783,0.02507761180054589,0.0369038068578968,0.03911935601837977,0.04157722786476231,0.024620302478199737,1A1-103
2020-08-23,0.017450979482557517,0.019790398022479068,0.022922022452550064,0.018163594793765222,0.03022669984625173,0.040553255222139734,0.044011401892694264,0.0467239908125942,0.03606381348743506,040576
2020-08-23,0.022361907538967236,0.023162332997561253,0.025363816800975544,0.019622171561870433,0.03188803414272081,0.0442383999575867,0.04803037588802879,0.050586026799915126,0.03656467301982823,040576
2020-08-23,0.014117897045719398,0.01586821577901158,0.015619306783649787,0.009585020677679528,0.015286736582356575,0.029990581945301253,0.03266457833527543,0.03663080403043388,0.020148218977768622,1A1-107
2020-08-23,0.01672883837181624,0.020333051654368016,0.02571071173530112,0.01772890978338491,0.03640720066650797,0.07111873363484887,0.08334031183051654,0.09052328017138776,0.04273636039038325,020197
2020-08-23,0.018797182602570867,0.019278752127722017,0.022359646651405763,0.016882699418911778,0.029272078417561763,0.04048565181663437,0.04362164406879146,0.04540723425485706,0.030384727358102957,1A3-048
2020-08-23,0.018150405857882097,0.02165485169276559,0.024625856529238672,0.01347997429566747,0.015401875401630192,0.020115483478202037,0.02099320357154936,0.023051121182399305,0.014725580884093743,020138
2020-08-23,0.019635169178251016,0.021026259367099,0.019669950894038796,0.012604655026058995,0.014627192654186341,0.02068414005239186,0.022427463284622865,0.02370819375861402,0.015921861736598538,040850
2020-08-23,0.022072674233475427,0.021774727201136733,0.022287456901717087,0.015352334925444697,0.022758791707325404,0.03395417835070968,0.03416205399482993,0.038081371954873065,0.0228805608340609,1A1-052
2020-08-23,0.028684360189573464,0.02614937152276942,0.023422645786111685,0.015702792087368637,0.023046187924994847,0.040211281681434174,0.042669606429012984,0.04649671337317123,0.02571750463630745,030171
2020-08-23,0.03338931457456736,0.03410087593286853,0.030456832117113843,0.02400116355737046,0.02952876340575441,0.04177487314899465,0.04711955305127237,0.047765189790763614,0.03424729846377306,1A1-106
2020-08-23,0.022872983952874272,0.022805017265894793,0.02589134673979281,0.01691968312004876,0.0326264269754215,0.07593666463538494,0.08806341661588465,0.10036908389193583,0.05560836888076377,1A1-087
2020-08-23,0.027176768495989913,0.027474948184193937,0.028827412814274127,0.01865733081012886,0.0317317833648734,0.07256558529332255,0.08907172208705057,0.09478651887897631,0.0452524375957466,050669
2020-08-23,0.03451326345878992,0.033458509766555525,0.03389594282991902,0.024305951405431153,0.03646109480705094,0.0714071786565031,0.08057644211529295,0.0907952243925679,0.050932975702715565,1A2-066
2020-08-23,0.01772811196105702,0.01751589447148817,0.02268288856050069,0.01963899078581362,0.0363857614742698,0.07289420636300414,0.08317470879694015,0.0973310804937413,0.04976297374826147,040887
2020-08-23,0.08666765737941597,0.08653877236345947,0.08866570196382614,0.07583499189331888,0.09888195877974587,0.17061451119282714,0.20868947486461648,0.21888347778956296,0.14721720064853452,1A1-105
2020-08-23,0.03547619892384248,0.03707532771380822,0.034029699006482665,0.025812180412465822,0.03131463721007103,0.0472710792793786,0.05097664114006578,0.053428258498154454,0.03256545461223441,1A2-077
2020-08-23,0.015385636061406084,0.01990770020533881,0.02218810012711451,0.013420484990710864,0.01877887943678496,0.028492407353084986,0.032943292265571515,0.0348127407841987,0.02138832991101985,1A2-076
2020-08-23,0.017504569371365273,0.020490149147446287,0.01971947620366342,0.009418376389603198,0.013362590497290034,0.025508604660363178,0.028216109506666143,0.0315041856232939,0.01901444396091309,020188
2020-08-23,0.016999254146857767,0.01977684612419467,0.02434102865324253,0.015977029069305003,0.03319887846693221,0.05971284225726116,0.06275771275782126,0.06691191651829147,0.0390544619639372,1A1-029
2020-08-23,0.027115623316247475,0.02866235832637979,0.030073206341637827,0.019201896292764326,0.030259007271426844,0.06250717272618904,0.0752637825724162,0.08013919465967324,0.041879468351412596,070859
2020-08-23,0.02044377028131196,0.019880319831913164,0.019300874674137197,0.012561873078868531,0.021164388934282723,0.036255396288082185,0.039823807633944226,0.04186870627602046,0.021840009338158047,1A1-017
2020-08-23,0.020205824734167942,0.018976232256036903,0.01523978314388979,0.011276677492011937,0.014647302393798117,0.021007844010266626,0.020812738986957208,0.022685734115551845,0.011428301293803372,020059
2020-08-23,0.03381106422878575,0.03785011720581341,0.041052601969057675,0.031050895452414448,0.053459606188466964,0.11876309423347395,0.1463849507735584,0.155455480543835,0.08292748241912798,060315A
2020-08-23,0.026195559148131427,0.02610462936483385,0.023318761417290675,0.015220657052310868,0.018086251977051597,0.02394295761084621,0.024807448888473846,0.02717816926479941,0.016402206710594638,040874
2020-08-23,0.01616363220892274,0.016708243743199125,0.016568082698585413,0.009759932535364522,0.010292951033732317,0.00960923295765401,0.010200187159956468,0.011118585418933619,0.011453760609358004,040704
2020-08-23,0.014719111729253616,0.015130202132591575,0.014785046824293,0.010147031988873423,0.012765523412146486,0.01896264766163591,0.02110908484005561,0.023225717199814533,0.01691125359295319,040707
2020-08-23,0.01694000194082113,0.017862341870250695,0.015743986554422502,0.010574717839650426,0.01360797327058013,0.02189803087522946,0.024416161109718438,0.02649074470924073,0.015947679505737573,060182
2020-08-23,0.03167321483612453,0.030055666289941444,0.03190702250077059,0.02192676975238877,0.039110022603513823,0.0648739032158636,0.07078760916469745,0.07557986232405221,0.04082809000308231,030172
2020-08-23,0.10259764561662858,0.06644225631411005,0.07943016531160421,0.07190497557282179,0.10703564745542714,0.20762148870581015,0.2034584774026067,0.2822420814479637,0.16113261704313964,050215
2020-08-23,0.02304219607843136,0.024085033868092708,0.024675931075460494,0.01775496375519905,0.026289216874628648,0.04661921330956628,0.051683149138443255,0.05685623291740937,0.034627534165181224,1A3-001
2020-08-23,0.01511874372655712,0.020321028580484957,0.021072478736330485,0.014511146917428278,0.02513738443657878,0.049246587247081156,0.06356154313487235,0.06363825611495587,0.033188686671245166,040186
2020-08-23,0.037499830375038394,0.03527560176927199,0.03877728489767359,0.03141238148121374,0.05138801177486279,0.08642570386235102,0.09683186648309629,0.10513129827750806,0.06546926422320519,1A1-110
2020-08-23,0.038030561859569524,0.02873683190477084,0.0283360885521191,0.026291149164431607,0.03632998355746452,0.061165358140930645,0.05768300291964417,0.08420795806215653,0.04996515432851313,1A1-059
2020-08-23,0.042587874141975825,0.039523837709389976,0.042131421592999166,0.03380376991816287,0.05391413917807387,0.09050213355212043,0.10141293250935304,0.10954036999718342,0.06725331139161055,1A1-110
2020-08-23,0.015496230149082458,0.01736451779167356,0.017220597788561564,0.010395025722315699,0.01577417071059721,0.02907365042935355,0.032105454686907384,0.03458556243861168,0.019344291007400656,1A1-071
2020-08-23,0.026542483422353776,0.028896178459808495,0.024704656623617142,0.01969235691961701,0.025429237841681423,0.0324484001124469,0.03596753096423199,0.03697526664792552,0.024071681576902086,050706
2020-08-26,0.02685305879866868,0.03227699825664323,0.03826223783612442,0.03270782133234718,0.051113954778382355,0.10723428337471601,0.1312968276189973,0.14429532727560873,0.08526361667282997,040186
2020-08-26,0.006137982790652197,0.012462222548156838,0.01736647110589615,0.0100507871321013,0.01430386232521756,0.023932282194191846,0.0294590397966168,0.03149128287865453,0.019434047130145696,1A2-076
2020-09-12,0.008468401687863222,0.012238170466323781,0.016248540312716466,0.009586839481065574,0.01846199900771721,0.04793204593293231,0.05913639074327891,0.06263218657389513,0.03560384779757435,070859
2020-09-12,0.0020826783408897606,0.006724780190532129,0.01082246492532291,0.007609231691722207,0.01855480460360877,0.0407595040281974,0.04810563458702749,0.04906601913740506,0.028241356608356798,1A1-029
2020-09-12,0.0016002915400381654,0.009309000636087352,0.013073226023040488,0.004295194006643578,0.0032556311400098914,0.005428337225913242,0.0072749346243550774,0.00801690335234082,0.008075454095695803,1A1-102
2020-09-12,0.002400134285108495,0.009695789455085167,0.013133587179305944,0.004233152519612693,0.0033118700968266302,0.004629724437266575,0.006472273658915822,0.00718202671679832,0.007980609937098022,1A1-102
2020-09-12,0.0156831204379562,0.027023722627737227,0.028515739051094884,0.020691104014598536,0.02890002281021897,0.04678943886861314,0.0668629105839416,0.05653172901459851,0.041575433394160574,050215
2020-09-12,0.007616708779107439,0.009602018011532532,0.012178298491079763,0.010281132438577695,0.02145577748237693,0.041032792825065625,0.04992058247029566,0.05256400562398008,0.031137456075952117,1A1-110
2020-09-12,0.00025887956843862164,0.004432857921386284,0.004301007850333192,0.0013738145169078673,0.002980579048302359,0.01104787077282372,0.011224376065019607,0.013623910245625809,0.007612005904995786,1A2-077
2020-09-12,0.004372389919689836,0.009618447600585516,0.01149841753372632,0.0034921944851050374,0.006575349131621629,0.020757107251651707,0.027902872176286758,0.029515935435376034,0.017350809035882424,020188
2020-09-12,0.00806356417326442,0.008913183676002516,0.008334330457808395,0.0035554982223758923,0.00608158363699233,0.019519185409550787,0.021842278552417993,0.025968281214709496,0.013170869425160978,1A1-089
2020-09-12,0.005390629580393361,0.011716286600538568,0.01879926372839759,0.01971186556225926,0.040092010089647856,0.07379575682552782,0.09825658042744663,0.10243067225447432,0.06553451614002793,040887
2020-09-12,0.0039534824016563145,0.005588737060041408,0.007428819875776399,0.005704455486542445,0.013557217391304343,0.03413692753623188,0.04515101449275362,0.049220057971014496,0.030369838509316766,020058
2020-09-12,0.0037186221924237345,0.011745658732819313,0.01451724773717734,0.011181439266957204,0.02451116884568108,0.06451452117555032,0.08564008269080345,0.08753107609788803,0.059440512906470025,050707
2020-09-12,0.00035185443299867275,0.003406202495807655,0.003947161182132981,0.004084807369819458,0.007632685062177402,0.015694009515570935,0.016933604111766885,0.017633153298342658,0.013436169610383953,1A2-028
2020-09-12,0.0071713020703417325,0.010218832626590171,0.014399488650536293,0.00894864055874283,0.01960698428535796,0.05379544150661015,0.07100266275879276,0.07476778498378653,0.038825081067597925,050669
2020-09-12,0.0012417540710070792,0.005319710116799692,0.005383576070753695,0.0028289160783552523,0.004299426109974524,0.014844467697485353,0.015528432917056346,0.01936699334001594,0.011056617526153922,060182
2020-09-12,0.007773634865031939,0.007327591180712962,0.007585720173088811,0.004731619616731919,0.010663012569544612,0.026728885832187067,0.03389686791675252,0.03658995873452544,0.0227791057078096,030171
2020-09-12,0.014520354208135548,0.0187811295579325,0.022909003944557416,0.016002427980838636,0.025070029383671994,0.051481815663028244,0.06380176447856738,0.06663002384233435,0.036893849844332124,040826
2020-09-12,0.008255645741292512,0.009533042227473547,0.012489669166752287,0.008776959827391354,0.021246280694544335,0.04279753416212883,0.05437282441179493,0.05595743861091133,0.037887429364019336,030172
2020-09-12,0.0009008811519449828,0.0053993630697692615,0.007744716018990681,0.004593394291073206,0.008482865404528844,0.019974038118193187,0.02249686614696286,0.024354496610202597,0.017680935076099493,1A3-001
2020-09-12,0.019799986483746722,0.02365275055754543,0.02529205244306279,0.01976660809623573,0.02596242143677771,0.04155171994323174,0.052247864431979436,0.054862499155234126,0.03485115563965668,040874
2020-09-12,0.007029204188685256,0.00814542134494163,0.007332514481935659,0.0050515125329620375,0.007191177987266565,0.013012638761439783,0.015526736754128852,0.01696171272464671,0.009948685231021147,1A1-103
2020-09-12,0.011751644635720872,0.017459389522793432,0.021910337968571992,0.018610650801974632,0.03486395725212923,0.06725263738449577,0.08894037178351205,0.08992827254480024,0.05927314695936775,040852
2020-09-12,0.0010123027936734925,0.0037791472937529777,0.0018996676800190646,0.0019158912533778312,0.0018955919170243187,0.003879119398731722,0.005158709622097167,0.006377960819936358,0.005118462138372288,1A1-059
2020-09-12,0.004453070792311298,0.007880075011720581,0.012963506797937176,0.008344988279418665,0.026702344116268168,0.07256004688232537,0.0955771214252227,0.0970331739334271,0.050042494139709334,060315A
2020-09-12,0.004399335407718061,0.010362774376839037,0.014896266107484695,0.007185434775256185,0.0071204958230459605,0.010786681159666427,0.014644801636960131,0.015585893056448068,0.01099900733926336,020138
2020-09-12,0.013043719582337831,0.01769717724095213,0.021685125210158394,0.015560883992567038,0.02486483939474382,0.049501789664631465,0.06359340766303866,0.06579347181665339,0.03880056632156446,040850
2020-09-12,0.0076225904108775736,0.008445561076445516,0.008110809848212382,0.005904238670051362,0.006425536773666392,0.011539547180943242,0.01449556568297151,0.016538917054506625,0.01110314748923659,1A1-109
2020-09-12,0.010295634079100835,0.011940140229031929,0.013519471689110378,0.012033232822606295,0.01829887008270598,0.027456420391577346,0.031036128375554417,0.03438504688485834,0.02538795196691761,040576
2020-09-12,0.0068883846968689245,0.00916540208081854,0.010763652189622207,0.005667772358124146,0.0057974511204723495,0.011649192783450014,0.013743599060593376,0.015222579702905326,0.011209348902520146,1A1-105
2020-09-12,0.00769825863589311,0.008676567112678755,0.009384960318981716,0.006422255875474442,0.013171556952804515,0.027957113376221927,0.031809745044665126,0.033412251819730523,0.018999845109841675,1A1-017
2020-09-12,0.006553102429728441,0.009716494521200575,0.012851249166269622,0.007457266317293953,0.015076418294425917,0.04030792032375045,0.04793086107263954,0.05254243433079957,0.03217405431157693,1A2-066
2020-09-12,0.004368578909783383,0.01106309212092359,0.018732706498452746,0.013942894548916925,0.03223142109021662,0.06731299690549868,0.08700661747203048,0.08836022375624852,0.043526767436324686,020197
2020-09-12,0.004359210107339116,0.006988743943985078,0.008985576840771746,0.006113240888158476,0.009755668087583207,0.018822177762957932,0.018785918550784673,0.0214029448446603,0.013407126153424752,1A1-052
2020-09-12,0.0012927515584125054,0.005898854895019885,0.008079026830952364,0.003784266597944159,0.007486108004551322,0.02255717777683508,0.027531253534033955,0.030247086709460188,0.016237783115658044,1A1-071
2020-09-12,0.0055530323934051135,0.006646608838682569,0.005432979233774242,0.0034265327345921965,0.0048890808211136914,0.01349982540188674,0.01392341692403462,0.017098932879520065,0.011248873188654104,1A1-106
2020-09-12,0.0006405527779194896,0.004327915667567979,0.0055145732360593796,0.0053589663792663654,0.009350640273455463,0.014350609668627206,0.017291008111831038,0.01814762526266331,0.013616839702056021,050706
2020-09-12,0.002369123278024736,0.00367548083270983,0.0031448241714713255,0.0025370714317151577,0.004126308261080056,0.009476390073149928,0.012695347916024835,0.014506898904097525,0.009310941419831876,020059
2020-09-12,0.0016802476751890667,0.005658452715516258,0.007367893618479678,0.004027724084355792,0.008126917540612792,0.022891559851029312,0.029588255991957427,0.03129014325861949,0.017490543103251315,1A1-107
2020-09-12,0.006668327769829915,0.008699356223175962,0.011229097122873948,0.007247305674773485,0.014947822285805122,0.03674385630265457,0.04912843745032586,0.0533341122238118,0.03334380066762041,1A1-087
2020-09-15,0.19621789869952075,0.21748102571624123,0.22182730028356312,0.1926694387405887,0.2089123398846191,0.25214472963723483,0.2525097193702943,0.24406578664319933,0.13530229783905356,1A2-076
2020-09-20,0.005832099209202013,0.006459657320872271,0.010117187874430864,0.004935400191708602,0.005991367121974597,0.007746333572969089,0.009033608914450035,0.009501641504912534,0.006252270548765875,1A2-076
2020-09-22,0.036463925420880824,0.03937990165982699,0.036806561756120654,0.02554658825303475,0.03216218534914527,0.04637505627901466,0.047053861440527284,0.04534062644736692,0.014378351159509266,040874
2020-09-22,0.01567122112211222,0.02211504098796977,0.023269349515596716,0.015892424145640384,0.02473816459065261,0.04126142020653678,0.04456531033748538,0.043353861386138635,0.020485674438411587,1A3-001
2020-09-22,0.016324057532989773,0.02170650169558606,0.022322094790907722,0.01518889638484857,0.02108903850824407,0.029023322629102902,0.028066107168236307,0.027323817362441653,0.015723043779402902,040707
2020-09-22,0.02641473189279108,0.031649730959211066,0.03090974657545872,0.024535537147997895,0.03339301851883286,0.046207444876343075,0.04964544497818819,0.04733944799959261,0.021851105867974816,050706
2020-09-22,0.034555043751097914,0.0372944053682916,0.03626989038274227,0.026448728184329418,0.03558372028039026,0.052182855238156106,0.05329623844348291,0.05083425599182457,0.018531170262027597,1A1-052
2020-09-22,0.015762748639825904,0.021233708378672465,0.02193741675734493,0.013078117519042434,0.014885597388465722,0.013395883575883573,0.010290811751904248,0.008361492077464783,0.00770005440696409,040704
2020-09-22,0.03738121366014598,0.03989734700533997,0.037305994980820864,0.02600320585912336,0.032734357386037326,0.0494646102049454,0.05117873614806309,0.04905744156645818,0.016367120064047086,060182
2020-09-22,0.03765860201318274,0.030142108221347903,0.03253997751775586,0.026246487149353633,0.040649057278626534,0.06502159828317407,0.07432929334218996,0.07431947268918297,0.044125072811813396,1A1-103
2020-09-22,0.019556896824977524,0.027831071371968927,0.027682532093612964,0.020396267631676256,0.03235078186908972,0.05314917322626654,0.0612334460351841,0.06009387183686403,0.027255922130064968,040186
2020-09-22,0.01124646790890269,0.01585160248447204,0.0168135983436853,0.01244382608695652,0.024244182194616968,0.04590263354037267,0.051207221532091104,0.05268557349896482,0.02975166873706003,020058
2020-09-22,0.04469780507936698,0.04426077629747946,0.039404815654677,0.028114749115744412,0.03534352236190871,0.05253094701021773,0.053828858170462485,0.05162653690631225,0.017860049226294954,1A1-106
2020-09-22,0.04491805079690103,0.04431520556274498,0.03973653333656069,0.028528357711696546,0.036745082798738185,0.05497818923487379,0.05734673820017195,0.05460605159700234,0.016690834727087916,1A1-103
2020-09-22,0.017281327596209584,0.021387182363179245,0.02279152775091857,0.01536106942564301,0.02485992457938502,0.04615564300908916,0.05400858634693485,0.055426990910848954,0.03166519435312318,1A2-066
2020-09-22,0.016653236412205896,0.020607341004828927,0.022790254803246694,0.01638382821329497,0.030980062673379234,0.04836830884619338,0.055975634439535606,0.05627717558820511,0.03698664851536014,030172
2020-09-22,0.04665273158754786,0.04690566353804847,0.044324535839512555,0.029844883354272923,0.03637175087658791,0.05413425221097234,0.055489484229629106,0.05311879839709639,0.018054215423020395,1A1-105
2020-09-22,0.010447508912459857,0.015179582764843099,0.014285984331675532,0.010396476827604422,0.01692042163637164,0.02661575634875224,0.02569747810395669,0.02516364376567935,0.010723916200871448,020059
2020-09-22,0.020204912187542376,0.025473589441122085,0.026938779677688405,0.021440662442355245,0.035997221469860764,0.05506175649862065,0.062167752086614875,0.061504063642648994,0.03239720062152985,1A1-110
2020-09-22,0.044057256110164644,0.044799176580018384,0.04271132794959339,0.0327971273850847,0.04800128814175445,0.07425075891488879,0.08331176932836289,0.08216195446867043,0.03577639309617325,1A1-110
2020-09-22,0.04251469970411227,0.04480207875479302,0.04191671785962286,0.027814570269593022,0.03421906857428698,0.05159784738170391,0.05145961616986533,0.04845569490211773,0.013073233062760585,040826
2020-09-22,0.03676629160806376,0.03981266760431318,0.03950898265353964,0.02904225972808252,0.04880120018752931,0.09228187529301454,0.11251354899203003,0.1118707360525082,0.05222558837318333,060315A
2020-09-22,0.0076279677768246726,0.017304729049341733,0.01825476075038228,0.015044631335546186,0.023076474098385123,0.03253150710476263,0.03301935255286615,0.031711994181926696,0.018033606832506616,1A2-028
2020-09-22,0.03456806424852947,0.03660480324074072,0.03252316553409627,0.0237158842989986,0.028935340913606736,0.041615288954458804,0.04162603496065805,0.0387281123330949,0.011045554164679703,1A1-059
2020-09-22,0.032251041406834643,0.03489803566974308,0.03587167622848593,0.025021133699176856,0.03942967697680219,0.07675518832626595,0.09070795086056374,0.09041235345472688,0.0396823023197805,050669
2020-09-22,0.059646267739412236,0.07531765560397806,0.07649379818974189,0.060158794278690315,0.08581923119901669,0.14885420158676935,0.16758255671024702,0.16645115655380488,0.07652700860431333,050707
2020-09-22,0.01584391098289718,0.01917916752524212,0.01907695240057696,0.01219979394189161,0.020290974654852675,0.03437849783638987,0.03651819493097054,0.036714135586235326,0.021710715021636108,030171
2020-09-22,0.03126362599110425,0.032046991877779936,0.03170917037323532,0.021787833107716068,0.03281781570295881,0.05979324985496036,0.06876377393154126,0.06964786404950678,0.03384605685554048,1A2-066
2020-09-22,0.03639325668572398,0.03989903038679823,0.03818082092521622,0.026262160792444082,0.032295377688425324,0.04640681744884929,0.0472962606018722,0.04515561726455984,0.016674673619400636,040850
2020-09-22,0.02011106470051067,0.030461972807521873,0.03718811343727806,0.025356637467446805,0.028157655494301083,0.03000241992762201,0.02866061149254237,0.027670605742889015,0.012564632867724147,020138
2020-09-22,0.03129868605900339,0.03726634162465911,0.037953404677299386,0.02454141806462277,0.030482902239484348,0.043921200727212624,0.04510088835633419,0.043332666721758555,0.016250954466573014,1A1-102
2020-09-22,0.01696148089452369,0.021947936843340968,0.02241102600223043,0.018003994247813574,0.026952124787227794,0.030236168339496383,0.02975216000469565,0.026972418853084455,0.01817614310031107,1A3-048
2020-09-22,0.036203845209399316,0.03809625150966939,0.03526062230953111,0.02671011641367695,0.03666986223796899,0.054415116739414786,0.05796957759324873,0.056116075410805516,0.02488931780482794,040852
2020-09-22,0.012269390959424838,0.02241400710685068,0.02581200727212629,0.014845587141558553,0.019182344434344262,0.025158631518056356,0.024044302123791418,0.023264246756466406,0.01295280555326006,1A1-102
2020-09-22,0.01427201036472083,0.02476354258335778,0.028444573188618375,0.0174655079691014,0.025144054952576513,0.035307524200645354,0.0374441869560966,0.03634001173364623,0.017882199080864383,1A2-076
2020-09-22,0.04456989118333162,0.044565125649453904,0.04192098332626445,0.032211533108896184,0.041891495467076684,0.05798978170395504,0.061498292201251206,0.05952092500795254,0.028129865602799276,040576
2020-09-22,0.04494201970632226,0.04469335582563362,0.04124248284323124,0.029011332285396634,0.03977690449718215,0.06343658858260168,0.06786404861403984,0.06586917532492428,0.023623143043361598,1A1-017
2020-09-22,0.013125815282075699,0.023435670078552726,0.03017921923351583,0.022124994049035944,0.04223612235182098,0.07394153772911212,0.0870434063318257,0.08882702927874314,0.04175318971673411,020197
2020-09-22,0.02511175233448309,0.0273439671489863,0.028847306931942488,0.01910644191133172,0.031176030537562065,0.0599555859342139,0.07090747350046274,0.07108785332716416,0.031018933498780207,1A2-078
2020-09-22,0.008031457681101714,0.015730598092618373,0.015808783365605584,0.009659302918981524,0.014321930183318555,0.025281550516657886,0.02622546589695794,0.024695361479577967,0.00977685119166106,1A2-077
2020-09-22,0.04659375570745885,0.046030897264261565,0.04237671652289047,0.027888641824259066,0.03656632089439767,0.059691124882895574,0.06360246709991645,0.0611181450647658,0.020082039051579157,1A1-089
2020-09-22,0.04762308853918296,0.047252678429502454,0.0442416467970116,0.03134758384994436,0.04190238435860753,0.06997798442219043,0.07499047051343188,0.07634602606898745,0.03542872357335877,1A1-087
2020-09-22,0.01709053151979049,0.023739573658351554,0.024940912400496847,0.0183731560173033,0.030082940215495884,0.04550060023128178,0.046376198779958036,0.04605664078513435,0.024571461174642237,1A1-029
2020-09-22,0.015267385370099308,0.02325221347470032,0.024157368358586857,0.012926874233492897,0.017820243699806147,0.029793519800609247,0.03115108596748031,0.0320729002650631,0.016887019820390082,020188
2020-09-22,0.03608176015540984,0.04121991882610053,0.04398767821833698,0.039003659763416236,0.061643670864120446,0.09770421132965613,0.12040235196170254,0.12145653380511325,0.07238634960280291,040887
2020-09-22,0.020487182739301456,0.026058970556681358,0.02910909858147571,0.01925414280605555,0.030616269877220183,0.058621806651567555,0.07121711526999634,0.07034828656574081,0.035117086661103795,070859
2020-09-22,0.013138912660825189,0.02068912758074087,0.022603282634276363,0.014605827636172661,0.02174335401491798,0.03505359674799911,0.036446838926761906,0.03538282974647232,0.017322858337628488,1A1-071
2020-09-22,0.015911234491740346,0.02285063403934473,0.023413830054607353,0.01582640345465762,0.02370817739392693,0.04153754655333926,0.04450606164461807,0.044693444832864936,0.01924721365412298,1A1-107
2020-09-22,0.04475460131155895,0.04438659494329554,0.0406152717711561,0.028726609899065732,0.03484073138540743,0.051077044615750494,0.051791868058403405,0.049643968585990565,0.015495787917529608,1A1-109
2020-09-22,0.020225479800657385,0.025470810359452853,0.025984095005831837,0.020818680415650503,0.028200210078464676,0.033569760629837755,0.03417291313222351,0.0326342533930654,0.023880162496023753,040576
2020-09-22,0.00543477756682091,0.014276157073181809,0.02012191816641845,0.01345259154833501,0.028009505565092813,0.05749991586989399,0.06982643276981317,0.06912814606805442,0.03703264248115602,050215
2020-09-25,0.6154709735106743,0.5335399687045937,0.512626075779591,0.5048201631831898,0.5912370738795129,0.6525965910361017,0.6474635184978205,0.7034012294623899,0.6133985581759251,040186
2020-10-12,0.10232186714146742,0.10771409656320165,0.1073372951045359,0.10614733995362141,0.111780020436009,0.11797212014415354,0.12103616622918935,0.12271033058609744,0.11714687433078216,1A1-029
2020-10-12,0.10240537847197687,0.11194254364266024,0.11470067319245171,0.10635787688175839,0.106391368647961,0.10682795780620537,0.10848623577637995,0.10918289985157965,0.10955839105237124,1A1-102
2020-10-12,0.10325546644732336,0.1085427239701146,0.10876195306966432,0.1059647108552105,0.11088232915210092,0.1199766353645441,0.12407369479288044,0.12570748509150725,0.11682368222633492,1A1-107
2020-10-12,0.11000083453533896,0.10913120750051516,0.10833681228106326,0.1059875231815372,0.11202727179064499,0.11923755409025345,0.12244954667216158,0.12377383062023488,0.12117747784875334,030171
2020-10-12,0.1056001345096332,0.11105330933259489,0.11141367250860464,0.10579335364165053,0.10918542944178504,0.11660024132610677,0.12042899869446534,0.12194978834513588,0.11574060212841715,020188
2020-10-12,0.10258723122854425,0.10879177761137422,0.11009061208413963,0.1064268236586956,0.11051518297367476,0.11814273648484389,0.12233879158603113,0.12330317566056288,0.11613033628645611,1A1-071
2020-10-12,0.10253247216231681,0.1046337133048721,0.10288771180845908,0.1031111064653844,0.10513381233220366,0.10714824391532053,0.10848076669160686,0.10995451564631839,0.10856127591215181,020059
2020-10-12,0.10712719755132401,0.11665845706361813,0.12388255994859138,0.11496158893360839,0.1161747302736158,0.1129984932526127,0.11477414685291035,0.11473606554604805,0.11150322149693909,020138
2020-10-12,0.0974435786310081,0.10435413027854615,0.1044489187011347,0.10519863013698627,0.10807292506043518,0.110361552366226,0.11275418254676915,0.11321224818694604,0.11271269028899972,1A2-028
2020-10-12,0.11014928593444985,0.11151270933936096,0.11120709442104179,0.11032111887393405,0.11902187403678213,0.1250313366896127,0.1311354875166958,0.13389275660125347,0.13264126682420635,030172
2020-10-12,0.10719832182813618,0.1138850511782909,0.11987851701975723,0.1160693644370388,0.1324950368959771,0.1498002023327779,0.16127349440609376,0.16462258985955724,0.13525054748869308,020197
2020-10-12,0.10366536645962737,0.1060823105590062,0.1057934741200828,0.1059591055900621,0.11124400828157345,0.12017273706004143,0.1246934161490683,0.12796159006211183,0.12305522981366458,020058
2020-10-17,0.09781959976531811,0.09920123718177642,0.1032255522677415,0.103885646140503,0.10617384954849243,0.10599668001632578,0.10859239707157789,0.10894558568440389,0.10767991811642263,050706
2020-10-17,0.11362172882752937,0.10540750051514525,0.10838994436431072,0.1078037399546672,0.11234746548526682,0.11893468988254689,0.12156762827117246,0.12342183185658356,0.12046850401813312,030171
2020-10-17,0.1159696517412935,0.11000398009950248,0.11496019900497512,0.11321119402985075,0.13165870646766167,0.16550646766169153,0.17458606965174128,0.18812213930348254,0.15577611940298505,1A1-087
2020-10-17,0.11161986210483718,0.10695690938697831,0.10981675990696654,0.10661998681927916,0.10999877147408325,0.118455190278184,0.12318398601543276,0.12362090415015399,0.11669834058864044,1A1-089
2020-10-17,0.10605576042015863,0.10964532908704883,0.11873561850486089,0.12082728796513573,0.13459147949491557,0.1665788803218236,0.19050827466756065,0.1887758129399934,0.16347662867359486,050707
2020-10-17,0.10552108381142428,0.10263798952357199,0.10912354701920678,0.1071122224993764,0.11429668246445499,0.130573833873784,0.1395495135944126,0.14216716762284864,0.12269905213270148,050669
2020-10-17,0.10514625541420658,0.10351691434804051,0.11067720841941876,0.10724147727868637,0.1118263615483845,0.1207856299357114,0.12693643066145097,0.12915737013770193,0.12214486476282388,1A2-078
2020-10-17,0.10576534984934717,0.10142591228657513,0.10419914630063609,0.10500666220287917,0.10640462002008703,0.10751685637763642,0.10701543354536325,0.11019466019417477,0.10807028791429527,020059
2020-10-17,0.10837460853258328,0.10476153774027194,0.11000886075949365,0.10980490389123303,0.12146606657290203,0.14394195968120022,0.15732746366619782,0.15722710736052506,0.1390082419127989,060315A
2020-10-17,0.10398284216787246,0.1036270089319756,0.10598890238880795,0.10686758663813047,0.11096374288924254,0.11405452826256036,0.11819211068126026,0.11878415476668593,0.11702654733642077,040852
2020-10-17,0.1153593718484987,0.11074513120885779,0.1143360087146343,0.11358410749467047,0.1202812175807529,0.1267262473032718,0.13366349534269198,0.13375217099916173,0.12411634674711798,1A1-110
2020-10-17,0.11019536226485377,0.10788305084745761,0.11104530638852675,0.10722492084186998,0.10992760290556901,0.11583263177500462,0.12006651145464704,0.12249212143788418,0.12042261128701805,020188
2020-10-17,0.10689644887587385,0.10676932784046841,0.10965361249734833,0.10546207588787415,0.10606858098625144,0.1067259392418992,0.10769429168816678,0.10814604548010531,0.1090320497915171,040826
2020-10-17,0.1035582661505998,0.10513656069785766,0.10843726234817026,0.10571231996810253,0.10968601026947661,0.11741827548648723,0.12103488412801833,0.12183088379737238,0.1148232089196628,1A1-071
2020-10-17,0.15649265405241322,0.13554750581807143,0.14159927147627233,0.14537677324698983,0.1596270818577355,0.17951750480623296,0.187004345846403,0.2058918496407973,0.19111744409592227,040576
2020-10-17,0.1113863370409877,0.10696302491238775,0.10929159759256443,0.10736041596830725,0.10786260551577023,0.11067435357306105,0.11294355515770241,0.11305306186195357,0.11139895588907509,1A1-109
2020-10-17,0.1111137826251212,0.10824095407434155,0.11242723674052657,0.1079741512130222,0.10939935529968313,0.1142351566991345,0.11815050097731652,0.1180977718828536,0.11596152699528595,1A1-105
2020-10-17,0.10120392077178593,0.10563254293589651,0.11281835642094844,0.10485805887341862,0.10445775143119646,0.10443626404692903,0.10686748356774334,0.10697560604989748,0.10732259170259373,1A1-102
2020-10-17,0.11696179765408773,0.11138055616570755,0.11807883407283745,0.11991112770724423,0.12769887976101568,0.13975925405262932,0.1448046215349471,0.154862052453543,0.14953409480296972,1A3-001
2020-10-17,0.0923,0.093975,0.0967,0.0982,0.09795,0.097475,0.098125,0.09784999999999999,0.100375,1A2-028
2020-10-17,0.10599860148138116,0.10886860858389413,0.1160185832177766,0.11028539926269151,0.11211735549768317,0.11144928805763187,0.11287461020732573,0.11326636621909561,0.11045993844488787,020138
2020-10-17,0.11171794256733641,0.10634429949373213,0.10808971730638027,0.10640219313275333,0.10803700792328796,0.1111339300879337,0.11355454225803296,0.11372415485424317,0.11277912679942693,1A1-106
2020-10-17,0.09475985123985105,0.09868569309704568,0.10644604093650781,0.10693059580966593,0.11571039673035306,0.1290690679967919,0.13886996671024718,0.13981241828629187,0.12894402707127098,050215
2020-10-17,0.11224896465550077,0.1074460607021678,0.10912816271820946,0.10785093694461545,0.10965377555505494,0.1116217978380187,0.1137284564091848,0.11341216805963046,0.10994335009539966,1A1-103
2020-10-17,0.1027189329067979,0.10422916276214168,0.10656492282504487,0.10452314925517833,0.10585731896468159,0.1069912021628375,0.10940724787539982,0.10974215109703676,0.10975340528430323,040874
2020-10-17,0.10069321997695128,0.10090965441702422,0.10155230736369408,0.10209394869655082,0.10329490591718332,0.1048774293137021,0.10602095230289332,0.10625070487601321,0.10594639688642495,1A1-059
2020-10-17,0.1037065787231141,0.10619889218393147,0.11313649316562702,0.11989096362954631,0.1354430787060708,0.14804963356853118,0.1647482905545899,0.16661081228482796,0.15619372123939051,040887
2020-10-17,0.10277268794664114,0.10082218866126734,0.10719684516436387,0.10498668032396383,0.1098327012863269,0.11882798761314904,0.1254988909004287,0.12838984945212004,0.12340034587899003,1A2-066
2020-10-17,0.10267902825128156,0.10439405602574801,0.11009110168077255,0.10873184932649899,0.11541527524138741,0.12607881320777203,0.13518651186077021,0.13726432280367162,0.13132940517344133,070859
2020-10-17,0.10379930636129751,0.10772441608232869,0.11445546839529847,0.1060650052968774,0.10562901427634569,0.10555621500277457,0.10818822579831515,0.10814198910356658,0.10754400696161025,1A1-102
2020-10-17,0.11265609267440661,0.10758003698756807,0.11138894996403984,0.11192374396383434,0.11945918524607,0.1243552707284497,0.1296603411075722,0.1311006370081168,0.12935377581424023,030172
2020-10-17,0.11347401832611312,0.10709408810336238,0.11074238469501216,0.10935152244757139,0.11559586550626855,0.12610003450523347,0.13264658666564438,0.1332784288617108,0.12008464977188221,1A1-017
2020-10-17,0.09479498144341271,0.09755344366109732,0.10114736275713644,0.1000826616630567,0.10136857900691212,0.1035271988521129,0.10603354499799938,0.10599170610228864,0.10733806652777976,1A2-077
2020-10-17,0.1156013335622098,0.10904340782542452,0.1123794161508008,0.114053578517096,0.12064698366037616,0.12803330365093504,0.12792269094186184,0.13560769453593532,0.13228465920672905,1A1-029
2020-10-17,0.10228779870450261,0.10296279958056692,0.10454264307490742,0.10313997956746644,0.10483914043188679,0.10839678632368056,0.11099778692479555,0.11168776689659998,0.1104207082918889,060182
2020-10-17,0.10514423320977587,0.10679932231785726,0.11116633913425895,0.10658293941488148,0.10759223136688248,0.10914664865657271,0.11167088856777863,0.11223393688090305,0.11214119034156361,040850
2020-10-17,0.10430824822354748,0.10503011858249361,0.1073536294468435,0.10577393698448599,0.1104786894235383,0.1198506043366006,0.12332115520826195,0.12421043480247676,0.11515781753375823,1A1-107
2020-10-17,0.11012754274682833,0.106540386789851,0.1116515326806397,0.1108357694429124,0.11334953047435196,0.11559452289023711,0.1193755943188087,0.12099059983452845,0.12062617140099283,1A1-052
2020-10-17,0.10700738637446397,0.1038056712720343,0.1091110128632682,0.10627103668413529,0.11099948642210579,0.11994990852787034,0.12656329871367303,0.12936590471653167,0.1235404735588375,1A2-066
2020-11-04,0.12682271565495207,0.11450907348242813,0.12052274760383389,0.11714760383386583,0.13054130990415336,0.14533728434504795,0.14163284345047927,0.15061808306709268,0.11986089456869013,1A2-076
2020-11-06,0.11103338087697028,0.10968274480603245,0.11711063439292729,0.11236411259451931,0.1181289981227256,0.1297221424001846,0.13468911075919499,0.13755944143218224,0.12610982685026895,1A2-078
2020-11-06,0.11220643163411166,0.10925541210100041,0.11474753501667455,0.11144067174845175,0.11692416388756534,0.12687697379704618,0.1322554997617911,0.1360335750357312,0.12635223916150545,1A2-066
2020-11-09,0.10113942505133473,0.10466686711645647,0.11285672240148636,0.10640674684658262,0.11051311723868193,0.11147512466999122,0.11441012026987382,0.11603394446074122,0.11500537792118903,1A2-076
2020-11-29,0.1014054659235358,0.10510087024542879,0.1118811283856458,0.10705190182849318,0.11084314070597441,0.11366273589517945,0.11654303314755068,0.1172230272807275,0.11402782340862425,1A2-076
2021-01-25,0.8766918385753699,0.9600947205587782,0.9365416901762954,0.9292493733678734,0.9602869115163974,0.9507229509916001,0.936761229562353,0.887429694497175,0.18701480739583265,1A2-078
2021-01-25,0.8688346136255354,0.9248288985231063,0.9004880571700801,0.8891622353501674,0.912836165793234,0.9006557017627447,0.8889137217722729,0.8386738561219625,0.17335204954740321,1A2-066
2021-02-04,1.111852426866625,1.0940057335047166,1.0559282088569875,1.043229156515237,1.0620971115376507,1.0339711057276493,1.0156874454234988,0.9547537360134265,0.2199297688747679,1A1-109
2021-02-04,0.8380596995561626,0.898048820416524,0.8837889928303174,0.8811099385455792,0.9109965175827931,0.890367480368727,0.8817468572891766,0.8342628900648684,0.21750448787982254,020138
2021-02-04,0.9631560283127508,1.0231311970829282,0.9962358684608605,0.9833358391095253,1.0089100054187088,0.9810516662527385,0.9641978833171513,0.9141399584565708,0.16633016301280165,040874
2021-02-04,0.8620724315026188,0.9110883790476847,0.8998866944791833,0.8955932019159012,0.9237022708062509,0.9110594887967299,0.9038385384588752,0.851774368163238,0.2138141819116487,1A1-071
2021-02-04,0.9261151860378369,0.9882012429820637,0.9737326478429789,0.9803322283592805,1.009859084415407,0.9857163644139506,0.9774065397599566,0.9199861215501782,0.16540323757700404,040707
2021-02-04,0.4394039006094702,0.5945095171120485,0.5740229723394282,0.5512633942803562,0.5833285419596811,0.600773070792311,0.6015593717768403,0.5830940928270044,0.16338154711673697,060315A
2021-02-04,0.9953321075029715,0.9913809094045924,0.9626218310777145,0.9425363485795354,0.9661870498025545,0.9441212881953763,0.9271197247249179,0.8742678687267571,0.2026761745198023,1A1-017
2021-02-04,0.5017347748351771,0.4836567772935524,0.45240087719298266,0.42778994301039225,0.45135808470220146,0.5373738294781542,0.5538833836182815,0.5537574812828249,0.13018329981003465,050707
2021-02-04,1.1309174813283986,1.213386132656665,1.1788342825003593,1.1704545773220154,1.198557265247931,1.1640994244830154,1.1309960681726032,1.076100083711562,0.21768034217100715,050706
2021-02-04,0.9891936002373135,1.0760136323185274,1.0430802590667883,1.029677403619025,1.0619012986299567,1.0441717454597401,1.027127212999483,0.9679584855909203,0.2233505081356639,050215
2021-02-04,1.078352451680275,1.1074510824645207,1.0708157201307933,1.0545738890315526,1.074395736907881,1.043919441562667,1.0245958670159032,0.9641292212349992,0.21303261397291684,1A1-052
2021-02-04,1.1528661521972847,1.1451809709440295,1.1078228137023567,1.0950409434230188,1.1140928756415385,1.0781568288625747,1.0568430102037367,0.9985541457328913,0.20930397736109357,1A1-059
2021-02-04,1.0715381754089048,1.0697949230168695,1.03118270136743,1.0200632560869856,1.0418703033138368,1.0105760385347726,0.9883947379712946,0.9323396307431918,0.2120457080451617,1A1-106
2021-02-04,1.0527126647451532,1.0498713842288088,1.0168466788198294,1.0010763300733305,1.0277289343811333,1.0010592425623466,0.983036620435378,0.9280828123075402,0.20998699036779747,1A1-105
2021-02-04,0.9405352515294217,1.0155503454953567,1.0000413736191185,1.0009921658377714,1.0290023920602096,1.0012712116544173,0.9873510738963955,0.9309123388055105,0.20670581840587987,020059
2021-02-04,0.5736334341040934,0.5991842797614184,0.5656607647683634,0.5457744260151972,0.5527650951875152,0.5460096821635755,0.5383858076640248,0.5091192989623334,0.13111641473976635,1A2-028
2021-02-04,1.0215933000949309,1.0818162708672592,1.0495703015381772,1.0372084642159776,1.061714228712114,1.031636008613172,1.0122546959535066,0.9557541827134577,0.20568400620518806,040852
2021-02-04,0.8749514091049863,0.9610169204087959,0.929141974605141,0.9067500278724067,0.9277531755961591,0.9181027253019518,0.9077128126354904,0.8510911415298851,0.21154028244038417,1A2-066
2021-02-04,0.8862867905359194,0.947588025320907,0.9161894398530767,0.9049230584373726,0.927921753316531,0.9120238477619527,0.8972019166520139,0.8515282359377141,0.20860794209014696,1A3-001
2021-02-04,0.9790874047614279,1.0062228773253592,0.9854579264580952,0.9884829109055278,1.015400486310396,0.986491174837618,0.9659722548881882,0.9125991384211971,0.2132811349026375,040576
2021-02-04,1.101491311234226,1.1189291459018142,1.0769123164298586,1.0648047960184488,1.0864332043261566,1.0497819551214076,1.0186114177976882,0.9600979714505362,0.21337727110062554,040576
2021-02-04,0.9072677911410976,1.0387442602913852,1.0166455754375674,1.0165507284638702,1.0462925393566058,1.0195323310843847,1.0112271047227928,0.9498997359929591,0.17524593722499268,1A2-076
2021-02-04,0.8323594216085771,0.940803651540926,0.92690225501444,0.918521446374174,0.9502978161965429,0.9355985916050163,0.9303936938718991,0.8716091585235592,0.21909270483047824,020188
2021-02-04,1.04965620289972,1.0808182803602435,1.0526152102096036,1.0321067194378264,1.0548491829893796,1.0316671176446832,1.0159929211259635,0.9598730632850053,0.23985750898590544,1A2-077
2021-02-04,0.7800771781208176,0.7995072392945897,0.7866270168227881,0.7748065032976487,0.8052914882431664,0.8183062500000009,0.8191116576658395,0.7763622944943606,0.21527083970560165,070859
2021-02-04,0.9093518651332163,0.962254643030389,0.9410718126945727,0.936862979178053,0.966048928200815,0.9455479739894517,0.9334105552724168,0.8833742203282632,0.2228730290991482,1A1-029
2021-02-04,0.8824989513444982,0.9072417850916574,0.8898993581277399,0.8867796238575727,0.9126894209942411,0.8932112895557074,0.8798409556764748,0.8284330154788939,0.20665298747952845,040186
2021-02-04,1.0099958955386275,1.0518372404787817,1.0338982568008706,1.0435674842219806,1.0706629749727967,1.0417894254624585,1.0320941501632204,0.9689270402611531,0.16219396735582164,040704
2021-02-04,0.940382816192336,1.0464849943491215,1.0342090003082296,1.0384834172403161,1.0749210829137985,1.043706118360218,1.0345118976677286,0.9732188276995791,0.24842442720641106,030172
2021-02-04,0.817218416421323,0.9136491866642543,0.8790450961364497,0.8501387621506935,0.873210717281535,0.870667879405911,0.8599492656129216,0.8075508955739408,0.20283073405812607,1A2-066
2021-02-04,0.7618841122238119,0.9179856143697342,0.8822917183277696,0.8611869972977274,0.9027113495469719,0.8865136305833731,0.8523281513272924,0.8133672627563184,0.19505388650453037,1A1-087
2021-02-04,1.0787856328550394,1.0826623482525461,1.0651617483283193,1.0682836846617918,1.092624056528126,1.0603838025659775,1.0431174044781022,0.9857031450074052,0.22624977281771103,040826
2021-02-04,0.7924395547518077,0.9716845722125219,0.948012696433026,0.9416945061112499,0.9781929034671988,0.9644353766525322,0.956025717136443,0.9028139373908703,0.20787679595909214,050669
2021-02-04,0.7480492478879045,0.9855366371316716,0.9783352771481557,0.98697026581496,1.0276834432309907,1.002285205027818,1.0022912425303931,0.9380144343704926,0.23697665361631987,030171
2021-02-04,1.0867049561431732,1.0862571974522295,1.0506398949151814,1.0363529760449508,1.0594578575564566,1.0272968701880794,1.0042597889725275,0.9498653477449656,0.19567817281091143,040850
2021-02-04,0.9031212182510382,0.9202607851464418,0.9067782738028712,0.9115820911285457,0.9380571783008113,0.9215797410164129,0.9146116807110861,0.8643760779185932,0.2125132056669421,1A1-110
2021-02-04,1.0038121527950998,1.0018330880833082,0.9729868953093033,0.9652418525791338,0.9881629760368944,0.9681282500231655,0.9544763754552765,0.9005487188076903,0.2120367108817598,1A1-110
2021-02-04,1.0611410576979499,1.1106986852145329,1.0891861477959728,1.0997974203204786,1.127132699418911,1.0930068820801786,1.0754761225567886,1.0123885337794212,0.1588061571872982,1A3-048
2021-02-04,0.7852093059532964,0.87876164932132,0.8759060813485134,0.8811022607156987,0.9140573653698398,0.9028210425834087,0.9003240553188508,0.8486293264417591,0.22126059230285683,1A1-107
2021-02-04,0.7937845025803485,0.8846667875938893,0.8743610392928309,0.8802471258494708,0.910605697205048,0.9035659342905318,0.8988503653364674,0.848182494507179,0.2088306167288335,1A1-103
2021-02-04,1.0746946102891715,1.0778980183857847,1.0562189751882747,1.0557625733996923,1.0787217607546347,1.0474949976350203,1.027318984811555,0.9674526446971863,0.21119964507501143,1A1-103
2021-02-04,0.6814491787669602,0.8747317305403478,0.8707765174958343,0.8662706855510592,0.8992470364199003,0.8790430492739822,0.8728454772673169,0.8173438705070221,0.21549529873839546,020197
2021-02-04,1.000134107654092,1.0976195320394078,1.0508353538649393,1.0274192268019549,1.0525400439962949,1.032792162765241,1.0128787765240823,0.9504683100370499,0.1996170911923207,1A2-078
2021-02-04,1.123729961481378,1.188591183122482,1.146817822814333,1.1321406035762243,1.149803431337903,1.1139892589582299,1.0862022316064732,1.026945328291752,0.1471977719273448,1A1-102
2021-02-04,0.9872384852839415,1.0542238508347084,1.0351642379406387,1.036769565525928,1.060392484964607,1.0337195362534812,1.017884709138326,0.9641060585094113,0.14821911402061486,1A1-102
2021-02-04,0.8341476687370599,0.9682875776397515,0.9554779130434781,0.9605616563146999,0.9918753291925463,0.9684959089026913,0.9602461449275361,0.9032952215320907,0.208927436853002,020058
2021-02-04,1.1362855946266288,1.1995040418806795,1.1560695456341366,1.1352453022520745,1.1482607230343738,1.108732497036745,1.094602840774398,1.0177382062425917,0.19125180165942315,040887
2021-02-04,1.0080543063424117,1.007491527397281,0.9787235426585463,0.9649747151811754,0.9899253604749804,0.9672602282096987,0.9495323178858847,0.8957884157423938,0.19865106908648159,1A1-089
2021-02-04,1.0821884564272193,1.086365705421092,1.0520035646414738,1.0389245249705497,1.0626369618601723,1.0328573418298186,1.0083816829614778,0.9534023039164151,0.22626935632128156,060182
2021-03-19,0.6846687904352773,0.7918710211686767,0.7701081983334195,0.668580715283888,0.6269443714093473,0.5407607111433157,0.35965106878525965,0.30889611303762765,0.10660553283991513,1A2-076
2021-03-21,0.6338762251447457,0.6731105679824787,0.6659019823364213,0.6134494846432297,0.5850066613601558,0.5194915317224515,0.4012095631255009,0.35914572403443507,0.11620219603329918,1A1-059
2021-03-21,0.7065885786600467,0.7463605341031134,0.7281882306021611,0.6320920968761122,0.5965321269858814,0.5135978222211475,0.3616398187889104,0.3154695186925727,0.11170522742889497,1A2-077
2021-03-21,0.4963241311878424,0.5014753212649455,0.5063223823890938,0.4931703374678735,0.4911283216001788,0.49938303721086164,0.4531989384288747,0.42090391663873045,0.13669819532908706,050707
2021-03-21,0.26799161486393147,0.416844439839757,0.42607333885895854,0.4030813372012709,0.3905533913523968,0.3800279596629369,0.31853407929272004,0.2900604227103192,0.14039004006078193,060315A
2021-03-21,0.5843241386290942,0.6808276488926681,0.6648641847848095,0.5898176100246976,0.5566370035224099,0.4978631321106116,0.38273578687396215,0.3414523361269687,0.12341147819749798,1A3-001
2021-03-21,0.64230813334814,0.7023368585245688,0.697027557067713,0.6440407868832596,0.616333164898181,0.5553304854163085,0.44489329776171416,0.4005390463306033,0.11560158557885475,040852
2021-03-21,0.6940236123495052,0.7336015515556092,0.7209083976636074,0.6460498567171302,0.6190566293956379,0.5630742853737036,0.4626696445345088,0.4160667044939798,0.12019601859578011,070859
2021-03-21,0.6568245995202874,0.71174559854359,0.699775898795405,0.6314624329765394,0.6013156477771802,0.5355798447912726,0.4308285282412115,0.3855068528374094,0.1147222208933803,040576
2021-03-21,0.7007417116811838,0.7574261409768323,0.7377307939165624,0.6575301368042682,0.6238605613027969,0.5503676201106922,0.4358374102201227,0.38806716431793903,0.11295754616064362,040576
2021-03-21,0.6952448393145255,0.7559573431299875,0.7305920049710023,0.6323411568482106,0.5920918741551474,0.5005971133301356,0.3445134609514671,0.2944533554266778,0.10675646012296693,040704
2021-03-21,0.7990170658759176,0.897809508167386,0.8899185140213188,0.8591373808123927,0.8455166249137253,0.7956067371354075,0.7172917009637263,0.6589690534011604,0.11790782867660228,050706
2021-03-21,0.601225880206339,0.678898301534026,0.6615663933503028,0.5981907170049332,0.566063212668664,0.49968203770864794,0.37195883585249956,0.32906912351046363,0.11968896222377401,1A2-028
2021-03-21,0.4677927515498328,0.6550499284692417,0.6492814417421713,0.5774795183595614,0.5409542600540457,0.4839205849626449,0.3885409950723255,0.3453701716738197,0.12681117469400732,1A1-087
2021-03-21,0.6244977489302364,0.7248634434347802,0.7064498456656565,0.6300166979181696,0.599997160440406,0.5444408490792825,0.44367935189191793,0.3982601730852442,0.1219836097889322,1A2-066
2021-03-21,0.7607088250332349,0.8445872720455396,0.8357929270204857,0.8147704775539422,0.8039364761223029,0.7581330095101746,0.6894852132119851,0.6283574257763231,0.12170197361693429,040887
2021-03-21,0.7091119005693486,0.7518034366379057,0.7339849650760109,0.6567689352585546,0.6190568703410221,0.5363877971473853,0.39168017256559245,0.3424017227211361,0.10806183306920232,1A3-048
2021-03-21,0.7022843108170254,0.7483174377759738,0.7223980329941071,0.6313886816546077,0.5949704807233425,0.5194088616302722,0.38160931264430087,0.33720542635658934,0.11202365953385178,040850
2021-03-21,0.6661282217787483,0.7021406501588645,0.6877134916717017,0.6067686241455064,0.5744855240746073,0.49856014573431784,0.3630900551427152,0.3192483483444049,0.11023877241813912,040826
2021-03-21,0.589876986074233,0.6523708007035712,0.6330503276980471,0.5579096102353827,0.5275664896537043,0.4675530019381801,0.3437645974075443,0.3015371973694529,0.12707716532786617,050215
2021-03-21,0.6568244124739978,0.7177218301927203,0.6964981076860357,0.614698633885445,0.5803507124249397,0.5057386654643207,0.3697744746643449,0.3230628201938954,0.11484945894400793,1A1-052
2021-03-21,0.44314040704594154,0.6152893715781956,0.6184350154725066,0.574957867174482,0.5544305879552486,0.5030727088788385,0.41227470840276115,0.3685247560104736,0.1257895858129017,020197
2021-03-21,0.5984771388915832,0.6541714232747737,0.6478233161215197,0.5989622428418896,0.5779273155391641,0.5228637717169754,0.4225790086382613,0.3754872056682515,0.12023280869649623,1A1-110
2021-03-21,0.6018304975666832,0.683782847113262,0.6809184001276488,0.6201398452251147,0.5932308592399542,0.5362898678296941,0.4423699970747013,0.3956183283248678,0.1225566869664654,040186
2021-03-21,0.6953913491504976,0.8096719815019601,0.7710534130893737,0.6627630039207798,0.6189679400824367,0.521462063938876,0.3526140695687142,0.302398250728863,0.11207898863979093,1A2-076
2021-03-21,0.5239362160924649,0.6073470702158201,0.6055283115533118,0.5599319640382137,0.5374878786753786,0.4764275053212551,0.36294572381447404,0.3224412056974555,0.11981848331848333,1A1-029
2021-03-21,0.5074927983374632,0.6074900727359924,0.5953516385580689,0.5306489369354966,0.5049223803053311,0.4433972783950122,0.3376018863400207,0.29981433538486113,0.12011505874830151,020188
2021-03-21,0.6103365711448018,0.6639318880901333,0.6530842004493375,0.5845299803451725,0.5578133269911354,0.5007366052490656,0.39603249089804954,0.3528619710472702,0.11920103449616944,1A1-089
2021-03-21,0.5123894731989753,0.604953312558774,0.6012079582541998,0.548008011727177,0.5240902365718288,0.4623794313425405,0.3519815536665869,0.31363357181052115,0.11750070621208483,020138
2021-03-21,0.5398571041441763,0.6097870034589877,0.6054036748992044,0.5617489017162747,0.5412113926281699,0.4753767410606097,0.351907530458922,0.31023457886272016,0.11544984467602279,020059
2021-03-21,0.4955163373065393,0.5680013789165729,0.5717670631451834,0.5265493241843483,0.5089421653386156,0.45288075580190834,0.3513936677968159,0.31387543568003445,0.12015867191487015,1A1-071
2021-03-21,0.4647616587440582,0.5724823867900927,0.5647524143107333,0.5073220040030022,0.4886358769076807,0.4527555479109332,0.36663087940955713,0.3303789467100326,0.1315566925193895,050669
2021-03-21,0.6514753605004588,0.7245564342263383,0.7039563476355407,0.6298918339577292,0.5945400155509998,0.5285267017742277,0.41323516293207035,0.3710287463773238,0.11710468297165473,1A1-102
2021-03-21,0.6516020746447997,0.723686348695837,0.7031311037675833,0.6290700219127728,0.5939769792182091,0.5281864370537923,0.41269200890648217,0.37085256238071657,0.11712689439457125,1A1-102
2021-03-21,0.5349697613816357,0.619209830872209,0.6203225588881508,0.5912238567267896,0.5724611108272444,0.5282681518573399,0.4448813346277656,0.39976122323846497,0.12422547136068672,1A1-103
2021-03-21,0.6042422220520978,0.6517466216220524,0.6555534032442665,0.6171846602771281,0.596880465653263,0.5376021443906623,0.43591728733824636,0.3890032857323937,0.11526319925677879,1A1-103
2021-03-21,0.4731067787302121,0.5749951959122275,0.5711979346242925,0.5266476731692173,0.5077645734342543,0.45630571380817064,0.35868639717294226,0.3216833886487904,0.12184998447983571,1A1-107
2021-03-21,0.6225872006812964,0.6771972760745413,0.6677078808068667,0.5943252325251314,0.5637145706008084,0.49969759376148,0.3857458855158136,0.3414966269244901,0.11992017959122339,1A1-105
2021-03-21,0.6279500886921848,0.6707337051115158,0.6627510880846998,0.6009514133472197,0.5719638323353294,0.5076146350776707,0.4060173420116291,0.36075666579883714,0.11694744424195079,1A1-109
2021-03-21,0.4359156604162373,0.5963102307850814,0.6024340304966,0.5558432515969504,0.5296980836595919,0.46766466103441173,0.3455006696888523,0.29883530805687214,0.1208576241500103,030171
2021-03-21,0.5851152621354511,0.6403482612235945,0.6395411426549947,0.5904060090941541,0.5642001256469138,0.5021454655797613,0.39939973315279315,0.3556657066266555,0.11853810517134664,1A1-106
2021-03-21,0.4993421298674613,0.5829899619849995,0.5872553631973697,0.5472450323641224,0.5279169834583379,0.4671406811877119,0.35416986540634954,0.31191277612246987,0.12800600534264875,030172
2021-03-21,0.6372905027373181,0.7198688984231949,0.6993167108463372,0.6134459623425239,0.5771565317592621,0.49870150939615016,0.3543833738693195,0.30608303682853744,0.11368301132274834,040707
2021-03-21,0.6315414073622667,0.6735481022692966,0.6587947816450234,0.5905269457267356,0.563726713026878,0.4978116765175374,0.3755465405108076,0.3361321853833205,0.11654150739893855,060182
2021-03-21,0.7174628727588591,0.7829399086009016,0.7690006102265555,0.6939692383228748,0.6590185485132805,0.593069913294953,0.4802144091161693,0.4338888141317894,0.11418876934946928,040874
2021-03-21,0.5626167490234629,0.6151220076976701,0.6139472144173741,0.5737201149875375,0.5552103341705901,0.5065729403000764,0.41540007907780757,0.3708454015490844,0.12187546696973464,1A1-110
2021-03-21,0.43728617805383,0.5078340786749481,0.5212348654244305,0.5118510559006211,0.5025150144927535,0.45633949482401664,0.36431075776397515,0.32554260041407856,0.12271130434782611,020058
2021-03-21,0.589362442064264,0.6505778983446933,0.6386327143135352,0.5793685437195719,0.5572313074975666,0.5082691629990262,0.4105442819863677,0.36649250632911423,0.12290763933787738,1A1-017
2021-04-03,0.20190302630292362,0.2266546690133959,0.22896099540432194,0.22011338613474155,0.22382454776571822,0.21664441185098268,0.20133958638897045,0.19250451745379876,0.12352213747922157,1A2-076
2021-04-05,0.21919804694719974,0.24093551229129437,0.24508040170044976,0.24259603228390117,0.24740581603105175,0.2424547162836547,0.22871457704392822,0.21865108126424734,0.14896361900067767,1A1-103
2021-04-05,0.28854225038264114,0.30490306113261895,0.30034411182137394,0.28779342531736757,0.2792779463401458,0.24856355901683616,0.2108512649680382,0.19224799450796795,0.11252076393265507,020059
2021-04-05,0.20043412850359926,0.21787025578189617,0.22791414458569453,0.23746026956654934,0.25173846301118086,0.24911837187930766,0.24907632868739482,0.2409081367743911,0.16646210752029417,040887
2021-04-05,0.1131821908243316,0.1201301433441492,0.12457786996344512,0.12061236291945618,0.12110388138168977,0.12224041976424202,0.12135873824290466,0.12125560027929524,0.11482026533043085,020188
2021-04-05,0.1339635133224964,0.1456761714608807,0.15020274047635862,0.14494902996678208,0.14251346561594458,0.1375211057318538,0.13121649939925084,0.12902309350484129,0.11044393773411548,1A1-102
2021-04-05,0.13329596261219867,0.14510566117746845,0.14938076189129978,0.14397288147572268,0.14090255848469851,0.13498586649233163,0.12846633330977447,0.12640094529648743,0.10973062937310053,1A1-102
2021-04-05,0.10965330075548634,0.10716923192229283,0.11085412819282885,0.11320668845185271,0.11645073150257818,0.11279608466242949,0.11597446636287324,0.1166948375104928,0.12382202602230488,1A3-048
2021-04-05,0.23234735002278664,0.24608601938931932,0.24585073176036815,0.23668376248083833,0.23531483044703125,0.2224889997721338,0.19971881602933253,0.18844237684882148,0.11791379417491808,1A1-071
2021-04-05,0.28943372412072843,0.3253187827388375,0.32095777625342986,0.3022686829633326,0.29876722998253935,0.28053219630830634,0.2449046208530806,0.22659983162883512,0.12472031055125968,050669
2021-04-05,0.20488148637761563,0.2048345487016145,0.20270871992237857,0.198445087186753,0.19473568408738856,0.1817198388211146,0.16377127513899264,0.15651284342800706,0.10759753093502206,1A1-059
2021-04-05,0.310566437511203,0.33394861926803854,0.33322016532934073,0.31796794318912736,0.313903510085301,0.2919013907487268,0.25280249786484765,0.23353211902025503,0.1342208158918612,1A2-078
2021-04-05,0.10162957589744966,0.10184960398608105,0.10799673617261094,0.11162784298991839,0.11653439873332791,0.12149481040173891,0.12880071688627698,0.12875146248736463,0.1283284341035342,1A1-110
2021-04-05,0.11846055558538734,0.11661106320141741,0.12061895344466511,0.12216900159301217,0.1286399761943115,0.1354146596502536,0.14179917109667228,0.1412106420376237,0.13149619824947678,1A1-110
2021-04-05,0.4394315230752038,0.3876853279696053,0.3982193597049951,0.3871032964577048,0.4004553581405743,0.41415904011621396,0.3815580735277683,0.3659797016426418,0.15718398703765785,050707
2021-04-05,0.27772555342586236,0.28300416096899644,0.28322721037858,0.27538187094266325,0.2694840057146023,0.24351722671288406,0.2124029434433182,0.19570741763867522,0.1143312268160731,1A1-103
2021-04-05,0.3122437910235158,0.3245131121572937,0.3217085133861161,0.3038892624411524,0.2978628176598021,0.27472393660250705,0.238290514905149,0.2184592174907572,0.12182014108690702,1A1-089
2021-04-05,0.1827594966988805,0.1699090230599942,0.17317942780595155,0.1737707109367524,0.17597862405511427,0.1714846043440819,0.16373433164290493,0.1591665295187063,0.1214502152904028,020058
2021-04-05,0.17208069480592955,0.19424801403191128,0.19347948398777864,0.18759986420731015,0.18569301799253138,0.17641047866923162,0.16455754215231413,0.15694042095733848,0.12522845988457618,030171
2021-04-05,0.522582245666266,0.5174724247651007,0.5032219833187631,0.4606029515078493,0.43965330868164676,0.3749914935929247,0.2816472170372301,0.2481652478163959,0.11692998054643249,1A2-077
2021-04-05,0.09670559223898306,0.09940241378173786,0.10708321449367715,0.11082568254979723,0.11609997033586383,0.12171828519320159,0.12872248541513304,0.13017095771212608,0.13430892341159528,050215
2021-04-05,0.4470908352852441,0.4951869863829451,0.48159204414625445,0.4377441005994682,0.4157823454682602,0.3599224899757829,0.28009119059907095,0.25132608082893343,0.12790316010957167,1A3-001
2021-04-05,0.2989641958363689,0.3131682344822305,0.3109781750565503,0.29483518997047925,0.2910296100908638,0.2715859241651652,0.24065857378369082,0.22226824445040833,0.1271898025533874,1A1-017
2021-04-05,0.17357799098166574,0.18128662045492738,0.18124876079192245,0.17756289041964507,0.1749346617853485,0.16607336962707253,0.15286550649547717,0.14738102084947952,0.11194047411293491,060182
2021-04-05,0.11566033049770218,0.11107377530067467,0.1168120905446368,0.1121916593331378,0.11651645154981913,0.11543629118998733,0.11800640461523418,0.11920305074801996,0.12119241713112346,1A2-076
2021-04-05,0.10868847597597596,0.10470122769828641,0.10559839030206673,0.10527054848966623,0.1055794559265148,0.10503107445680974,0.10611301006889245,0.10726105370075957,0.11530191883059539,040704
2021-04-05,0.19312613825192648,0.1947333829248439,0.1954213516804442,0.1891039170883549,0.18520527397852998,0.17318917171395737,0.15606114178772476,0.1483277245975355,0.11125261740906767,040826
2021-04-05,0.28269177984782784,0.301115942544265,0.29666456422290177,0.28615019080803056,0.2797411244637227,0.25740747114176665,0.22378387257341964,0.20840856384365583,0.119455678020337,1A2-028
2021-04-05,0.8491958715713591,0.9108538549042665,0.8832411002326238,0.8610597254531043,0.8676510250773285,0.816150610956313,0.7459575973312198,0.702630992612285,0.11836044505227653,050706
2021-04-05,0.2175997130957889,0.2774294215640906,0.27137320684868127,0.25716304488662656,0.24761938917167978,0.22934042572882918,0.20379077279037489,0.19057137436372049,0.12578915316982878,1A1-087
2021-04-05,0.3188303391459345,0.33218323983342546,0.32899846238511027,0.3105996821276914,0.3028391237566431,0.2751846953107676,0.23683026234732688,0.21592740683548675,0.12333583825474155,1A1-105
2021-04-05,0.13167396735405906,0.1388919587564637,0.14150035449504714,0.14114507569621834,0.14039039436795225,0.1357073553049656,0.13081716217058137,0.12861985608373305,0.11437152825369146,1A1-029
2021-04-05,0.45114738145619016,0.4618413465422716,0.45657208185053416,0.4142084760026927,0.394826480715591,0.3358849105511206,0.2687769582571898,0.2396665716071943,0.13550704722516102,070859
2021-04-05,0.39445182085214126,0.40840198074438167,0.3978429501746306,0.3688145695591232,0.3518575262459765,0.3054059202972321,0.23990633399483832,0.2143067915642704,0.11163813592725505,1A1-052
2021-04-05,0.13245147697602327,0.13574026940472878,0.13783632990577718,0.137023159904164,0.1352444464028585,0.13125210642353136,0.1278813358507252,0.12486766545776083,0.1149325816011331,1A1-106
2021-04-05,0.11911725276054527,0.13197140783493755,0.14795518325873952,0.1308494306105169,0.12624671585823152,0.1203709844649121,0.11915355717223389,0.1181873593806701,0.1118085987316179,020138
2021-04-05,0.09862072549637992,0.09650845204624593,0.10107269927329578,0.10256284951251103,0.10236895503559701,0.10068577793583791,0.10349158016225031,0.10390216937643006,0.11399959336773378,040576
2021-04-05,0.11668996195218169,0.11301770196546837,0.11555844735376411,0.11534487495218856,0.11745302268777294,0.11812592821242356,0.12039493433899466,0.12017070452212072,0.11831285573367857,040576
2021-04-05,0.09668001257466201,0.09266724929267522,0.09673287645394532,0.10123893744105628,0.10519183275699463,0.10692841244891542,0.11343910091166295,0.11604307450487265,0.13005385099025468,030172
2021-04-05,0.28139849598187106,0.2929605459619381,0.2888676187079044,0.27508857508550283,0.26821650475251274,0.24643371031704386,0.2116905776453556,0.19786315575232377,0.11788698336096004,040850
2021-04-05,0.2913805272333453,0.3085630672513073,0.3127697289872682,0.30632326852976893,0.31041353478789163,0.2961784536953878,0.2684533361508797,0.25098134872417976,0.13606810977864642,040186
2021-04-05,0.16977973897617843,0.2067468068930563,0.21239721236695386,0.21185790674100358,0.21910800810947798,0.21770396604156114,0.21064120628484542,0.20341709325899643,0.13896464774455147,020197
2021-04-05,0.2333991256457717,0.23758321874019914,0.23564288333557337,0.2269113442033107,0.22237448209073016,0.2081998904041607,0.18815345795552027,0.1768053801907243,0.11564104122940351,1A1-109
2021-04-05,0.5679840898924847,0.5972838872571471,0.5857466546307026,0.541487799843712,0.5338952655546868,0.45695286949960884,0.3618334218964724,0.3277765503489531,0.12014706475169071,040874
2021-04-05,0.355575963084194,0.39249426604171833,0.39398287075594146,0.36993441246537906,0.3585249026747499,0.31799269527996726,0.26884899575836224,0.24495315023919723,0.1346767649280471,1A2-066
2021-04-05,0.14412986769570002,0.17794177508269018,0.18487302094818078,0.18182143329658215,0.19341170893054024,0.20569823594266815,0.20427859977949286,0.20060703417861078,0.1530444542447629,060315A
2021-04-05,0.28393651069768777,0.29333288293982923,0.29102240218858916,0.2823095735589344,0.2783301482151978,0.25661045546717354,0.2233636920805246,0.20894820558980118,0.12348857362467325,040852
2021-04-05,0.12435672992631557,0.13840876394910792,0.14258755419717092,0.1410188665387258,0.14249734641173267,0.1432869452934347,0.1399856516691543,0.13784639040917385,0.11656302745989998,1A1-107
2021-04-05,0.11073411667050942,0.1060710528014756,0.10784636569056934,0.10861165782799166,0.11153271109061565,0.11485573161171313,0.11910177265390819,0.1201876744293291,0.12776108277611248,040707
2021-04-05,0.39157198388565057,0.4349187958784451,0.4287109488485599,0.3940941459588233,0.37559707152679583,0.3241705632275184,0.2657932230636631,0.23913338595030126,0.13088471751467137,1A2-066
2021-04-08,0.11891218343600277,0.11882781851960496,0.12602008409113133,0.1212448909748704,0.12646745379876795,0.12635458101104918,0.12645841400215127,0.13075522636159195,0.1306147843942506,1A2-076
2021-04-08,0.10783335094299744,0.10745135242220927,0.11151734111680485,0.11303014686459915,0.1202318585239578,0.12958392149611692,0.13739471181784554,0.13902897406096462,0.13410063658936014,040186
2021-04-10,0.10537834667659689,0.10679437366456564,0.10657514458895946,0.10400410198213228,0.10763590209620752,0.11551709119817477,0.12108562533062593,0.12210823174425868,0.1206878495033585,1A1-089
2021-04-10,0.10197311453274394,0.10626464054707402,0.10611817845242505,0.10628395147766628,0.10735843369558115,0.10959565738179759,0.11279702724481132,0.11343956268920008,0.11525767580634629,1A2-028
2021-04-10,0.10487727652832186,0.10512751859513225,0.10249454469433573,0.10317572289952015,0.10446829584965447,0.10610303903877474,0.10768604374807456,0.10906947317459624,0.11084840455965844,020059
2021-04-10,0.09746181250993519,0.10146593173780004,0.10014089622079173,0.10085841231521248,0.10123293767882668,0.10151526386901938,0.10446253874582721,0.10415160223931041,0.10931599308535989,1A1-059
2021-04-10,0.116912261660311,0.12002956878850102,0.12181291678889217,0.11516225188227244,0.1206946709690037,0.12098721521462799,0.12478581695511885,0.12477479221668132,0.12348229686124965,1A2-076
2021-04-10,0.10494924157207616,0.11186481235300136,0.1178289429730374,0.1269999488700276,0.14268771858063203,0.14979146811194055,0.16615156969015232,0.16792693526945485,0.17040480280873976,040887
2021-04-10,0.10567742819932818,0.10906811981629998,0.10989554001873564,0.10705714807960336,0.11173783444147409,0.11980973564557777,0.12359426508556672,0.12531907601617656,0.11975638723238961,1A1-107
2021-04-10,0.10181148599356342,0.10637467064012392,0.10934151531767798,0.10845443795446416,0.11396350649660257,0.12309000262248172,0.1321990745023248,0.13322766432232708,0.13672069233520076,070859
2021-04-10,0.10674471258456308,0.11107734699529216,0.11236964038453928,0.10605977370732289,0.10888580132135929,0.11427038018752225,0.11806613126557744,0.11908701586422438,0.1181884123907109,020188
2021-04-10,0.4121494394618834,0.4938399663677131,0.4883214910313902,0.45236344170403586,0.44741835201793717,0.3829138004484303,0.31430412556053816,0.2935306950672646,0.13325196188340804,050706
2021-04-10,0.11206286756325505,0.11772214269432416,0.11785757465238204,0.11014730795532256,0.10948246637793481,0.10837400957374055,0.10979184408479596,0.10967940278094367,0.11222746751766587,1A1-102
2021-04-10,0.10113208259534796,0.10504135159807819,0.10428816042598095,0.10211527535395047,0.10215991370454029,0.10250693684063619,0.10493769284052934,0.10482893706777523,0.11128173499474214,040826
2021-04-10,0.11434135970320501,0.11560938317450577,0.11619629006621596,0.11698088421870421,0.12469570916399964,0.13164516675101046,0.13890360604851074,0.14019942943285388,0.13513878609255928,1A1-110
2021-04-10,0.11363076737527679,0.11416951054524868,0.11472294889408609,0.11140693018426655,0.11748412706736171,0.12835640423278208,0.13396851527514128,0.13628833363048112,0.12932882193160025,1A2-078
2021-04-10,0.3060318982952904,0.2933940624097083,0.2871892950014447,0.26846436001155727,0.27991301646922845,0.32555801791389777,0.3330051285755562,0.3236630309159202,0.20660473851488007,050707
2021-04-10,0.10444778783262074,0.10745293415811594,0.10766579783035678,0.10736242833630093,0.11036252500963675,0.11209818706902362,0.11460103648500648,0.1157092329154351,0.11794853735690182,1A1-029
2021-04-10,0.10910726017614857,0.1118559271601999,0.1146582004284694,0.11598966912639845,0.12798950249940494,0.14136646036657938,0.15195255891454412,0.15533844322780294,0.1451868007617234,020197
2021-04-10,0.11346301890043443,0.11346780564097127,0.11291822447248445,0.11136828941787713,0.11406977520941583,0.11488321691761205,0.11792441416604818,0.1189927738309829,0.12161891501431449,040576
2021-04-10,0.11091702066493041,0.11911797781310245,0.12891722528494612,0.11314737545236245,0.11201920553319578,0.11137991341698505,0.11390115331281493,0.1144289697974092,0.11424623566814353,020138
2021-04-10,0.11335386071817197,0.11250603264417841,0.1111563482045702,0.10892463982589767,0.10977868552774751,0.10888706202393905,0.11033195647442869,0.11025540805223061,0.11736259194776928,040704
2021-04-10,0.10613970748064876,0.10648571068815627,0.10631098637472164,0.10509416087901602,0.10638423549994694,0.10582967275474499,0.10914102494433242,0.11029952019934247,0.1188734466122362,040576
2021-04-10,0.1015202478614057,0.10497783880489303,0.10452024936481133,0.10661820122577649,0.10984590898384848,0.11179453311751109,0.11728952778042277,0.1178960891419064,0.12769861536379898,040852
2021-04-10,0.10468211524078269,0.10561151156311378,0.10400048242960991,0.10366714710974312,0.10509177485823626,0.10735499131388339,0.11094941104254287,0.11188694043081962,0.11770177864258209,1A1-106
2021-04-10,0.11839184659361607,0.11860736922343974,0.11873826488804182,0.11695046212482117,0.12301226393520731,0.13243546450690813,0.1382862448785134,0.1411741038589805,0.13663756646021907,1A2-066
2021-04-10,0.10535838494521185,0.107874580276322,0.10973309290138154,0.10935196569795144,0.11435872987136714,0.12242981991424493,0.1287030786088613,0.13189960362077177,0.1340657960933778,1A2-066
2021-04-10,0.09887464263092095,0.10097733038878347,0.10050444113467903,0.10078113981476723,0.1020760919658294,0.10228264941023413,0.10433905603204782,0.10563058154862788,0.11145555235991983,1A1-052
2021-04-10,0.10709475922850477,0.10906032633874821,0.11012526692991408,0.11165877001974338,0.11837815647296146,0.12428718504764812,0.1320724226473456,0.1334902308640832,0.13318567559284084,1A1-110
2021-04-10,0.10863679051743791,0.11470780487804877,0.11502224754957831,0.1074783040802371,0.10612137223615227,0.10383334397082293,0.10521631183040807,0.10525820834283112,0.11111638477319351,1A1-102
2021-04-10,0.10729524717850897,0.10526963916706403,0.10519665395008743,0.10395084247337463,0.10733616277221429,0.11325619138451753,0.11702090287712599,0.12194370529327608,0.12917045779685263,1A1-087
2021-04-10,0.11589741454192416,0.11953648766031372,0.12005758520259567,0.1211017474835215,0.12856167288334786,0.13860872208880481,0.14571872668744565,0.14843425987430373,0.14538407848347043,1A1-103
2021-04-10,0.10100158646425576,0.10665661645468226,0.10696804212336132,0.10627274876423803,0.10982447492331442,0.11632022546548659,0.11977281910009178,0.12065356075259365,0.12226321044096673,1A3-001
2021-04-10,0.10576908823764647,0.10712401779716486,0.10562810726585874,0.10581303621065183,0.10735323077677798,0.1081110925241775,0.11089571668501969,0.11141055955836525,0.11397380195763629,1A1-103
2021-04-10,0.12931153531306228,0.13877519414913675,0.13833077250352727,0.13610391421893345,0.13605395676479135,0.13184558815609482,0.13005084553160776,0.12870050570329913,0.11836804159800095,040874
2021-04-10,0.104421056586111,0.10557816166991033,0.10520197283603884,0.10216675165668951,0.10419086911536475,0.10933276221680253,0.11395686858982271,0.11474158023961438,0.11984524959147298,1A1-105
2021-04-10,0.09779388479609234,0.10187670772042458,0.10125056054688018,0.10089418265822409,0.10204241988047799,0.10438158268571904,0.10814990983268519,0.1086053248584144,0.11402154742746862,060182
2021-04-10,0.10022942598060754,0.1044495231513477,0.10414559527549164,0.10290262151577978,0.10406418169252997,0.10602828631861098,0.10984392243094382,0.11013113568302235,0.11674788423279099,040850
2021-04-10,0.11355464661034416,0.11011722645786112,0.10902054399340616,0.10778523593653414,0.11172195549144857,0.11609686791675254,0.11975667628271172,0.12122317123428805,0.12691670100968475,030171
2021-04-10,0.10882918426501029,0.10735702691511385,0.1060976894409938,0.10711240579710143,0.11151040993788822,0.11842534161490685,0.12196931677018633,0.12499386335403731,0.12631220703933752,020058
2021-04-10,0.10787146741678388,0.10691187998124707,0.11040119081106423,0.11105728082512895,0.12288785747773087,0.14285751523675574,0.15455369901547122,0.15624933895921242,0.15392260665729024,060315A
2021-04-10,0.11483762399483478,0.11518433703116741,0.11619325292011502,0.11640655925338961,0.12067084874097553,0.11631715971121669,0.11952382168222102,0.11996865645360089,0.1265191142806832,1A3-048
2021-04-10,0.09872871378503396,0.10472819301464535,0.10727976905920732,0.10845081027038313,0.11598093804590257,0.12502858853645948,0.1329190465726936,0.13431399048550308,0.13685627396477656,050215
2021-04-10,0.11319139525326198,0.11186164594677901,0.11062776122469944,0.11178020137675948,0.11803455255316965,0.12071523682317888,0.12626002260351382,0.1287808178362273,0.13759752388780438,030172
2021-04-10,0.10621025955603261,0.10824068397040228,0.1088602530383776,0.10749723574742173,0.11398090096998045,0.12360560058275516,0.13100216079438728,0.13204560441666996,0.12468851282444511,1A1-017
2021-04-10,0.11730459612235188,0.1207507765861904,0.12073144909926564,0.12096946748375507,0.1289465925299804,0.13967710127317867,0.14993153626710326,0.15088133815838117,0.14362405304030834,040186
2021-04-10,0.10400579321526562,0.10622757545522576,0.1093054065851833,0.10643342479421304,0.11430271264654532,0.12976511598902477,0.13865657271139936,0.14132232476926918,0.131975891743577,050669
2021-04-10,0.10349484775695587,0.10686253488801795,0.10750211856577435,0.10554039716422416,0.10977025498643386,0.11685648844197656,0.12127982232638654,0.12211639274912715,0.11983691905979822,1A1-071
2021-04-10,0.10442166760283837,0.10565730989113982,0.10429196006740431,0.10318382364596873,0.10474146711281279,0.1078454848391911,0.11169293046945282,0.11242143051597411,0.11624243234581583,1A1-109
2021-04-10,0.12687340096025135,0.13313288103089085,0.13197020874436044,0.12965435769374042,0.13000284039955304,0.1292151353458145,0.12802042155875337,0.1278074940329192,0.12368511816889949,1A2-077
2021-04-10,0.11535431812253194,0.11413731998452833,0.11285316584361016,0.11197845931043166,0.11528160761349637,0.11828003975857004,0.12199368720259775,0.12305705804571336,0.1289190931088144,040707
2021-04-23,0.11098062970568111,0.11390009778038522,0.12166726312701671,0.11490145692774034,0.11956784492030899,0.11570773931749294,0.11677979368338706,0.11964761904761911,0.12299956487728567,1A2-076
2021-06-17,0.1653218343600275,0.16838900948469737,0.18167221081451063,0.1748134496919918,0.18325589615723076,0.18839983377334504,0.18448078126527825,0.1953402366285324,0.17534549232423977,1A2-076
2021-06-17,0.15912858576786906,0.15734596122351924,0.1653323154947435,0.16282954989698334,0.17677391568492776,0.20956250726398634,0.22094545934808998,0.2262912832162289,0.18357217496962314,040186
2021-06-24,0.12692291174355289,0.12273051988081791,0.12572807459159557,0.12090525531696286,0.13264740059591087,0.15351267851638759,0.16309919860269184,0.1651056457412924,0.14533830268159872,030172
2021-06-24,0.14,0.1442,0.1375,0.1294,0.1336,0.145,0.1849,0.1543,0.1494,040874
2021-06-24,0.13728333333333334,0.1275666666666667,0.12663333333333335,0.11966666666666666,0.12073333333333335,0.12661666666666668,0.16443333333333335,0.12523333333333334,0.12783333333333333,1A3-001
2021-06-24,0.14171176020518103,0.13560236540368123,0.135897310228889,0.13339654133798867,0.14130819054700622,0.15382454146730473,0.16020117246433022,0.16182389273244535,0.1476639079270656,040852
2021-06-24,0.1338257870233746,0.12656712449634716,0.12447665520335818,0.12042349747345467,0.12273690322036682,0.12850593813427102,0.1312897637273621,0.13347989273475205,0.12696235808885958,060182
2021-06-24,0.13404084768007427,0.12674380066393892,0.12857069018760137,0.12174832857253148,0.1307190457809002,0.15699263491083149,0.16745943024781906,0.16929346483440139,0.1419288311588049,1A1-017
2021-06-24,0.14119815039663255,0.13057186538772866,0.13393959446333165,0.12823915331066862,0.1396042010684799,0.16638649222923735,0.17558024728832777,0.18260701999352433,0.15361481503966315,050215
2021-06-24,0.12426634080432367,0.11767421713559048,0.11775496741376563,0.11353951676998886,0.11872859640756633,0.13183184708313458,0.1383425369575584,0.1423145922746781,0.1326989270386266,1A1-087
2021-06-24,0.1406951076833938,0.13606677577572046,0.13800545694733796,0.13551291959272072,0.13868078841351542,0.1438145524344311,0.1453277324402255,0.14808601874974112,0.13973097501414156,1A2-077
2021-06-24,0.11503392960662522,0.10788470393374737,0.10983883229813661,0.10698986335403729,0.11283238923395444,0.12803086542443062,0.1341268322981366,0.13757971842650102,0.12279570186335395,020058
2021-06-24,0.13619226366377857,0.12838253436746708,0.12862831395172925,0.123526750143723,0.13081194061463036,0.15453843306538656,0.16155687147626296,0.16935194000948064,0.14366914391471428,1A1-109
2021-06-24,0.13454015345268544,0.13544441602728052,0.16192971014492752,0.13888205456095482,0.20096010230179026,0.3480519607843137,0.40643878942881506,0.40626773231031543,0.2500521739130435,1A2-066
2021-06-24,0.13760156303574136,0.12878229820641054,0.12700121661405314,0.12543332328355744,0.12857840214474048,0.13385022818903028,0.13494875589685396,0.13983286749665988,0.13119752775511664,1A1-059
2021-06-24,0.11902269533519994,0.11562401870146327,0.12059460351841084,0.11435425537534989,0.12672021237254993,0.1613346426118654,0.17594773363621938,0.1767605657985101,0.14245350520365568,040186
2021-06-24,0.12894159953841894,0.12442634263920944,0.12837817492849068,0.12156292916781752,0.13712043386828004,0.1678604022793901,0.18151442529606185,0.18068180809637957,0.14835409363499455,1A1-110
2021-06-24,0.12654348248067476,0.1230312363704462,0.12920740279850082,0.12218095275490647,0.14201659387503213,0.17979565122839666,0.1951766891585769,0.1949779436312856,0.15649132621727116,1A1-110
2021-06-24,0.12041294044920667,0.11131109622913662,0.11162850813929527,0.10829182979600246,0.11372020399752733,0.12804263342262515,0.1341285287451061,0.13701107562332582,0.1277525139089223,030171
2021-06-24,0.1364561744023659,0.12814026310154078,0.1283971276869344,0.12314856384346748,0.12582672768611464,0.13272571515810405,0.13360846754981978,0.13809234189880315,0.1286484872020028,040826
2021-06-24,0.12204542960133433,0.1159489230824411,0.11509768117501486,0.11143649324796899,0.1146487616793099,0.12054007281074589,0.1229276304226969,0.1234848442459784,0.116737269776367,1A1-029
2021-06-24,0.11420716945793508,0.11125145588779753,0.11382718600953898,0.11272315700067512,0.11722850142648691,0.12392758891042534,0.1287506043513296,0.13075752335736218,0.1222510355641703,1A2-028
2021-06-24,0.13480098039215685,0.13574578005115093,0.1626585251491901,0.1388564791133845,0.20132898550724643,0.34835524296675197,0.4062559249786872,0.4061757885763001,0.25009403239556693,1A2-066
2021-06-24,0.15291183115189827,0.147211259465423,0.14664991474850816,0.14214707010681515,0.1441771011985356,0.14644536006218353,0.1475002131287298,0.15022910711599227,0.144720016548819,070859
2021-06-24,0.1300032256490337,0.12558186609408556,0.1280506905133711,0.12760261809486628,0.13181081641616246,0.13056341011126288,0.13181486433730238,0.13438995705641235,0.12985406012102288,050706
2021-06-24,0.11810773430391265,0.11464894568184512,0.11455881631522727,0.1069785734066543,0.10962410887367967,0.11872791074890224,0.12257381413933612,0.1248471535387903,0.11654232701665541,020188
2021-06-24,0.12545689400216045,0.1206177344757791,0.12432629233044246,0.11525138488322095,0.12214080397688536,0.139924777925769,0.14859829996539128,0.14970128158068616,0.13095302408994136,1A2-078
2021-06-24,0.12652036667498126,0.1209892990770766,0.12480174607133947,0.1189096408081816,0.12873517086555253,0.1545766400598653,0.16553750311798457,0.16841668745323027,0.13842132077824904,050669
2021-06-24,0.12028647940966436,0.1181508807426803,0.1272366341347298,0.11939304927398237,0.13734789335872413,0.17223026660318969,0.18584608426565102,0.1895460604617948,0.14696915020233273,020197
2021-06-24,0.14995025446710483,0.13483259036368364,0.141031085850143,0.12986819346929682,0.13733785058880352,0.1553524090790891,0.14506228686058176,0.17468421932464057,0.14162420595118694,020138
2021-06-24,0.12489579672884757,0.1197193008074215,0.12128035620138729,0.114724258481479,0.12154090510577027,0.1428172677404641,0.1521941457505228,0.15272983727170925,0.13167816170938762,1A1-089
2021-06-24,0.13727361120927278,0.13592769453671644,0.14059825252668023,0.1331870856597639,0.13534301010672134,0.13815066082408645,0.13956990246660542,0.1433059668527811,0.13632626157325603,1A1-102
2021-06-24,0.12418894736842104,0.12884315789473685,0.13936263157894735,0.13911052631578946,0.15887210526315787,0.20586736842105263,0.22941999999999999,0.22430105263157893,0.21008736842105263,1A1-103
2021-06-24,0.13861673371326405,0.1327736562744441,0.14291740417923784,0.13612184601631466,0.15786663873058437,0.21111663314336807,0.2337289026706896,0.23524653033858528,0.1893800368756286,050707
2021-06-24,0.13068931780440124,0.12494257232895299,0.12466873456706953,0.12107709181766091,0.12490962469925218,0.13333461007935155,0.13741399713344551,0.13832466157421452,0.12734175959141625,1A1-103
2021-06-24,0.12067977149825021,0.11683427857597282,0.11869154384476714,0.115853807257979,0.12147844939561023,0.12904618942848056,0.1343039888399957,0.13606157022054943,0.12867815183967762,040576
2021-06-24,0.1380504965015196,0.13645904304191103,0.1408278888967418,0.13331860555516287,0.13498870768252172,0.13794768888260653,0.13958220368930674,0.14338034666760913,0.13621030108134843,1A1-102
2021-06-24,0.13248046154533435,0.12639953666770898,0.12835180961254955,0.12525801928636623,0.13051086597188113,0.14190888691756393,0.14508126886675038,0.15014368789528426,0.13738973967873075,1A1-071
2021-06-24,0.1284477958155359,0.1222112414984459,0.12164655995851263,0.11762955825206986,0.12214441726906072,0.13531147731692525,0.1414101980104349,0.14386494819351847,0.1305854770155823,1A1-106
2021-06-24,0.11737786409048898,0.11206186567492629,0.11211197570529459,0.11077555125214561,0.11240978610096387,0.1163232362131949,0.11855971788213539,0.1195320144359843,0.11517139210422078,020059
2021-06-24,0.13333440330063498,0.13052758564018258,0.1307575604745522,0.12761992261996455,0.13027423107869815,0.13153231712118885,0.13516777532398597,0.1342735055552706,0.12969157413589444,1A1-052
2021-06-24,0.14225963292181765,0.13593597511276487,0.13611023739315606,0.13091938490293883,0.1345585336502558,0.14220764838672495,0.14553897165193697,0.14763952086098212,0.13818709294733655,040850
2021-06-24,0.12385406571413439,0.11898356616477589,0.1200862660375359,0.1165821850811154,0.12173269602905316,0.1299034599989396,0.1356065316509382,0.13727081764924198,0.1286973783267946,040576
2021-06-24,0.128500826446281,0.13174297520661157,0.15566900826446278,0.13491694214876035,0.19510661157024797,0.3654384297520662,0.44263409090909084,0.44563243801652896,0.28010971074380164,040887
2021-06-24,0.12799044791951822,0.12352496278743497,0.12463821602107848,0.11769480606693124,0.12393676943608004,0.14600000213865338,0.15832378182315926,0.15633811550438012,0.1373661870380509,1A1-105
2021-07-19,0.2809781426953567,0.28097814269535676,0.27460101925254815,0.2545246885617214,0.293478369195923,0.40553442808607026,0.46992910532276333,0.4718107587768969,0.3403627406568517,1A3-048
2021-07-19,0.1326675075779798,0.14056211987875233,0.14185459078908771,0.12617643981617288,0.13494328248753298,0.1379853720543659,0.13058487826342038,0.12977090544636743,0.1169395912779896,1A2-076
2021-07-19,0.11040893488137303,0.12816814740030288,0.12826496718828878,0.1258545179202423,0.13739616355376075,0.1585229177183241,0.1587094901564866,0.1691689045936396,0.14658308934881376,1A1-103
2021-07-19,0.13373062361350732,0.13641864826226266,0.1320621050036973,0.12427702243036734,0.13107433867389692,0.1357860350012324,0.12717272565935406,0.126521844712842,0.11971312201133849,040707
2021-07-19,0.13264640696409108,0.13376339281828062,0.12832888139281828,0.12197934929270945,0.12389188248095756,0.10496430250272026,0.08822860500544068,0.08547922524483129,0.1042422437431991,040704
2021-08-03,0.17691403443299988,0.14904702940737424,0.14736207145345073,0.1428533213912525,0.154284413096482,0.18014401403194508,0.18551118077324974,0.19881177290142818,0.1670545678459471,1A1-029
2021-08-03,0.12721788580841895,0.12036075847323967,0.11865432336756507,0.11249894500718516,0.11677387753671443,0.13094324769548915,0.13468641477690935,0.13620333672146082,0.12023460446531842,1A1-107
2021-08-03,0.12416607418062273,0.11709075310798313,0.12181200041097298,0.11513142915853282,0.1310343213808692,0.1515332425768006,0.1596587742730915,0.16206763074077882,0.13774946573512795,030172
2021-08-03,0.1802599801845765,0.17352702970478698,0.17145281177182925,0.16196211584683412,0.1761533695392915,0.21275305396033234,0.23602117222905145,0.2285375768306332,0.19435003027356287,1A1-071
2021-08-03,0.1228,0.115525,0.11275,0.109225,0.10859999999999999,0.1102,0.1114,0.11045,0.109175,1A2-028
2021-08-03,0.12997280282996188,0.1275476869182951,0.13153484905725177,0.12090372977985371,0.12246169935089465,0.12851334272074733,0.13124549919291129,0.1341772847477418,0.12183153140776863,1A1-102
2021-08-03,0.1572688885934592,0.15247251262961978,0.15389785163520345,0.14428976601967552,0.15263488433927147,0.17438056367987237,0.1852643419303376,0.1840745493219888,0.16343031906407868,020138
2021-08-03,0.15866000000000005,0.17979333333333336,0.16293999999999997,0.14395333333333332,0.1418466666666667,0.14218666666666666,0.2043266666666667,0.13320666666666667,0.14342666666666667,020059
2021-08-03,0.11943562744694004,0.11129604368431895,0.1102911601071502,0.1068046363074387,0.10913722439728003,0.11962887904389037,0.12349657943540075,0.12532184215948897,0.11513490624356071,030171
2021-08-03,0.1410951085295017,0.13429046163252828,0.13412913482115557,0.12586539284622442,0.1409346682971568,0.17477948639559765,0.1845879547538979,0.1915711097523693,0.1495164781412412,020197
2021-08-06,0.11245125933060442,0.12466142547555988,0.1274436600048159,0.12219691789068143,0.13598661208764756,0.1778760654948231,0.19282971346014924,0.19653666746929935,0.14645654707440411,040186
2021-08-06,0.13594251002248953,0.13592976434927148,0.1487459910042046,0.1351785860956293,0.14334970665884425,0.15032961278967444,0.14823744010951403,0.15479083308888245,0.1355249193311822,1A2-076
2021-09-10,0.17841397253037505,0.20545351294241945,0.21837860538827256,0.20857765451664023,0.22771975699947172,0.2842243792921289,0.3212100898045431,0.32614561542525083,0.23909318541996832,040186
2021-09-25,0.0503,0.1094,0.1168,0.1206,0.1644,0.2732,0.3397,0.3237,0.2074,040186
2021-09-25,0.10495037645448324,0.11106579642123793,0.12116549819106284,0.11326259900264009,0.11564019262735896,0.11951283367556474,0.12268552850298237,0.12546509729148334,0.11483370978781658,1A2-076
2021-10-12,0.10217552385983437,0.09985578740388568,0.10368898573692543,0.10547216646123135,0.1097486588014322,0.10794683923225915,0.11037103363268179,0.11224855901860648,0.11728102365439921,1A3-048
2021-10-12,0.10324143346736112,0.09972570094718955,0.10302252745770016,0.10415180307814087,0.10672833562709699,0.10978672495524922,0.11242163783720577,0.11518275809338753,0.12054545340061697,040707
2021-10-12,0.09878311787849373,0.10426320576362984,0.11122651371927848,0.11363392775024268,0.12290490521690255,0.1365112615604721,0.14523122477134537,0.15064001839456337,0.1446967860610086,1A1-103
2021-10-12,0.10772181573247384,0.10439986000316963,0.10966081409477517,0.10987984838079133,0.11716063711765004,0.12793302076179394,0.13469304242168093,0.13874342543187693,0.1312099661894447,040186
2021-10-12,0.10402730688686244,0.1014767210529106,0.1057945167532605,0.10618357146644038,0.11033293062771704,0.11174967858657626,0.11466794215883784,0.11657612925458591,0.1205092268847418,040576
2021-10-12,0.10287190769531623,0.10472003031191943,0.11422047032365312,0.10885349075975363,0.11150747531045271,0.11118975750464458,0.1135863938593918,0.11608909259802482,0.11689193800723575,1A2-076
2021-10-12,0.10300794994559304,0.1006538607181719,0.10375938628944503,0.1029420435255713,0.10304519695321002,0.10117956039173011,0.10171296409140378,0.10370989989118608,0.11048396953210007,040704
2021-10-12,0.10308420159801641,0.10118291826741456,0.1071070011190384,0.10915776217221772,0.1188459400993593,0.1273707585228692,0.1349228857654008,0.13828826060770222,0.13408323027961688,1A1-110
2021-10-20,0.10421118118705386,0.11260361298523519,0.11667875721130341,0.11088814412828786,0.11403264398161725,0.11498689253935657,0.11818046836804537,0.11891692578468761,0.11915952869854311,1A2-076
2021-11-06,0.10337626696206045,0.10962696126913794,0.10899109071487911,0.10561918740356847,0.1086423349289868,0.11710350120663049,0.12179636032757049,0.12290427265893898,0.1152892471416703,020188
2021-11-06,0.10406447052457116,0.11683426286062157,0.12467676463624981,0.11184507051780708,0.11015966618189202,0.10867655325193626,0.1110119406771063,0.11157992356343215,0.10942553184293292,020138
2021-11-06,0.11437793788819875,0.11201363146997928,0.11062162318840578,0.11243640579710147,0.11860969772256728,0.13182171428571426,0.13453252173913038,0.14507497308488612,0.13471751552795028,020058
2021-11-06,0.10643494406093786,0.10875460604617947,0.11008417043561054,0.11250939062128064,0.12535859319209708,0.13945307069745294,0.15612297072125686,0.15189179957153057,0.13482386336586524,020197
2021-11-06,0.10475629621084226,0.10744399114849355,0.10655708907090648,0.10554268334888992,0.1100338077209469,0.12172773541966012,0.12918223511027677,0.13085318979349994,0.12296247548531236,1A2-078
2021-11-06,0.09912216510156056,0.10617859346082666,0.10525897365595085,0.10443021454520532,0.10786896520209299,0.1181067722256495,0.12321611031142185,0.12464536751433725,0.11527122261064275,1A1-107
2021-11-06,0.10628300030808513,0.109877049865763,0.10647401962941777,0.10689993398177892,0.10879674750231075,0.11328337221073019,0.11783519651423792,0.11769453369129879,0.1151394260815986,020059
2021-11-06,0.09786030446239943,0.10549588169958847,0.10444611799551365,0.10545555240978291,0.10700440359779599,0.10953256092514753,0.1127736393928175,0.11219728640808423,0.1100463815144717,1A2-028
2021-11-06,0.10110548532028898,0.10886757334993055,0.10973989487401414,0.10726977895340806,0.10898695941806295,0.11672736484843765,0.12121423674255308,0.1216158846239873,0.11482096490289712,1A1-071
2021-11-06,0.09859171790965307,0.10550753073049571,0.10422231134932736,0.10486801213923427,0.1072781928204752,0.11237035432613195,0.11655228191902703,0.11790301216982693,0.1151737146423393,1A1-029
2021-11-06,0.10937645786111683,0.10915149392128586,0.10738247475788172,0.10669538429837218,0.11145157634452917,0.1178123119719761,0.12251520708839898,0.12386352771481561,0.12187511848341231,030171
2021-11-06,0.10969879021607042,0.11136478947646461,0.10912275872999094,0.10842780654022918,0.11235731681546822,0.11977286174652647,0.12692923292302805,0.1278500739605895,0.11952387870463299,040186
2021-11-06,0.09603553727453883,0.1091405957794696,0.10742416330284607,0.10881367840171684,0.11255645087118697,0.12052275305298656,0.12565736038015438,0.12657025701292735,0.11787592356036995,1A1-103
2021-11-06,0.10739154119393471,0.10860665491464316,0.1055545567808291,0.10518414934789518,0.10605028827801936,0.10648696718269535,0.10819491371540654,0.10881495864701514,0.10834054249284268,040576
2021-11-06,0.10896211856570436,0.11088177334840237,0.10872211034624468,0.10969808383848763,0.11558191718894482,0.12123296517004013,0.12846285831706558,0.12992996506729687,0.1330115021062365,030172
2021-11-06,0.10544341877084348,0.10775421057646493,0.10618468318246777,0.10526672606002853,0.1091075740828967,0.11899509004287763,0.12584329776083847,0.12841623058599327,0.12271340447832296,1A2-066
2021-12-14,0.31391899730572154,0.34521046806487377,0.35301483173965836,0.35192097839294173,0.36282815785302963,0.3546653705953826,0.31255301125257534,0.2889903666332081,0.12120535685984458,040186
2021-12-14,0.15192665493302035,0.1729428229197223,0.1794958883348,0.1767782243082038,0.17750650728463865,0.17506334213356808,0.16976167008898016,0.1655820475212672,0.11238698543072265,1A2-076
2022-01-20,0.5656261590768596,0.8245065629507521,0.8163028436018955,0.8326839171646405,0.8637065320420358,0.8532587368637956,0.8717876262105915,0.799566999793942,0.14588455594477642,030171
2022-01-20,0.7879076286859145,0.9150898386931057,0.8934518802013768,0.9130878043768628,0.9393424843316553,0.9194553631973703,0.9348982893249772,0.8566177694441588,0.1255806380355492,030172
2022-01-20,0.8667076323904236,0.9515608167121187,0.9213177655383847,0.9291620519401818,0.9452576136748481,0.9227179081332546,0.92404484252179,0.8561684687093383,0.17524989929237308,1A1-102
2022-01-20,0.7479820401860552,0.7827877118053579,0.7674622284993315,0.7813510317684483,0.80244475622846,0.7897917228781798,0.8001529527521967,0.7414312402312486,0.1450198676157653,1A1-110
2022-01-20,0.7629578263269232,0.8371497304755768,0.8183031459847301,0.8304965265384968,0.8522651458007539,0.8337798601784562,0.8472338395731761,0.7794527513568216,0.14630524514764048,040707
2022-01-20,0.7361146744145433,0.794005561876816,0.7733133920243408,0.7778577953462864,0.8003661944783896,0.79281500112228,0.8035292061750254,0.7428771194852495,0.14436485422849607,1A1-071
2022-01-20,0.6851240229885054,0.7455759877038219,0.7336883881315155,0.7454691312483287,0.7686501897888254,0.7583436567762625,0.7737959021651962,0.7185827933707558,0.13539113873295894,040186
2022-01-20,0.8402413032977055,0.894454761499786,0.8726538647852444,0.8885996632217763,0.9087463624550112,0.8870682530395079,0.8939052074757964,0.8264816064661418,0.15198351759751264,040576
2022-01-20,0.6392297879866987,0.7383982854986676,0.7252074593778747,0.733960205645827,0.7623498377584612,0.7533527934344268,0.768734903190812,0.7116845010966207,0.14221191425135007,1A1-107
2022-01-20,0.7457118118705383,0.8902950034223139,0.8612580424366875,0.8702536569864084,0.8916937029431896,0.8692126038916597,0.876372049476875,0.8089485528502985,0.1274089811283856,1A2-076
2022-01-20,0.872389947769315,0.9317859956474422,0.9121479825897713,0.9282175821545152,0.948172907508161,0.925796789989119,0.9382217519042433,0.862901490750816,0.16353978019586501,040704
2022-01-20,0.6262339532982473,0.7369427826886719,0.7267890296867813,0.7408633130652497,0.7742773338102293,0.7713404578202443,0.7834450615706912,0.7257678708292882,0.13867108987788054,1A1-103
2022-01-20,0.4740234706022376,0.6836706141394904,0.677712592239943,0.6822741966198524,0.7149989764341822,0.7007015234467985,0.7111468221851941,0.6558725065460604,0.12687804094263272,020197
2022-01-20,0.8464262215814564,0.9305170322723748,0.8940410180769663,0.8959274725518469,0.9127471309748261,0.8911474459354554,0.8912959343462354,0.8241319929022954,0.15722509482089392,1A2-028
2022-01-20,0.6652704133043871,0.8003548478269771,0.786487621349281,0.7903763732437636,0.8148832875926763,0.8049544996518244,0.8185032032114036,0.7557955802236512,0.13817006512923438,020188
2022-01-20,0.8988771732112454,0.9780825820273523,0.9612638492692368,0.9835241298350645,1.002522462874919,0.9744559077302342,0.986090869871456,0.9062505957621642,0.17144923988965177,1A3-048
2022-01-20,0.6734894287802309,0.7424054436683158,0.7207854059382381,0.7236420282465715,0.7461083482044221,0.73460237087646,0.7442237971413509,0.6899535461173713,0.13461883784564654,020138
2022-01-20,0.6912913623188403,0.8461733913043475,0.8307060041407863,0.8447854741200826,0.8716476190476192,0.8588499047619046,0.8731456480331263,0.7999975320910973,0.12303546997929606,020058
2022-01-20,0.7394882156691943,0.8113453106465007,0.7902509634929161,0.7968994791763196,0.8184477403171893,0.8051778912510272,0.8154699683057473,0.7558293551795084,0.12447975151211882,1A1-029
2022-01-20,0.8290011465164379,0.918552088376393,0.8992348312134153,0.9110739668148405,0.9341633774921875,0.9132005193433386,0.9243607015536285,0.8510809405395893,0.12837808635183307,020059
2022-02-09,0.9904649831790314,1.0056200635889323,0.9789626526775002,0.978353124469224,1.0124878349667592,0.9826831253929627,0.9462466833336819,0.9163481133396697,0.24330332843652905,1A1-106
2022-02-09,1.0063521526250758,1.015244469854033,0.988894642206447,0.9822869665556744,1.0189175539779265,0.9864752080584692,0.9497259542208549,0.9229883956356915,0.24668183032816063,040850
2022-02-09,1.0118165011213287,1.051206183212641,1.022778274014347,1.014717552257204,1.0488556359029682,1.017205888072861,0.9747115022340921,0.9374822916131675,0.20440993374762492,1A1-052
2022-02-09,0.9734366405537926,0.9862052225753207,0.9651420236658199,0.955118366877704,0.9892773290140339,0.9660999170628759,0.9344795658528978,0.9004741757610101,0.24071455957102575,1A1-105
2022-02-09,0.8320674794365314,0.9054764531191991,0.8795795576656312,0.8708878631576891,0.9040434226207921,0.8836393099271252,0.846715907625579,0.8191875329699316,0.20270648262118296,1A3-001
2022-02-09,0.9484124739539873,0.96432507569436,0.9500306839909404,0.9489898929550598,0.9854235236619366,0.9671374485635951,0.9427985771844076,0.9094346940040519,0.24415987650494736,070859
2022-02-09,0.9077241958658026,1.0044531037954507,0.9743842749420568,0.9658463109983122,1.0011520875502093,0.9834208755020936,0.95667265891286,0.9183944877347904,0.251134267076381,1A2-078
2022-02-09,0.9556270169716198,0.9565953396645649,0.9251168725559604,0.9164940573300514,0.9483905659129498,0.925068319737935,0.891103358160124,0.8640827493432148,0.23504237459140032,1A1-103
2022-02-09,1.0736196230229678,1.07293627652599,1.0474941657725334,1.0441486945636627,1.0792704247635534,1.0425141690510256,0.998817989985692,0.9700972053330162,0.25568146583412815,1A1-059
2022-02-09,0.991641550111001,1.02890847419405,1.0060074859556882,1.0026709622294505,1.0399168326258958,1.0067738036653022,0.9686221035645733,0.9402914340982318,0.2459053932156334,040852
2022-02-09,1.0129424913134761,1.0270432320602088,0.9987109033713678,0.9921642317448244,1.0300950309587924,0.9989055836345652,0.9539225766017847,0.925304552303782,0.21294662607115805,060182
2022-02-09,0.8761578303954275,0.9462741029061453,0.9195345555026204,0.9092355750357308,0.9394137122439262,0.9217789490233448,0.8978072520247737,0.8638117055740823,0.22952768747022362,1A2-066
2022-02-09,1.0217255991426193,1.046923265583094,1.0234529507437435,1.020822067297852,1.0575606493898155,1.0236857934533234,0.9883253821048882,0.9599426826509843,0.2515193125881884,040874
2022-02-09,1.0103675051982135,1.082792347547466,1.055540934655895,1.0430634113917578,1.0777627126154685,1.0430455465794048,1.0034947029348604,0.9673245935167196,0.246284211064526,040887
2022-02-09,0.9744609235060582,0.990513657381275,0.9661443024666982,0.9657619059042689,1.0016580021825852,0.973695559804692,0.9408567575449699,0.9107372015409818,0.23897158830059473,1A1-110
2022-02-09,1.0532158669319847,1.0894621869950183,1.0597456216028522,1.0590577745429293,1.096461115933706,1.0627891798768685,1.0235635431830035,0.9886165446921026,0.24686035403784792,040576
2022-02-09,0.9388213472917595,0.9505830444112124,0.9315689290591083,0.9224535304636204,0.9566400920085851,0.9370211766044636,0.9122474679758114,0.877491915274075,0.24528297938747656,1A1-089
2022-02-09,0.4641103642865124,0.4180110794502178,0.3655601910828026,0.3136673706559393,0.3245793384735724,0.425153424963683,0.4444843166834283,0.4567104145714605,0.13854202145491112,050707
2022-02-09,0.906353351574249,0.9133217084967522,0.8920082084114903,0.8817772675833631,0.9143040080921454,0.8971348055249825,0.8679596888709751,0.8405338753933685,0.23822165578929413,1A1-017
2022-02-09,0.8554493777989519,0.92488413434969,0.9034835693187232,0.8953105412100999,0.928870185802763,0.9122901038589807,0.8883173577894229,0.8547321391138635,0.22946382848975697,1A2-066
2022-02-09,1.0367842036120631,1.120576637671547,1.0904936674149277,1.0898701635120658,1.1292053262588644,1.0952206724146736,1.0489323223304938,1.0203939786235399,0.2588724452834038,050706
2022-02-09,0.7155505674731855,0.8512747256173612,0.8394983287602894,0.8442819718134199,0.8901111062609132,0.8886592229982541,0.870555288101771,0.8410634198054378,0.22645099151908216,050669
2022-02-09,1.0157207102957029,1.0133190458632124,0.9839177008777032,0.981475885026653,1.015512467736547,0.985650693168936,0.9520645741223829,0.9198356540048049,0.24355895743808317,1A1-109
2022-02-09,0.6916490542044191,0.8893886504530284,0.8635284295024639,0.8578348593228419,0.9034907963757752,0.8876386981402001,0.8548393101255761,0.829015792401844,0.22873251470354472,1A1-087
2022-02-09,0.8796589261582761,0.9635464210769175,0.9461425043122853,0.9484570276535667,0.9906757226513149,0.9766094320965955,0.9464414572781501,0.9103334413693847,0.25374810973533013,050215
2022-02-09,1.026552798784366,1.0971828256413887,1.0596454926143188,1.050819169199237,1.0824535179164598,1.0473227913633467,0.9995967170824795,0.9648952275779203,0.2353351049544138,1A1-102
2022-02-09,1.0191880536556308,1.0276552400801682,1.0160003612390756,1.02161026567751,1.0589849930021968,1.0271318476675682,0.9923311722396374,0.9623144811748584,0.24901791253254235,040826
2022-02-09,1.0662302751755648,1.080364044025329,1.0619608800927136,1.0550411621666356,1.0868520367406607,1.0544913466977532,1.0106188718422755,0.9715552041224599,0.20744078034243413,1A2-077
2022-02-09,0.40138129395218003,0.564698837318331,0.5505745053914674,0.5352580778246604,0.5708131082981714,0.5884636380684483,0.5800328551336146,0.57012966713549,0.190862053445851,060315A
2022-03-06,0.7494256443381692,0.8025520600645764,0.8016267341534863,0.791998522441358,0.8258332293886634,0.7702510101640074,0.7021758323295242,0.6798508836484933,0.1231625512298734,1A1-110
2022-03-06,0.8108538909611162,0.9336182566041595,0.9236436921976391,0.9170749322977875,0.9701677737468702,0.9223261253896075,0.8506000102192016,0.8296838178938221,0.12797694548055794,1A1-103
2022-03-06,0.95602374107754,1.1251251344480298,1.0998140070401883,1.0750132785763171,1.1184993350933798,1.0522870440989536,0.9781026742935373,0.9346810794954533,0.12545145692774035,1A2-076
2022-03-06,1.03454654406964,1.1211448139281828,1.1038082742110993,1.0899678106637645,1.1320119085963,1.065138184983677,0.988212176278564,0.948883847660501,0.1241861305767138,040704
2022-03-06,1.064754487292363,1.144738199213476,1.124942754005987,1.1096624523096785,1.1509250630979628,1.0776643276398423,0.9972672594940417,0.9610836502905441,0.12455296707166756,1A3-048
2022-03-06,0.9172838438394624,0.9866112103700546,0.9713059431661544,0.9549202947725585,0.9928045494910388,0.922091228395716,0.8469355900752841,0.8226292333792803,0.1239726791962676,040576
2022-03-06,0.9235714727761717,1.043214792526827,1.0304540563636195,1.0191382356909608,1.0630810939903388,1.0032968301085707,0.9320137203047549,0.8955062390371598,0.12734912881956617,040707
2022-03-06,0.902343103175022,0.993570957261344,0.9772482117386018,0.9585210972581755,1.0004045248032118,0.9509428258228108,0.8879699086058427,0.8538521237254998,0.12974425484705995,040186
2022-03-21,0.6627335120714242,0.7040038036874632,0.6986051798827188,0.6914911009562043,0.709817739975698,0.6863843018648628,0.6728094167679216,0.6381237941782444,0.14146479211791424,040186
2022-03-21,0.6182937350966262,0.6238965146217651,0.6131207001477533,0.6047837061310471,0.614217741416387,0.5828078360665329,0.5299693564667847,0.5211098929151373,0.1330213145691003,040576
2022-03-21,0.25109414796897467,0.26014420117362463,0.26387259275984387,0.2569007112368703,0.2555513570188108,0.23958054006922616,0.2098673943173113,0.19714627603484844,0.12236249228352437,1A1-110
2022-03-21,0.5630929367856315,0.6235112432936786,0.6145587683694892,0.5847671938418476,0.5815975693958481,0.5162513272684862,0.4285292605551668,0.38935324469325877,0.1355819360858409,040704
2022-03-21,0.3337694513765096,0.3642961477520299,0.3601386947910474,0.3444326836997426,0.33732456724103793,0.3062982768865121,0.25615402852049907,0.22928795603089733,0.11995095266389379,040707
2022-03-21,0.32994330855887444,0.3220980788108258,0.2980240592717245,0.2747712476043566,0.2671974103678775,0.2469705978591128,0.22448126489973352,0.20557338849156273,0.10876711073715704,1A3-048
2022-03-21,0.3552818455878594,0.4133600786878545,0.4193849062388228,0.41231395942976834,0.4200211333094884,0.3894953962495529,0.3438465637933677,0.3230609115528079,0.1354153134740177,1A1-103
2022-03-21,0.384279021218344,0.44415068446269673,0.4400022831719959,0.4141781558619342,0.40504884130243474,0.35765671751246697,0.279020152537401,0.2536217463576807,0.12133144128287872,1A2-076
2022-04-15,0.13490519242889387,0.13167720942525463,0.12970150649561887,0.12660941305629528,0.13212149348405075,0.14242036513712975,0.14803822148128573,0.1494386870514567,0.1439347490190498,1A2-078
2022-04-15,0.12520286432862932,0.12448825625261979,0.12215275254995109,0.11842704345396113,0.12345406594942011,0.13461397932094446,0.13963361045130643,0.1411267779796003,0.13570616878580408,1A2-066
2022-04-28,0.12758411649453727,0.130218696244147,0.13095499618105141,0.13199804071331322,0.14159358748713188,0.15355262843290277,0.16325702520506102,0.16510402483977016,0.1480284760734567,040186
2022-04-28,0.14016714121699203,0.14959846727898962,0.15403129161882886,0.14961754879448907,0.1534003731343283,0.15435308266360506,0.15690310562571746,0.15869542479908139,0.15435103329506314,1A2-076
2022-04-30,0.09602966367713,0.0933070575046163,0.09769599621911541,0.09722676602479571,0.09965420777279535,0.10507889211289904,0.11071414534423661,0.11174606568187834,0.12221446715906087,1A1-105
2022-04-30,0.11414511215729704,0.11288303200538041,0.1160464453851327,0.10927718874866481,0.11211280610831985,0.11755427068085608,0.1207893223088183,0.1223153261858607,0.12049733750049452,020188
2022-04-30,0.11245485868348286,0.10970277606415786,0.11142590079283485,0.10983097767724546,0.11508921333424726,0.1238110905476729,0.12825365914958756,0.12937469097722032,0.12152691982543923,1A1-107
2022-04-30,0.11041390783856334,0.10537888297170024,0.10643612296993978,0.10640020905770001,0.10808254038114519,0.11050163725188154,0.1127971524140664,0.11324669908894856,0.11244832093657851,020059
2022-04-30,0.11722529538682834,0.11027541354155962,0.11202759169834589,0.1135472362067194,0.11944379430802432,0.12284285934449812,0.12891307921504164,0.13088437275249154,0.1377962447344087,030172
2022-04-30,0.11761303102115306,0.11214656086711589,0.11497705172782194,0.11296472484994464,0.11797250927526658,0.1256673617451099,0.1308781443639402,0.1324964044987471,0.12774127639323246,1A2-066
2022-04-30,0.11437209383432129,0.11079703983798049,0.1121655689960046,0.11236502627923921,0.11636645068130243,0.11984485336857646,0.12220818908815019,0.12382720130692572,0.12250350899735078,1A1-029
2022-04-30,0.11508351966873696,0.1097727039337474,0.11149296894409937,0.11159011180124226,0.11597911387163558,0.12152645962732919,0.12625026915113868,0.12727378881987575,0.12546076190476185,020058
2022-04-30,0.09349821147941771,0.0931259978381409,0.09610508602959195,0.09799948325637456,0.09813241063462147,0.09905165657170124,0.10283577148987652,0.10450815845726288,0.11568929124986198,060182
2022-04-30,0.11792234604262987,0.11312035611971738,0.11446542995350577,0.1138194745422708,0.11658037919906605,0.11935063166298784,0.12350155315965672,0.12397981026628475,0.1250310262930138,040576
2022-04-30,0.09931049456653823,0.09660482328229691,0.09948151841822034,0.10040197809255978,0.10151054577648158,0.1017223414227685,0.10532056816998234,0.10668931448113045,0.12009114501961618,040576
2022-04-30,0.10149975609488142,0.10239247190147105,0.10964586295169149,0.11350523626935027,0.11990922884232966,0.1268785484349422,0.1346431492325778,0.1374235643107483,0.1432438820466058,050215
2022-04-30,0.09490417532681983,0.09228912122919136,0.09812561818923485,0.09830693265476577,0.10145183659991057,0.10634476117402526,0.11149031293098424,0.1138828383287038,0.1223440152677686,1A2-066
2022-04-30,0.0964318373553322,0.09785380115481955,0.10522115249579411,0.10642155107525508,0.11246664410238799,0.12122303324526529,0.13124587098957843,0.13279252852949922,0.14317258440134767,070859
2022-04-30,0.10307026997000332,0.09700295522719697,0.10450621042106435,0.10742276413731805,0.12126097100322183,0.14208890123319626,0.15407942450838796,0.15689545606043767,0.15722579713365178,060315A
2022-04-30,0.12224401249106828,0.11678174239817922,0.12016957419218247,0.12089179082753314,0.12919359832746694,0.14154539391854332,0.1519410987905893,0.1530120888136131,0.14605032947839186,040186
2022-04-30,0.0875785788250005,0.08759708692339256,0.0934001817009554,0.0955423753980814,0.09891136119414645,0.10634244768770887,0.11239159877303011,0.1141917511673798,0.1226421057773088,1A3-001
2022-04-30,0.11991869602984002,0.11811769454805582,0.12140212559399108,0.12312208880486433,0.13117643963006484,0.14231113893004954,0.15258235654795368,0.1544309233048899,0.1547639159981605,1A1-103
2022-04-30,0.11707966206470223,0.10785679991757674,0.10986079744487946,0.10960066968885226,0.11431982279002682,0.11896778281475374,0.12307972388213477,0.1238957861116835,0.12984575520296723,030171
2022-04-30,0.11820344077181598,0.11426485238290976,0.11526877191285632,0.11399578064172936,0.1148335662644776,0.11483759702106046,0.11694758565659977,0.11736689556786019,0.12118796334356936,040704
2022-04-30,0.10091477913162039,0.10012643360558944,0.10406041836573218,0.1080930221659587,0.11140901184375503,0.112488591408713,0.11818462320304782,0.11967093654522658,0.13276065025014275,040852
2022-04-30,0.10004620207835814,0.09802447900276104,0.1007430746373481,0.10308957873012835,0.10426614384194742,0.10471176726636794,0.10854066975184992,0.10885136570677106,0.11546862561408258,1A1-103
2022-04-30,0.0992743720974315,0.09160528859823712,0.09532831011278554,0.09670513695384324,0.10037823902947587,0.1043468012510662,0.10752512558051369,0.11263899156478056,0.1287440621742015,1A1-087
2022-04-30,0.09658689566425122,0.09368979779230269,0.09640235546954713,0.09821131263863946,0.09905902332102456,0.10052997110378298,0.10479200943899235,0.10564550923823261,0.11732527563305119,1A1-106
2022-04-30,0.09725210278533938,0.0974772280143119,0.10155819560714215,0.10328428260832342,0.10334971735743774,0.10174912433876036,0.1055102449797135,0.10555206238337361,0.11639292349305835,1A1-052
2022-04-30,0.09899601412784034,0.09863186352285427,0.10342507346752958,0.10524508319421641,0.10492380658379444,0.10540395379478752,0.10722268249610245,0.10988612257005277,0.1201481408920959,1A2-077
2022-04-30,0.11432162580338011,0.11069583432516067,0.11477529159723873,0.11594566769816708,0.12903618186146157,0.14378324208521776,0.15401734110925971,0.15629252558914547,0.14385233277791004,020197
2022-04-30,0.09879558364034904,0.09729603289340728,0.10283196925181498,0.10393792224346726,0.1109558332944707,0.12175384041412117,0.13076010663930737,0.13195577655489749,0.12918979076310855,1A1-017
2022-04-30,0.11731625460817781,0.11834042682720601,0.12893348327527301,0.1170715172320492,0.11864982581932565,0.11805792944837147,0.12030020123786649,0.1205956099705753,0.11735094700172485,020138
2022-04-30,0.11160606881327265,0.10939220210251972,0.11183406626535322,0.11058489288041291,0.11577863248694421,0.12287860963346936,0.1271734530142274,0.1279696024467805,0.12329424384171786,1A1-071
2022-04-30,0.1173281396704612,0.11332039826946091,0.1160392224847351,0.11699012917676657,0.12082481666717805,0.11869122763953241,0.12271171182228223,0.12313599459973615,0.12640485103249374,1A3-048
2022-04-30,0.549899029386256,0.5849916062955969,0.5689670016835878,0.5485694875261468,0.5519598732207541,0.5041822980970357,0.44835415412478946,0.4282639444416103,0.1176446061425438,050706
2022-04-30,0.12167101983176765,0.11794119236200647,0.12288633265794807,0.11784855406152138,0.12114894701295507,0.12308395038988146,0.1263916866212316,0.12744502977835076,0.12688627739915265,1A2-076
2022-04-30,0.11879429322417756,0.11321623516944755,0.11396471523261366,0.1145648762648825,0.1179011822885282,0.12236365969206471,0.12748158518087552,0.12834456438173997,0.13281703409728426,040707
2022-04-30,0.0978762342906044,0.09585340892545789,0.09881993259919243,0.10006734185845821,0.10098293885986837,0.10365377362845739,0.10807577477192742,0.10886006732978447,0.11890459057027913,1A1-109
2022-04-30,0.0975229493086735,0.09700450844103926,0.10101460855747045,0.10157443121403235,0.10134228203414641,0.10102546407902552,0.10336893044699315,0.10414866428753736,0.1145564162989297,040826
2022-04-30,0.0994705387978698,0.09895455009442145,0.10198293835099834,0.104034695497825,0.10388110833234084,0.10294326488485106,0.10598736340076104,0.10799486040932972,0.11742050732404417,040874
2022-04-30,0.2471699296010726,0.2338472957872388,0.24327771259358594,0.2395390099452452,0.24650516817521514,0.2635298860207844,0.2566172589116101,0.2540869594368086,0.16635477707006363,050707
2022-04-30,0.11685959686238222,0.11252969275740246,0.11570250357503363,0.11287880846231495,0.11796233702052494,0.12705975037853304,0.13323508685228808,0.1340523490074025,0.12815137218203235,1A2-078
2022-04-30,0.10067762132449837,0.10582996875117665,0.11612141862128689,0.12860150973231432,0.14540343360566244,0.1534717969955951,0.17480884755845036,0.17719643462219048,0.18489555363126378,040887
2022-04-30,0.09931020472385112,0.09767945720349078,0.1033103199781294,0.10683928676090267,0.11404815150627098,0.1207041764924542,0.12986519438833638,0.1309053447695994,0.13593965455185544,1A1-110
2022-04-30,0.09830492413982966,0.0973605758002283,0.10073217297095682,0.10216815249292893,0.10259816399294902,0.1034506937753367,0.10714872633948597,0.1082298689708148,0.11981826283095873,040850
2022-04-30,0.09852933656601291,0.09607301374923564,0.10045038075044943,0.1005210063111753,0.10395524342883401,0.11194308549112619,0.11816795580625036,0.11956001949541657,0.12322804173509246,1A1-089
2022-04-30,0.11808986548859207,0.11408695552997283,0.11747796012417536,0.11883285959703603,0.12654749029657408,0.1351231342512239,0.1439314638718898,0.14442278193398445,0.139348154121417,1A1-110
2022-04-30,0.09183277086719911,0.09407436921337198,0.10035513463849045,0.0985265177751078,0.09651695879567464,0.09468687539755465,0.09774522051028342,0.09958669163898508,0.11175742808679054,1A1-102
2022-04-30,0.10880460178147537,0.1071366138902803,0.11048827885097029,0.11120944312563971,0.11426736285036046,0.11842001655160397,0.12210704967659033,0.12312383866541804,0.12028095694405123,1A2-028
2022-04-30,0.1092634373453953,0.10920638914410909,0.11334910594388296,0.10975764718354657,0.11074525584846982,0.1132818626758075,0.11594116191957032,0.1169941568308715,0.1161808855749522,1A1-102
2022-04-30,0.09203663817550418,0.09167175444531779,0.09398686802853765,0.09642568159882191,0.09630689011830962,0.09581103866705132,0.09901363645409401,0.10005586995890516,0.11020808042866082,1A1-059
2022-04-30,0.09516261536542774,0.09241949987528066,0.09953853828885009,0.0996396669992517,0.10610614242953355,0.11862313544524825,0.12739811050137195,0.12892141431778506,0.12444781741082567,050669
2022-05-05,0.11935828353595714,0.11487759118071295,0.11258969709458069,0.1105529260251391,0.11517109004739338,0.11959876365134973,0.12392449000618172,0.12406118895528541,0.12524000618174325,030171
2022-05-05,0.11504645134575567,0.11273563561076602,0.11045523809523808,0.10999531262939954,0.1146034202898551,0.12245255486542445,0.1271806542443064,0.1289521076604555,0.12648269979296065,020058
2022-05-05,0.13333198773633112,0.12606152273888604,0.12476520183955031,0.12004578436382216,0.12940878896269797,0.14678405723045476,0.15098078691875316,0.16104619315278484,0.13927031170158405,1A1-107
2022-05-05,0.1193572926221989,0.12282333901192505,0.12118272834490892,0.1158634123968025,0.11718859913510679,0.12057588782597299,0.1269651290787577,0.12407947844319227,0.12068981784825052,1A1-102
2022-05-05,0.11318135645438131,0.1121756172703667,0.10846286915188583,0.10764151005677569,0.10908440649619291,0.11134350380705071,0.11326474406936315,0.11338429646582454,0.11167914924519168,020059
2022-05-05,0.11546398632681443,0.11556972546655128,0.11458494831224657,0.11102193593247028,0.11566314415194166,0.12345125937235622,0.1278468977623042,0.12762925974190148,0.1211062642834222,1A1-071
2022-05-05,0.11839404602897366,0.11568739854104593,0.11344302373368949,0.11299969177026607,0.11824332168909897,0.1216887598890373,0.12701761532929212,0.12754543819993833,0.13087854721052097,030172
2022-05-08,0.11764732887714376,0.1207714441162754,0.12427937198818591,0.1166931861754495,0.11915416342815684,0.12067502461267426,0.12420596922120311,0.12506107570340433,0.12313278926369234,1A2-076
2022-05-08,0.0966634566649772,0.10836411556006079,0.12612301064368978,0.12690998479472884,0.14375372529143438,0.1693755701976685,0.19260506842372016,0.1909391028890015,0.17275060821084642,040186
2022-05-10,0.10603540156854353,0.10219379386106754,0.10382749476764729,0.10450541307637534,0.1058671246760337,0.1067752344326571,0.11010227226325903,0.11020272069603772,0.11517476446847896,1A1-103
2022-05-10,0.11413255486542444,0.10772790062111802,0.10968695652173911,0.10912251759834367,0.11335961904761906,0.12027057556935815,0.12608240165631468,0.1275005631469979,0.1258280082815735,020058
2022-05-10,0.10276455546522828,0.09824879248474683,0.10148226336232029,0.09986614769377322,0.10170182379556407,0.10713703799505675,0.11196559546391402,0.11307672710401619,0.12163818104927776,1A1-105
2022-05-10,0.10903760669713913,0.10823690000513592,0.11087786622840826,0.11064227552085998,0.11119839522024207,0.1101600311574478,0.114008916850701,0.1128308873024841,0.11955068871655297,1A1-052
2022-05-10,0.10917009612364152,0.10575508408200887,0.10818241251492108,0.10824032292517428,0.10917533664216457,0.1107163611233272,0.11364854934975183,0.11521717073987985,0.12350526271701119,040850
2022-05-10,0.10315188437603454,0.09831275692309546,0.10007196530326862,0.1004999895635477,0.10148252967679809,0.10386814794715014,0.1076059979783102,0.10860777456070014,0.11785553802894166,1A1-106
2022-05-10,0.11302187264377249,0.10908716156007948,0.11055826079009301,0.10841382091530141,0.11299590102131742,0.12183990906390661,0.12636672150250183,0.12791391002353378,0.12139070761075707,1A1-107
2022-05-10,0.12068117623013633,0.1201170098615298,0.12392522099024063,0.12589656123856727,0.1339557866230648,0.1451405753410659,0.15530390373511832,0.15717353226712993,0.16073747892289614,1A1-103
2022-05-10,0.10456279224406227,0.10092772975385149,0.10399630614735814,0.1027601903816204,0.10600651795503788,0.11422897601167957,0.11987996264477378,0.12095055988509734,0.12308818374988552,1A1-089
2022-05-10,0.11102445049120083,0.11003968831719556,0.11405109901759838,0.10909366386317051,0.10939850696162272,0.1108406018093151,0.11382156336136827,0.1146979468513676,0.11517800197893842,1A1-102
2022-05-10,0.10167436744646281,0.10173217541875743,0.1067125909958301,0.10259167609018303,0.10135249664287228,0.09991147607604778,0.1025717965933988,0.10402364124673118,0.11241892889956885,1A1-102
2022-05-10,0.11400204533765866,0.11135890335087233,0.1130272263322388,0.1072053645606678,0.10939288681409978,0.11600465245084464,0.119733350476718,0.12101953950231437,0.11971500178027447,020188
2022-05-10,0.1117328836758945,0.10658816293296948,0.1071897011575195,0.1064011443158311,0.10765654460631137,0.10975942300074824,0.11290834250253069,0.11308767219752648,0.11238492804013919,020059
2022-05-10,0.11385924265505988,0.10861025462459191,0.10977554951033727,0.10788700761697503,0.10799593688792174,0.10717638302502713,0.108813397170838,0.10950000000000006,0.1168387943416758,040704
2022-05-10,0.11252810394564308,0.11087727643342464,0.11737630563833593,0.11748923447371538,0.12370481583025397,0.13243561759446887,0.1411902195732506,0.14360621099058296,0.15102826653951593,070859
2022-05-10,0.11091607867198415,0.11423691584006544,0.12381190987490195,0.13452863619320307,0.15191819204417636,0.16173324470804792,0.1833153389917171,0.18670458465419087,0.19105941302791696,040887
2022-05-10,0.11587462035377258,0.11436124733655766,0.12099129096627997,0.11219463929380727,0.11347410457604759,0.11452284472553857,0.11737229512632323,0.1176437633172116,0.11656216220786686,020138
2022-05-10,0.11495020233277795,0.11025133301594857,0.11479370388002856,0.1147889074029993,0.12796624613187335,0.1450391335396334,0.15667786241371107,0.1597520471316353,0.1444846108069507,020197
2022-05-10,0.11111884922795479,0.1090216826012153,0.1120915303700156,0.11207684953285278,0.11458893002591637,0.11760335823333405,0.12187298386218606,0.12268609011912797,0.12046850186205545,1A2-028
2022-05-10,0.11747486091077688,0.10774768184628064,0.10913699773336083,0.1086276736039563,0.11291132289305585,0.11846071502163612,0.12269672367607665,0.12478075417267673,0.12927931176591798,030171
2022-05-10,0.10508029619209494,0.10165829670007621,0.10627162925190002,0.10702310532794104,0.11094745911728508,0.11761431530000194,0.12153390969657901,0.12434064435457083,0.1286216321825607,1A3-001
2022-05-10,0.11540214444414428,0.10890898255840088,0.10954803680816025,0.10974871414307698,0.11274269638664762,0.1168551762599957,0.12117132975326284,0.12273722373640605,0.12921048294968995,040707
2022-05-10,0.11682253463519002,0.1117736531342094,0.11511860913886587,0.11151505699992666,0.11681848328806195,0.12628518631162752,0.132803117953666,0.13359943576889607,0.12869323761680537,1A2-078
2022-05-10,0.10315108222572174,0.09900052586417833,0.10091721188604666,0.10059299973465574,0.1016019952513706,0.10464865897742526,0.10856651975092106,0.10931590584067627,0.11716803531491565,1A1-109
2022-05-10,0.10911582816722325,0.10513847435821018,0.1063034247834208,0.10760052207518671,0.10790130071729459,0.10781587411580053,0.10934072732872357,0.11123444479216342,0.11728056126808134,1A1-059
2022-05-10,0.11783795335456694,0.11012774067605065,0.11182110859960959,0.11298777355388884,0.1190478064317272,0.12247407274221721,0.1292931983972054,0.1309107983150108,0.1389643326826262,030172
2022-05-10,0.1061779707980808,0.10269880772493015,0.1074064100599435,0.10930284873733949,0.11676420769214332,0.1230784857696774,0.13164697752656834,0.13263427519084245,0.13677890968574252,1A1-110
2022-05-10,0.11544138197706354,0.1110716564266316,0.11458050182111044,0.11578395195261539,0.1239781908637982,0.13176053909863933,0.1404209183600739,0.14117030769998345,0.13922728707973656,1A1-110
2022-05-10,0.110813187061751,0.10736174319535556,0.10932159175364327,0.10948902855419479,0.10950241595846659,0.10908224437479128,0.1113158550640342,0.11353899300955383,0.11992299145851502,040874
2022-05-10,0.11198458022542278,0.10872842972313275,0.11064667117252922,0.10883037421350007,0.11324283762362762,0.12112272656546301,0.12567201908022052,0.12640134495132702,0.1223904122377928,1A1-071
2022-05-10,0.10667791373337802,0.10694145155883338,0.11424289306067716,0.11896385070957648,0.12873540619063586,0.15068979215554806,0.16800510671583413,0.16954442395798414,0.1637538328304839,050707
2022-05-10,0.11699793425440659,0.11061499761791324,0.113155979037637,0.1106294387803716,0.11505455645545482,0.12269176083849452,0.1279946631729394,0.1292887613149117,0.12654897570271567,1A2-066
2022-05-10,0.1167789265148714,0.11240397274023979,0.11585784246394411,0.11636700829415178,0.12413039780231382,0.1349185271276876,0.14505950657720942,0.14561670188599493,0.1433432009086585,040186
2022-05-10,0.10439903666768649,0.10183685511506277,0.10474433895905966,0.10393032861887096,0.10391454660413842,0.1040035847202503,0.10560040243647556,0.1063764730779539,0.11447927521537715,040826
2022-05-10,0.11008108716242296,0.10688479205400238,0.10977772003588127,0.11213720927901705,0.1157813958616265,0.11679435721910131,0.12190860699484325,0.12288879461981392,0.1333498604338828,040852
2022-05-10,0.11289670178753888,0.11172579131829623,0.11767893297003933,0.1193853656928774,0.12622001560113835,0.13497910436282531,0.14262190861248758,0.1451441248530526,0.14588110834001677,050215
2022-05-10,0.11431043610964367,0.10952800669131885,0.11216417503081527,0.11268015495685858,0.11631319481129299,0.11325163174267765,0.11680582849093148,0.11753232670071019,0.12389641368785578,1A3-048
2022-05-10,0.11896129852351621,0.11450364720836999,0.12003884325804243,0.11365377432287085,0.11614015351520489,0.11669509142466022,0.12015906913073235,0.12120951892050458,0.1232928131416838,1A2-076
2022-05-10,0.11179467072939447,0.10742326217441603,0.10848178135917828,0.10804936764624923,0.11092980108543363,0.11408806879715129,0.11704830852254997,0.11819373948371564,0.11878523896057809,1A1-029
2022-05-10,0.09956694889440598,0.09754655329036586,0.09900836386083232,0.09899739929968693,0.09940078225873818,0.101184839491397,0.10482835674448811,0.10572343433689979,0.11341409548300825,060182
2022-05-10,0.10044577189939294,0.09876981786643547,0.10151413065659913,0.10367623973266679,0.10381564971174942,0.10110145400744858,0.10429722590684148,0.10561614841079532,0.1106317496556298,050706
2022-05-10,0.11117819971870609,0.10241181434599157,0.10846357243319274,0.10975321143928737,0.12138417252695732,0.13659672761368963,0.1509731458040319,0.15468181903422407,0.1548719737458978,060315A
2022-05-10,0.1070822047369258,0.09804673342870768,0.1012873787951041,0.1007691384517565,0.10359302972500396,0.10779173422349386,0.11112849308536006,0.11526922587823876,0.12830886981402004,1A1-087
2022-05-10,0.10462322202200679,0.10093444542422268,0.10517258980945444,0.10507276310240396,0.11187387417091608,0.12234270827742214,0.1306697941187748,0.131693529885366,0.12783652800674786,1A1-017
2022-05-10,0.10442016712397112,0.09982375280618608,0.10604876527812426,0.10427282988276379,0.11154347094038419,0.12685910451484167,0.13659221751060122,0.1383190134696932,0.12838064355200798,050669
2022-05-10,0.10437980198282255,0.09962871580426243,0.10177561764394018,0.10124440674371747,0.10228204193616794,0.10213292996500897,0.10539253591877848,0.10642810213657082,0.11879702444067437,040576
2022-05-10,0.10381051929490226,0.0992594178180086,0.10376579799904723,0.10222797332062881,0.1055300466888995,0.11145220485945691,0.11651641067174855,0.11822901858027624,0.12326272129585504,1A2-066
2022-05-10,0.1099096694306099,0.10682906347870456,0.11002743063699459,0.110604300092438,0.1111064451373464,0.11231410438597704,0.11367856265780012,0.11602749099764074,0.12142398249196337,1A2-077
2022-05-10,0.11406742590923584,0.10879154517018327,0.11006085449581174,0.10923842514049399,0.11161638280670125,0.11340457467394773,0.11718894602905316,0.11791504744989917,0.12235195300074225,040576
2022-05-30,0.12478745403857536,0.12124138096206272,0.12180458838894673,0.11900507669139794,0.12309291909755367,0.12953997567102818,0.13258227603389508,0.13528419133736963,0.1313601311559021,1A1-109
2022-05-30,0.12858665779814196,0.12255091846705915,0.12622435066801335,0.12081672743248022,0.12860172115060897,0.14678234876292312,0.15051781793248428,0.15701565992494598,0.14315897445372358,1A1-105
2022-05-30,0.12767398191201257,0.1266948035358439,0.13245746257217308,0.12670802718307703,0.14274376884165343,0.17386518317919364,0.1813203770885494,0.18824410607531555,0.16259837003730016,1A1-103
2022-05-30,0.12824228737453777,0.12233775606033923,0.12473906497622815,0.11988685508011968,0.12928940834653982,0.1400291571286024,0.14228407290015843,0.1460860186652579,0.12933622410048712,1A3-048
2022-05-30,0.12718637594336668,0.12178887299745424,0.12435487672144711,0.11773834992938814,0.12779413965872377,0.1508630029414146,0.15357584891743353,0.15858944418958182,0.13582961113959552,040707
2022-05-30,0.12286032814360674,0.11870166712267029,0.12012585338073226,0.11706714865997309,0.12247305224453708,0.12947493296122675,0.13111090425184685,0.1325571268769508,0.12505352441281634,1A1-103
2022-05-30,0.12121026910431187,0.1173484877803607,0.11886749303679489,0.11613468869761885,0.11956480953278469,0.12347928127159626,0.12498946367615336,0.1282687085087225,0.12742794622102155,040850
2022-05-30,0.12279181696542686,0.1187565460768639,0.12043287045157276,0.1191691145444432,0.12618820678837564,0.13281769858730025,0.13568182934346293,0.13923548838118338,0.13655392614271322,040852
2022-05-30,0.12749675186709042,0.1230175041036898,0.12577598257619343,0.12184948552871888,0.1258566590810573,0.13102880275284828,0.13083045657549713,0.13422939459023486,0.12887787125071917,040826
2022-05-30,0.12014456633849041,0.1166817721518987,0.12372289732770747,0.11632170651664324,0.13688012189404594,0.17534206282231599,0.1891388560712612,0.19505583684950778,0.16266098452883268,060315A
2022-05-30,0.1323629246130275,0.126421113106873,0.13282806011939335,0.1235767790163241,0.1410829520841037,0.17827225421311194,0.1845491415288709,0.19022042368852016,0.15139012890274167,040186
2022-05-30,0.1301501761946243,0.12516847258718683,0.13086045153665968,0.12443885225357755,0.14135975122104472,0.1709586911970526,0.17740465657221982,0.1843203227200025,0.15224802472794258,1A1-110
2022-05-30,0.12475711776298853,0.12022109033589454,0.12520759029305062,0.1213349306289448,0.13581818749821506,0.15751862200451283,0.16417352831967105,0.17112472347976374,0.15046745433577985,1A1-110
2022-05-30,0.12434965029407116,0.11912968377443951,0.11873812192020358,0.11856064442258779,0.12079838285844888,0.12052470344539822,0.1202443893061516,0.12324249225083447,0.12416943848354796,1A1-059
2022-05-30,0.12866552223694258,0.12457689059790396,0.12600332234680806,0.12404448950356002,0.12741351935028702,0.13001367391561897,0.12957752555444246,0.13420995088376886,0.13255249189474466,040874
2022-05-30,0.12904454017935665,0.1262417052536976,0.12986760643182302,0.12935689779809703,0.13646886270832118,0.14434445421331302,0.14534189672352152,0.1525778676513687,0.1461181407889337,1A3-001
2022-05-30,0.12043804641551417,0.1145575584167859,0.11575742330313152,0.11267081545064378,0.11777285805118429,0.12638644889524714,0.12967436019710696,0.13548413606739787,0.13496660308377045,1A1-087
2022-05-30,0.13188694118810337,0.13117153341610002,0.13790271152177028,0.13277259253562454,0.14858544919192715,0.17924166932178986,0.19283195596523808,0.1942629615794506,0.16733125061800283,050215
2022-05-30,0.12513020826147547,0.12098038382472641,0.12318535133345292,0.12007931457899307,0.12364467826050957,0.12820513513886403,0.12732281701411416,0.1312630241028681,0.1268958409790152,1A2-077
2022-05-30,0.12009415955359974,0.11490628247269646,0.11471706208249391,0.11255945883257344,0.11584173868094567,0.11859057430283115,0.1207893429911992,0.12404736838617321,0.12488103727070307,040576
2022-05-30,0.12581425617643927,0.12047257979005398,0.12186390494115146,0.11632804779450746,0.12364078968296052,0.13726568232424963,0.13932292108472052,0.1426052638903617,0.12765449117272828,040576
2022-05-30,0.12158204577694298,0.11717870413679425,0.1207126189472072,0.11659068051987902,0.12658092857416717,0.14334903577042532,0.14959321703791761,0.1534325882758887,0.13731250009584806,1A1-017
2022-05-30,0.11654254178099284,0.1120717884759292,0.11721432402095289,0.1126154714392617,0.12247860439012224,0.14371024569718135,0.15090905462708906,0.15645144050885507,0.13563192816163638,050669
2022-05-30,0.1279584971154786,0.12462939278380761,0.13161894494964313,0.12090343209152245,0.1293841155764154,0.14292786252077833,0.1447444118509827,0.1485117092011344,0.1317262295883445,1A2-076
2022-05-30,0.12400198589337345,0.11984960644555737,0.1200447598868742,0.11742363649880573,0.12096114451393437,0.1255804554761529,0.12617922478603089,0.12947229568778315,0.1265530528735203,060182
2022-05-30,0.12186124838565726,0.1167821167764569,0.11897777393586371,0.11379781247321764,0.12055609105927506,0.1359197728542169,0.1403602007252353,0.1436222461603022,0.1314683807514195,1A1-089
2022-05-30,0.12808224426492154,0.13061085318880597,0.14065260251559464,0.14643525922896009,0.16945996523161885,0.1926744111531513,0.2101761086682347,0.221718198861506,0.21065152878617444,040887
2022-05-30,0.1205757721406582,0.11534666903064138,0.11577203517355894,0.11329000366515414,0.11758362391349075,0.12455069295247523,0.1276238086014903,0.13023435798720503,0.12713347179470383,1A1-106
2022-05-30,0.1266983537911089,0.124249388321093,0.12543934843271196,0.12358084090870154,0.12565329669765285,0.12362338178145282,0.1245788095115813,0.1257142444318905,0.12656257305736762,1A1-052
2022-05-30,0.12274277084325856,0.11780709385421628,0.11968039542639358,0.11523109861838977,0.12064429728442108,0.12903767127203417,0.13126247641734162,0.13657979990471636,0.12996685850404946,1A2-066
2022-05-30,0.19970227700227694,0.1881270171270171,0.20006508266508263,0.1929451341451341,0.2284046728046729,0.2935591822591821,0.3056366993366994,0.33467285417285414,0.2713747549747549,050707
2022-05-30,0.13005497279651804,0.12524797606093585,0.12669349075081615,0.12040964091403704,0.1256716147986942,0.13468441566920566,0.13499699455930358,0.13800840914036994,0.12528098367791085,040704
2022-05-30,0.1260753565965184,0.12360793143010698,0.12936481425972624,0.1233207756232686,0.13550138245751855,0.15990132457518502,0.1686896132219786,0.17575491483028058,0.15621067257204288,070859
2022-06-04,0.12549964389233953,0.12990064596273296,0.127896115942029,0.12435267080745342,0.13065199999999996,0.14572738716356104,0.15467705175983434,0.15428708074534156,0.1392856977225673,020058
2022-06-04,0.13226713767654197,0.1333520312029956,0.1334099272721913,0.13006723607451903,0.1322042370082162,0.1367153967259046,0.13901934044746342,0.1402114184133388,0.13263719226791312,040826
2022-06-04,0.11724696500833132,0.12061559152582717,0.12532766008093307,0.11855095215424898,0.13585499880980717,0.17060368959771477,0.1857905141632944,0.18861098547964772,0.1441101047369674,020197
2022-06-04,0.1269807289185324,0.13258259456884214,0.1321895683658884,0.12741553120533594,0.13333938446879467,0.1483581048118151,0.15653232301095757,0.1575277074797522,0.1416859218675558,1A2-066
2022-06-04,0.12358293567975165,0.12779177355245364,0.1282656332917326,0.12251841407011989,0.13058985432769465,0.14944538284863304,0.1586571729714424,0.15981684198382828,0.14094710176086248,1A2-078
2022-06-04,0.12436207235763472,0.1275709367143951,0.1271351076620396,0.12024414690130066,0.12391879986883815,0.13436668488359382,0.13883856159143076,0.14157155973330413,0.13032073450650344,020188
2022-06-04,0.1184278481012658,0.12214646976090016,0.1276073230192218,0.1203199718706048,0.14008303797468363,0.1874159399906236,0.20772631036099387,0.20830424753867785,0.16395635255508675,060315A
2022-06-04,0.12942058853220267,0.13348628608923882,0.1372428982434888,0.12654386230567344,0.12937274883908748,0.13665611750454276,0.1431965273571572,0.1428334241873612,0.133063814859681,020138
2022-06-04,0.12475592538921212,0.12605577983533817,0.12698698607299497,0.1228096232270642,0.12917128549077944,0.1445810888968683,0.15027497884018584,0.15369793275026306,0.13615075662366305,1A1-071
2022-06-04,0.12042824026375434,0.12005502781784466,0.11857399546672164,0.1147294147949722,0.12028531835977747,0.1335413970739749,0.1408864722851844,0.14061361013805893,0.13013013599835158,030171
2022-06-04,0.13606897049754982,0.1372021815801716,0.13709176430495582,0.13493521794164423,0.13798116203087626,0.14261425951770482,0.14528987915571265,0.14723498966819212,0.13905835740482297,040874
2022-06-04,0.12318209609980144,0.12537037265519685,0.1264101560536477,0.12248162314072243,0.12902580939977606,0.14429883016884876,0.14898127356227298,0.15161425960198321,0.13551521237462014,1A1-107
2022-06-04,0.11727753440865633,0.12054238661715341,0.12332223002302206,0.11969434618208225,0.1321686899051315,0.1549517015445585,0.16805203476147385,0.16749780005559556,0.14102290964297676,1A1-110
2022-06-04,0.11997729028717186,0.1224659320451324,0.12458672478064682,0.12034886759706055,0.132975778515884,0.1562400927661639,0.1691473813070657,0.16857028186230835,0.14122136294627866,1A1-110
2022-06-04,0.1405,0.13475,0.13075,0.12825,0.128075,0.12965,0.129725,0.13315,0.128175,1A2-028
2022-06-04,0.11666247814337942,0.11643468446987763,0.11568264186933715,0.11141102368462882,0.11681831187410588,0.1298628119535845,0.1364946510888571,0.14027426482276267,0.13078581306628514,1A1-087
2022-06-04,0.15822702857284973,0.158204759654838,0.15764492452689424,0.15354401064332432,0.15754736527988472,0.1673740183522741,0.17008026384502525,0.1737380635615348,0.15903444657200408,1A2-077
2022-06-04,0.12135482191465717,0.12430215005942565,0.1250358240999886,0.12008445654257577,0.1293696246597401,0.14706915078786956,0.15831747651727193,0.15724601234520585,0.13603059157305533,1A1-017
2022-06-04,0.12737735778942363,0.13257634683182476,0.13141211148165796,0.12711766269652217,0.13359090042877547,0.14723696522153418,0.15453683754168643,0.15567034683182468,0.14161534540257273,1A2-066
2022-06-04,0.14580745242589654,0.14719396204275298,0.14579090224988517,0.14374865057905212,0.14789380133666646,0.1493612239171471,0.1512497194020713,0.1531995089536248,0.14571489464823234,050706
2022-06-04,0.11790396988364132,0.12280941136208084,0.12634692969590297,0.11851994719859199,0.12277445487435219,0.12972491933118227,0.13612544245624342,0.1354289918842281,0.12620541214432388,1A2-076
2022-06-04,0.1134013101196952,0.11490188248095749,0.1138261697497279,0.11140911425462453,0.11110035255712733,0.11036245048966269,0.11385431991294884,0.1137004396082699,0.11414110337323174,040704
2022-06-04,0.13379676407648955,0.13865197815554747,0.1360577522126925,0.13333510382962696,0.13520988375875248,0.1366405728176948,0.1416301083662883,0.1394751072535224,0.1345895540376288,1A1-052
2022-06-04,0.12869093099268783,0.12837090709942772,0.12665416492807172,0.12644601861786697,0.12856632565371165,0.13174285959108242,0.1345175297548083,0.13555114225679582,0.12972956654347484,1A1-059
2022-06-04,0.1203544010155163,0.12227706954555041,0.1204192337146483,0.11747963008763618,0.12111413587291754,0.1307537555908497,0.13737710142941012,0.1367087933896118,0.12693982651604777,1A1-106
2022-06-04,0.14857701435823964,0.1490059550876756,0.1493778864422088,0.1411723611673466,0.14175608122839248,0.14351958139969476,0.14422615940449127,0.14732941726103352,0.14043309247204652,1A1-102
2022-06-04,0.12690546749838075,0.13311011350853874,0.1420094454102329,0.14495596345911305,0.16780741384599646,0.20262944063810193,0.2282402904182432,0.23222958380202469,0.20497089341105082,040887
2022-06-04,0.12206124897672121,0.12470062564093483,0.12412274028956209,0.11860288202663925,0.1246913947034781,0.14132978724661843,0.15064726766024483,0.1491460234711399,0.13224676909800684,1A1-089
2022-06-04,0.11823623098029437,0.12039646420553755,0.12232847343477178,0.11783405462708903,0.12759058992267402,0.155218813918683,0.16859939511100025,0.1695965826889498,0.14250868046894488,050669
2022-06-04,0.12495827396284898,0.1259102129798329,0.12614448241921639,0.12320227848631451,0.1266003857510838,0.1346027040271407,0.13946523926200494,0.14049299574878002,0.13126567443613749,040850
2022-06-04,0.11803682489397573,0.12469155382964592,0.12816891829748098,0.12514826529048084,0.13694031986101884,0.16411166521894632,0.17933033059118084,0.1796879157937765,0.15529072607429353,1A1-103
2022-06-04,0.12606152692651268,0.1292105745602703,0.1276002574212462,0.12493102792361217,0.12871823164790816,0.13564271800779784,0.14081754758009113,0.1385860687393073,0.1293136227183003,1A1-103
2022-06-04,0.11467180548218589,0.11612492809766976,0.11635771849504012,0.11512677701473259,0.12015617773082113,0.12162429711803713,0.1277397810647414,0.12643424898749772,0.12172077830603971,1A3-048
2022-06-04,0.12526177047609807,0.12613657951192644,0.12637335470161687,0.1250169882950045,0.13200635137407565,0.1437778160527105,0.15115411560275382,0.15237801122089675,0.141093745445651,040852
2022-06-04,0.11687597305052558,0.1190607298666019,0.11905401948349838,0.1159900972375888,0.1206259312230708,0.13400894657779458,0.1420451871441293,0.14113640427809415,0.12936525532737858,040707
2022-06-04,0.12253655583085514,0.12477456347414952,0.12290509150932649,0.11938243903111424,0.1226651950969885,0.13288217265299518,0.13955750562564415,0.13873935986546687,0.12752607197378257,1A1-109
2022-06-04,0.14767695460043945,0.1485872096180906,0.14916793146863502,0.14114783864517236,0.14191193867726573,0.1430855852074951,0.14351648357074082,0.1465974547609055,0.14072843706026117,1A1-102
2022-06-04,0.1498304719488542,0.1514805473744702,0.15509733496156883,0.14720740607714966,0.16577832770634296,0.20975530493499034,0.23053932907118738,0.23052474678543203,0.1937438689749301,050707
2022-06-04,0.1403,0.12365,0.1206,0.12095,0.1282,0.15565,0.12815,0.19535,0.14815,1A3-001
2022-06-04,0.12028238945533311,0.12389002588620626,0.12740164034021864,0.12171028580484965,0.1333064372127422,0.16339684610914468,0.1781222462887632,0.1777782503037666,0.14484704685931624,040186
2022-06-04,0.12412825610326893,0.1268519215135613,0.1262937037584478,0.12108600045984941,0.12557797855131014,0.13795282848438564,0.14575101700621626,0.14517252235607123,0.1320901793412659,1A1-105
2022-06-04,0.12464614013467708,0.12733008670393023,0.12418457814356754,0.12240177589014568,0.12434377448175707,0.1277616390123675,0.13123160952422866,0.1305074622595836,0.12479539852999431,020059
2022-06-04,0.12762257575396382,0.12983513696507332,0.134103524138753,0.1275902744069615,0.13846698962927634,0.16586890404100588,0.1809750215758732,0.18122966694480885,0.15340953486708772,070859
2022-06-04,0.1282159187766358,0.12950071406044047,0.12859133989438698,0.12636351957129444,0.12944262285802077,0.13740150683196017,0.14218692263940894,0.14351471411974295,0.13403706941400664,060182
2022-06-04,0.12803503511558126,0.12968785389094753,0.12965265996117872,0.1279629574730896,0.13367119322392798,0.14119287312511047,0.14441580659961178,0.1479867188988883,0.13648873972119283,1A1-029
2022-06-04,0.11597269377584579,0.11835838458275907,0.1177889791644578,0.11535949594422634,0.11857742816244281,0.12447780723147055,0.13127144589651146,0.13153581340791018,0.12463540385431014,040576
2022-06-04,0.1336588877047649,0.13657570287522394,0.13990851360704923,0.13574562124391595,0.14765727265735726,0.17455175842406537,0.1856847976796055,0.187587485030598,0.1599339467583691,050215
2022-06-04,0.12694030103770684,0.12923535908764,0.12919844343984382,0.12481606390629818,0.13492763793280596,0.15199032672351792,0.15995455152573715,0.16111623343265175,0.14730970923661768,030172
2022-06-04,0.1187710893595587,0.1202125019881243,0.11904887604707878,0.11599140666419254,0.11939681767575012,0.1259356974339943,0.13262770649984082,0.132843852057046,0.12481842593574378,040576
2022-06-19,0.12518229840127176,0.12258053431572427,0.12548040720482578,0.12226981481741847,0.13281163514672586,0.1509562600711484,0.16153465656153787,0.16070202505659534,0.13976075394760895,1A1-110
2022-06-19,0.12943305785355258,0.12553174948784848,0.1276876330754852,0.1234521454398908,0.13387219072193826,0.15375660367853683,0.16488488452798095,0.1638352752185742,0.1401354742021068,1A1-110
2022-06-19,0.12952105191396537,0.13025644408085355,0.1410405631114293,0.14340766949585843,0.17021462317210354,0.21443602276988097,0.24173811909874907,0.24664958584722363,0.20004809966935955,040887
2022-06-19,0.12246352876712331,0.11780706849315073,0.12261812602739725,0.11624129315068492,0.13463731506849316,0.18589661369863014,0.2063712657534247,0.20312193972602743,0.15763340273972612,060315A
2022-06-19,0.13946940781118744,0.13763290350311627,0.14222527401676335,0.14106356407400905,0.1493769591465916,0.16701960416544565,0.17349097942676267,0.17663220209835298,0.15430893069964635,1A3-001
2022-06-19,0.135974437954464,0.13693537441888182,0.14285983931338658,0.1359960228871141,0.1475039523185122,0.17970743115985235,0.19709455477410923,0.19616921540112056,0.1601324229347955,070859
2022-06-19,0.12582885129723728,0.12084844062617285,0.12313161865751698,0.11846705322233156,0.12531873435528262,0.14652921036843974,0.1554330927704043,0.15632962145324827,0.13431608698093528,1A1-089
2022-06-19,0.1252646836127637,0.12030171984856679,0.12879491617090316,0.1220267279610601,0.14076725797728504,0.19214949702541917,0.21721538128718224,0.21604283396430501,0.16078756084369933,050669
2022-06-19,0.1319585537475652,0.12824762790308056,0.13050425750246056,0.12785682603505702,0.13154233419195427,0.14065729764821672,0.14522009130698824,0.146660306590438,0.13546885468367156,040850
2022-06-19,0.1427902694245222,0.1359660619160886,0.1364853656992466,0.13314238891551874,0.13887634237444488,0.1535111893930486,0.15915646700250516,0.16268623845743377,0.1441750192187683,060182
2022-06-19,0.14454066360687398,0.13751293049899924,0.13905660414797422,0.13789142539167637,0.1449764700807508,0.16248718079232505,0.17068373248671412,0.17329547242735865,0.15334341483194144,1A1-059
2022-06-19,0.12047616882121516,0.12043563946655765,0.12653823514383528,0.12428402738746104,0.13830108834500027,0.17147819733278838,0.18857395636400803,0.1905720249348525,0.16204625721731136,1A1-103
2022-06-19,0.13296355509428132,0.13003740210178827,0.13097222590287982,0.12871696634899177,0.13406874652952327,0.14405855169033557,0.15066356561990382,0.14872675140388,0.13513021766985758,1A1-103
2022-06-19,0.11926578266152453,0.11504950340747003,0.11947457604733462,0.11441034127529189,0.12689014739288917,0.1632202942574885,0.1784396243858628,0.17975551270537254,0.140601027523905,040186
2022-06-19,0.12385731936373771,0.12062193167811228,0.12253779714738512,0.12033902388918233,0.1278288343018137,0.1329288225626577,0.1380308857193167,0.13848973410811755,0.12819937488994537,1A3-048
2022-06-19,0.1261309136375494,0.12172831313921781,0.12153906954151712,0.11824131293232942,0.12414689892148133,0.1417712712847776,0.1490757931474935,0.15108195032877275,0.133340540248806,040707
2022-06-19,0.13972407106445234,0.13620603644072068,0.13809282137990214,0.13774809670418406,0.1454239691111895,0.15764886185837568,0.16406304194215918,0.1655228022005752,0.149691675667491,040852
2022-06-19,0.12844063865221667,0.12451802394342418,0.12717557927638726,0.12264352055224344,0.12798099852767242,0.14709760807125102,0.15733708455021608,0.15633934372812644,0.13795042299244545,1A1-105
2022-06-19,0.12578065745593114,0.12567278608861362,0.1286774073368271,0.12460210767031922,0.13153966460219146,0.1472921305383516,0.15602200476417347,0.15686167889471175,0.13831531967603633,1A2-066
2022-06-19,0.1266354606955694,0.12614249166269648,0.12878867841829444,0.12465684135302531,0.1317482153406385,0.14678764173415912,0.1550853720819438,0.15594504716531674,0.13826257455931393,1A2-066
2022-06-19,0.12016882530054848,0.11578031346814968,0.11513553728371165,0.11312211009294255,0.11444974618404592,0.12061545858987248,0.12570812777509094,0.12528424162407364,0.11865349307398361,1A1-109
2022-06-19,0.14523926982690832,0.1415008627653731,0.14318158087482893,0.14196531220042843,0.14578600887538903,0.15214634967309695,0.15513949978996344,0.15699954276666536,0.14694449488911143,040874
2022-06-19,0.1504586172462405,0.14540898339599,0.14931075736215532,0.14054165296052634,0.14165242794486216,0.14523321976817044,0.1460715362625313,0.14991309719611517,0.13793991423872173,1A1-102
2022-06-19,0.12636012386658033,0.12226167753473871,0.12271433481512012,0.11969260186057468,0.12463905403615191,0.13947513174163917,0.14878621165508774,0.14839962354274636,0.13342433650788982,1A1-106
2022-06-19,0.1265598714224287,0.12641385722226303,0.1302546507115815,0.12473007624461199,0.13246671560864592,0.15118298916634335,0.1615914442428502,0.16161052007844726,0.14012657759226446,1A2-078
2022-06-19,0.15073132193541172,0.14426619175326855,0.1523714549111632,0.1447534473125489,0.16563768018773048,0.2195071404626215,0.24022944463068494,0.23955796737065593,0.18646271091742095,050707
2022-06-19,0.12057725321888407,0.1157182880305198,0.11706524399936415,0.1133504689238595,0.11812904943570181,0.1330418772850103,0.14098921475123197,0.14259717056111912,0.13232448736289934,1A1-087
2022-06-19,0.1629119488835231,0.1592621030830869,0.1641712646173048,0.1622251910537119,0.16927651282886122,0.18736856409004168,0.1944314630418464,0.19812606560490542,0.17353256188331462,1A2-077
2022-06-19,0.13989754221723386,0.13658336181827457,0.13817647186368048,0.13726117927656745,0.14266770445385454,0.1463239247997551,0.14849421075455327,0.14975671904494678,0.13733782842712114,050706
2022-06-19,0.13323248772234356,0.13102942132961234,0.13823639350025818,0.13472361814566183,0.14854513453235044,0.1805507509421111,0.19216303409178306,0.19434300530658447,0.1598745053230644,050215
2022-06-19,0.13292684560477186,0.1299946905250807,0.13734369316515105,0.12781939962843455,0.13526069228512763,0.1487006453505427,0.15308499559988267,0.15675725041556657,0.13961857338417907,1A2-076
2022-06-19,0.13030261378822416,0.1266416319471739,0.12925220894583755,0.12694615596258155,0.13537290700416635,0.15555540444933583,0.16657687288735157,0.170906964861253,0.14944535806933415,040576
2022-06-19,0.1346876784095107,0.12967591765456557,0.13125879369983542,0.12790498707055784,0.1358798502199684,0.15799883131275808,0.16921868892097933,0.1738669174194849,0.1495022399838801,040576
2022-06-19,0.11905555649273455,0.11393960894068947,0.11695283671356835,0.11254773223938971,0.12218826822068025,0.14429765441091913,0.15751406279952468,0.15519395084921217,0.12964872675689137,1A1-017
2022-06-19,0.14398814887097058,0.14317857018129526,0.14496304623970693,0.14326798212726638,0.14649304949240755,0.14901488812421895,0.1534174783010634,0.15158217828223142,0.14187558077825146,1A1-052
2022-06-19,0.126206657236126,0.1228018084874864,0.1220548988030467,0.11905060065288363,0.11909148422198035,0.11905957127312293,0.12160364961915125,0.12229287051142537,0.11996626768226328,040704
2022-06-19,0.143243171050361,0.1387492209220972,0.14087935055601405,0.13853664826147688,0.1412955790265796,0.1456677219091107,0.1481282061485299,0.14912643585188784,0.14083424674398065,040826
2022-06-22,0.19660066979563923,0.2003911117629803,0.2145278576317591,0.21469344382516864,0.22797331084384492,0.23142589224601548,0.21345686907206418,0.23959679769238285,0.21810475212672356,1A2-076
2022-06-27,0.16261690133959122,0.16420119292070012,0.17194380072357482,0.1651032805319253,0.17253674586877868,0.17595131025716237,0.17051480883934686,0.18413984061797206,0.1678165493302044,1A2-076
2022-07-02,0.11542226459372251,0.11338094260291386,0.12151441282878656,0.11233298132394637,0.1162601153808546,0.11977466021316122,0.12199400117336458,0.12655591571330796,0.11817762295883442,1A2-076
2022-07-09,0.1162012283169245,0.11221597749648385,0.11780201593999061,0.11095042662916084,0.1306411908110642,0.18200058134083452,0.20028353492733236,0.20205502109704637,0.15361560243788092,060315A
2022-07-09,0.11970521653971714,0.11582196953210004,0.1168623873775844,0.11308606964091399,0.11427302285092496,0.11783095321001087,0.1191894494015234,0.12034763438520135,0.11397295321001091,040704
2022-07-09,0.11727290390479539,0.111911297010911,0.11280028604582126,0.10915865108706416,0.11521836540104871,0.13496971962112414,0.14087513020481954,0.14340779339935772,0.12404941486538754,040707
2022-07-09,0.11653644840243424,0.11269225482226002,0.11476159477413982,0.10984459882245719,0.11409851082698987,0.13046185754522535,0.13757949728606733,0.13755553913236265,0.12177199804563998,1A1-105
2022-07-09,0.11740548364942686,0.11305725606212691,0.11637973215700768,0.11105479687252362,0.12238659992603924,0.1580267526018278,0.17091296159332225,0.17292549791325476,0.13502740768133542,040186
2022-07-09,0.12056612079591475,0.11689602923049827,0.12033449844456175,0.11616875330163755,0.1268039326172448,0.14142288254974453,0.14655042554440326,0.1466575834947467,0.12846066502318476,1A3-048
2022-07-09,0.11727212318417976,0.11313239118333146,0.1155415120347789,0.11117679262538437,0.1183847524122573,0.13377344594952797,0.1388213378750927,0.1397414510656346,0.12427061684869052,040576
2022-07-09,0.11437837429129914,0.111448617121629,0.11377546314755557,0.1094582170399402,0.1154269393848039,0.1306004065001119,0.13570285571191004,0.13688307724474624,0.12089403475673209,1A1-071
2022-07-09,0.11500279995011221,0.11022357819905215,0.11485635445248193,0.10961981790970318,0.11971863931154901,0.14899131329508608,0.1619714953853829,0.16361805936642557,0.1285761100024944,050669
2022-07-09,0.11901503088219693,0.11406636027462623,0.11575802274414161,0.1112094714240272,0.1178519072738839,0.13185159778920558,0.13670268860672258,0.13765863839995762,0.12393330770862043,040576
2022-07-09,0.11857057713081151,0.11351940619395705,0.11746970246772456,0.11008584388207786,0.11766883619469122,0.14022119432412894,0.14876986292749964,0.1508891086616816,0.1259864962087447,1A2-078
2022-07-09,0.11899095533301539,0.11267820696232715,0.11587402638690199,0.11057799237005239,0.11653564616118268,0.13160542838976313,0.1367934907010014,0.14008146558575743,0.1276716499761564,1A1-087
2022-07-09,0.11819391119257666,0.11393975346725464,0.11338897457677645,0.11207893369496093,0.11465368532427289,0.12027890016491792,0.12256843332737244,0.12296828082776962,0.1159242936337625,1A1-059
2022-07-09,0.11877664841755683,0.11497887820538769,0.11513175210323036,0.11213252600565514,0.11590398596139383,0.12627923941376445,0.12978249756723473,0.13098982874949117,0.11973132593125702,060182
2022-07-09,0.12067036997277925,0.1156615389334049,0.11972864624468049,0.11413625579879623,0.12629578116014262,0.15494514511367583,0.1658042794157116,0.16584682590192865,0.1336474792010124,1A1-017
2022-07-09,0.12157722330163272,0.12242844189930809,0.13245666564406722,0.1321541739100794,0.15888067968776623,0.20916201383917918,0.23623166990489833,0.24063633977570986,0.18750376657463264,040887
2022-07-09,0.11980963159777223,0.11961652955904141,0.12515924582290125,0.12150759797659808,0.1351378468141638,0.16974870471616166,0.18580787900464962,0.18648397629145166,0.1567167032854734,1A1-103
2022-07-09,0.11820221756711219,0.11251908710849165,0.11317448784688593,0.10947785084909394,0.1139104582038363,0.12756564111885546,0.1335803583507407,0.13389251653044015,0.11973300366813386,1A1-106
2022-07-09,0.12819829626966617,0.1269643678633181,0.129336751408077,0.12628199441905066,0.13122448050947555,0.13934853577114684,0.14351248386489332,0.14210525807611316,0.12993584578775264,1A1-052
2022-07-09,0.11982538165241369,0.11955731677150322,0.12417141670789451,0.11503340165382714,0.1163328503781187,0.12289551735104956,0.12604275390486966,0.12707422962753556,0.11693877129125732,1A1-102
2022-07-09,0.12101109112379693,0.11814750760231786,0.12264369022926266,0.11793189302299936,0.13084094666446386,0.1520550352735306,0.15596591285938927,0.15779245764422992,0.1349762722027449,1A1-029
2022-07-09,0.11897978655735372,0.11918701321648174,0.1243663191744999,0.11502906389144114,0.116412249982331,0.12295828503781178,0.1260060463637007,0.12704465156548173,0.11696532970527955,1A1-102
2022-07-09,0.11777209050630745,0.11555511211823988,0.12070497852335364,0.11050109074305811,0.1133337893597592,0.12266308215239961,0.1257097963946291,0.1262614570297968,0.11561932559948584,020138
2022-07-09,0.12115582750880059,0.11831502219274533,0.12154675781847865,0.12055477016478765,0.1258067547574103,0.1305520534666598,0.13268037982755976,0.13420344752818744,0.12348562573338095,050706
2022-07-09,0.11872168656733197,0.11467244509869752,0.11602152635635343,0.11155883765547564,0.1139345643050291,0.12060852611967797,0.12285907363723131,0.12284428827919712,0.11466302689515809,040826
2022-07-09,0.12410386076656613,0.12034574254106606,0.13005140239132867,0.12288855179349648,0.14339134540172088,0.19988625544753608,0.22248499832383503,0.22342674600514023,0.16949452452788025,050707
2022-07-09,0.11654972239358423,0.11373443690451712,0.11631709050197633,0.11025481755660654,0.11689783855416187,0.1350794982521077,0.1404544748326365,0.14150277377933146,0.12187382959764206,1A1-107
2022-07-09,0.11759420722356825,0.11266749601122016,0.11371431101799172,0.10938490914541903,0.11361011513186244,0.1282916447556592,0.13443776056294365,0.13486476262022343,0.11874487695949887,1A1-109
2022-07-09,0.1189922117923145,0.11622391708223333,0.12353417913366574,0.11371698445291875,0.11862257749095531,0.12832238193018486,0.13116484306248166,0.13289498875525566,0.12036783514227047,1A2-076
2022-07-09,0.12154566423507651,0.11670163361758967,0.12022653858008836,0.11542371314086104,0.12680744888523582,0.15071828316038216,0.15979027021473338,0.15992649234562833,0.1392284033699784,030172
2022-07-09,0.1184261022423892,0.11698129401553516,0.12391231830716659,0.11869188960546709,0.1320948604137598,0.16476075874268026,0.1769254221646031,0.17848751908942095,0.14550311363561466,050215
2022-07-09,0.1172288357462438,0.11385580173104362,0.11773336068616543,0.11423262802102266,0.12149040306351724,0.14208386182912303,0.14930160404821918,0.1516134947150421,0.12855043666842506,1A3-001
2022-07-09,0.11181803035912627,0.10983684474159902,0.11391389028028834,0.11066888516235812,0.11754811289936182,0.13022774353725192,0.13472305246422903,0.13498021865540002,0.12081770803841708,1A2-028
2022-07-09,0.11549470377583704,0.11178270235178318,0.11369144897489071,0.10910846767606942,0.11251103516156717,0.12280911268873947,0.12712149525664396,0.12782607903499388,0.11705355531821322,040850
2022-07-09,0.11773481086231544,0.1139528251548355,0.1169046441162458,0.11199140733682696,0.1190246298237256,0.13682244783230088,0.1438296293473082,0.1457864649833254,0.12699886422105772,1A2-066
2022-07-09,0.11324504423220824,0.10813700541349412,0.11009585405571941,0.10795836010738973,0.11061177104880945,0.11685659081906605,0.11832748558602184,0.11878276484309666,0.10976969543594038,020059
2022-07-09,0.11619852766516145,0.11214948408144426,0.11339705332578272,0.11073440192034949,0.11859046239733007,0.13395587956721977,0.14104570051165874,0.14151840769342564,0.12615621632998744,040852
2022-07-09,0.11986540161981897,0.11548529680800378,0.1180309414006668,0.11260883468318239,0.12020606574559313,0.1390469147212959,0.14579362744163882,0.14765249928537383,0.12733803334921384,1A2-066
2022-07-09,0.11783683288687408,0.11324490006181746,0.11367379971151863,0.11060319390067998,0.11674538429837213,0.13264277766330107,0.1384804966000412,0.14082492272820935,0.12686066350710903,030171
2022-07-09,0.1200143074790268,0.1163410717467692,0.12386706925922532,0.11666483225112084,0.13660614419917444,0.17912216729983832,0.19356266295554478,0.19406230978125283,0.14894896043450087,1A1-110
2022-07-09,0.1208818578120613,0.11648979356001828,0.11896892612788351,0.1135156341712109,0.12034452424228992,0.14262260288750028,0.1508543544502079,0.1510000449232315,0.128135551122342,1A1-089
2022-07-09,0.12166193094747624,0.11734027060064546,0.12422026190493175,0.11676257172182249,0.13637553225610993,0.17802408980106757,0.1922854492904446,0.19282773772443113,0.1487871609918817,1A1-110
2022-07-09,0.11427552795031047,0.10823127950310552,0.11094126708074535,0.1071993871635611,0.11385978467908901,0.13214215320910974,0.13748091925465838,0.13940331262939956,0.12075634782608692,020058
2022-07-09,0.12024308716298569,0.11550424423358302,0.11681251907487679,0.11310925139850621,0.11877606237225763,0.13209986638429527,0.1368164880187002,0.1359351016896739,0.12023080945636055,1A1-103
2022-07-09,0.11510429077965251,0.11197604993032645,0.11398430588705998,0.11032969329893359,0.11268775989569675,0.12095679902319234,0.12374384528359154,0.12441112084546295,0.11550545901684586,1A2-077
2022-07-09,0.11825852355896652,0.11538345135894292,0.11688238319420814,0.10787636586620246,0.11170901214542864,0.12377733117062943,0.1283305534675792,0.13051425010879456,0.11760570479091667,020188
2022-07-09,0.1177317900499881,0.11256010473696736,0.11929632230421328,0.11332569626279458,0.13227685074982148,0.17362569626279453,0.1884390145203523,0.19287527969531063,0.14229609616757913,020197
2022-07-09,0.12163858586184972,0.11804238159864713,0.11902115660107053,0.11596197531263124,0.11931958725132197,0.1265020373541861,0.1294803292726274,0.13090374942105304,0.12169616925711688,040874
2022-07-09,0.11898169412325688,0.11504318416974603,0.12150958254857537,0.11407637525330784,0.1258410170461319,0.15977794540469645,0.17412202550959607,0.17624108523065923,0.14047572869233518,070859
2022-07-17,0.1264225383788012,0.13008640363743035,0.13498520093869168,0.1250670675662462,0.12994794661190961,0.1375168133372446,0.1390584188911705,0.14342340862423006,0.12884798572406372,1A2-076
2022-07-19,0.14105185185185182,0.12705925925925926,0.12077777777777775,0.11470740740740741,0.11422592592592594,0.11517407407407407,0.1130222222222222,0.11399629629629628,0.1106222222222222,1A2-066
2022-07-19,0.1478254986346908,0.13902874124421238,0.13990769618900642,0.12785624183782504,0.13804385907633873,0.169239135403063,0.1799630847085365,0.18204641754719217,0.14413758607384544,1A2-078
2022-08-13,0.12077059369353604,0.12049668893163137,0.12404008229877056,0.1168013335664743,0.13469235297546187,0.1734972365798219,0.1892465535932854,0.19173309879349565,0.14950170379436975,1A1-110
2022-08-13,0.11647720428971418,0.11690243277510691,0.11481308310000524,0.10969104020286324,0.1173097760050715,0.14261127634845994,0.15826769507105495,0.1587756590416819,0.12805850282635103,040186
2022-08-13,0.11653087248322144,0.11451619658482709,0.11275457905020814,0.10928305581513896,0.11324505139750228,0.11652831110355966,0.12071411519836882,0.12008961430634608,0.11477651856256897,1A3-048
2022-08-13,0.11964411118491651,0.1232812477645496,0.12451858872822034,0.12094433600735784,0.13212687650094523,0.1609141229369986,0.17525293035613915,0.17833162842981953,0.15056027285269027,1A1-103
2022-08-13,0.12413321631439113,0.12270961993222655,0.12078741315000367,0.11409294960871785,0.11377801262829428,0.11442767010409806,0.11928403179014599,0.11870734293863816,0.11546488456568905,040704
2022-08-13,0.12882485458727316,0.1251949205213392,0.12249716330181444,0.11720008382315367,0.1215758885765397,0.12988779964221833,0.13463976693074367,0.13716080858676205,0.12698160797342184,040576
2022-08-13,0.12116302389461557,0.11967899991139205,0.11741370174557698,0.11277899498872705,0.11711748530584515,0.13384861919248597,0.14574042295537107,0.14467829104764157,0.12896458831753158,040707
2022-08-13,0.11568479026107362,0.11916273100616016,0.12149776571819701,0.11395335875623355,0.1168371565463968,0.12399802972523714,0.1300595678106972,0.1303861102962746,0.11961749779994127,1A2-076
2022-08-28,0.11754609665427508,0.11412620817843866,0.12683666356877324,0.11797648698884759,0.15327987918215613,0.23401789033457246,0.2631919609665428,0.271234247211896,0.17425078996282528,020197
2022-08-28,0.112,0.1091,0.10772499999999999,0.106225,0.105325,0.105675,0.10690000000000001,0.107975,0.107475,1A2-028
2022-08-28,0.12091051416819018,0.11903071069469841,0.12147749542961613,0.11513950411334553,0.11909829981718477,0.12890293875685563,0.13227491087751375,0.13504276736745885,0.12480548217550277,020138
2022-08-28,0.11220903001857822,0.11078389068152926,0.11705554414784394,0.11003022391708221,0.1130690182849321,0.11988714187933901,0.12332196147452822,0.12591216387992568,0.11771624621101008,1A2-076
2022-08-28,0.11201547821015799,0.1076355363959283,0.10976408320962776,0.10710369062135515,0.11343466228395718,0.12351718733432283,0.12692626908599305,0.12936929275792602,0.11992202112713395,040576
2022-08-28,0.11859991089064131,0.11507307521733212,0.12058209250947553,0.11604162064051986,0.13246165648958394,0.16254329688199406,0.17401685973694256,0.1772472396631092,0.1461460336069579,1A1-110
2022-08-28,0.11221269480690976,0.10798681124200953,0.11038732632468684,0.10729971208199049,0.11482844841248867,0.13906344233715454,0.14837824766231691,0.15269955887791206,0.1281777008822439,040186
2022-08-28,0.11160092753623192,0.10556150724637682,0.10810724637681156,0.10579146169772262,0.11152684057971016,0.12830520082815727,0.13526773498964803,0.13933415320910972,0.12223519668737058,020058
2022-08-28,0.11919692210309767,0.11346776911817069,0.11412955255766113,0.1068039996835067,0.11080517862088071,0.12347821735174275,0.12882716303358782,0.1309505439727816,0.11882346401867307,020188
2022-08-28,0.11363966814840913,0.11155277936710534,0.12481181065974203,0.12109744069363153,0.13319535671845428,0.11831101403987507,0.1187225914352361,0.11814932881475285,0.10905376083799126,020059
2022-08-28,0.11066464042860083,0.10683938800741809,0.10731927673603957,0.10510541932825054,0.10917657119307646,0.12345178240263754,0.1293511951370286,0.13110338965588297,0.11961298166082836,030171
2022-08-28,0.11517989082584963,0.11056734166813398,0.11412307624581788,0.11085829664847094,0.12121691318894169,0.13359839760521214,0.13804540705523266,0.14074997358689914,0.12682617538298996,1A3-048
2022-08-28,0.11268729614737684,0.10776316215559811,0.10856733320740108,0.10611901575051039,0.10979603223862336,0.12135534446933108,0.1257035872664634,0.12919977871927024,0.11951433287458063,040707
2022-08-28,0.2115192035189528,0.20161469716699643,0.20286660890606864,0.19409681120487238,0.21951639102215767,0.2814661516061887,0.3112137333511054,0.312546309302874,0.25968398937751835,1A1-071
2022-08-28,0.11289158974743033,0.10990974518357649,0.11344020145662888,0.1097111091348224,0.11847691018704015,0.1328054941865907,0.13625358727602932,0.13883616109041227,0.12299026792233797,1A1-029
2022-08-28,0.11390510119695328,0.10989937540805214,0.11228700979325357,0.10784964526659417,0.10776011316648526,0.10748754733405878,0.1091523656147987,0.11110608269858538,0.1102066289445049,040704
2022-08-28,0.1067609173052728,0.10536031110602767,0.10674356056273589,0.10372214914788974,0.10613662930344271,0.11312171451446867,0.11593803042433949,0.11666880361432,0.10943488505089788,1A1-107
2022-08-28,0.11161514241289132,0.11176331719556153,0.11505162909039503,0.10685015195420165,0.10691613011520247,0.1104061824157184,0.11401836172167651,0.1152528888967418,0.11043623047565192,1A1-102
2022-08-28,0.11586227268057119,0.1092813264152882,0.1132312236720436,0.10989435425870751,0.12042723209698962,0.14073610911332582,0.14842070790095555,0.15179287475598477,0.13492971334634749,030172
2022-08-28,0.11565044198048138,0.1159500791988146,0.12097067089060341,0.11851043380511982,0.13052964590465482,0.15756955699759848,0.16801073016197438,0.1733166624086659,0.1510656992488886,1A1-103
2022-09-02,0.11051770256620953,0.1109970595586599,0.11117458956054327,0.10797109992638611,0.11210641706469443,0.1183580754284149,0.12069658671870977,0.12289560508790859,0.11455638881755799,1A1-052
2022-09-02,0.10659415463496763,0.10992723840620383,0.11073469976021645,0.11005126651701444,0.11730643717157299,0.12146357328707719,0.12661664328350597,0.12729123896739966,0.12066692133054452,050706
2022-09-02,0.11060724619605893,0.11114897106510355,0.11300337989523572,0.10798088051883267,0.11619153778997258,0.1458113245198304,0.15906470441506618,0.16335959092042915,0.130921146171115,050669
2022-09-02,0.11531732239389625,0.11463880305179626,0.11483059157305539,0.1101753947015299,0.11957910133036861,0.1385607966874977,0.14591446075988201,0.14823870797070895,0.12479165433424087,1A1-017
2022-09-02,0.11269002758701638,0.1122405617186124,0.11321024534835948,0.11013244409226974,0.11883024300052818,0.1284598462170569,0.13281360274696247,0.13399084052356633,0.12186273111463282,1A3-048
2022-09-02,0.10883870867514957,0.11036370228567687,0.1091623632527675,0.10752294998170868,0.11374995063819553,0.12509919718161636,0.13193132545214906,0.13362329827058275,0.1224509032959654,040852
2022-09-02,0.1129193807511107,0.11369665411015056,0.11623584077577166,0.11186562751694555,0.12679726174099604,0.1534520114184705,0.16356793633596814,0.1674850121882547,0.13705431631729395,1A1-110
2022-09-02,0.10819789532641831,0.11068886321775925,0.10957073706659767,0.10584150483083994,0.10689607016296693,0.11045958412770226,0.1144066969334668,0.11537296183798097,0.1104496208571643,040874
2022-09-02,0.10954479361688782,0.11201328558564208,0.11151070762915961,0.10709946514209144,0.10830911310757885,0.11460149274360745,0.11922090678729219,0.12006767816380814,0.11350050595799056,040850
2022-09-02,0.11554555944776426,0.11218479291160105,0.11036174531217807,0.10704451885431691,0.11181552647846697,0.1255374098495776,0.13103914073768802,0.13444124253039358,0.12105859262311974,030171
2022-09-02,0.11601379357657543,0.1158485605742021,0.11764232122110636,0.11264049619027912,0.1271276067541462,0.15424507783376923,0.16470671369717524,0.16859292600089812,0.1371331814553204,1A1-110
2022-09-02,0.10772210933634883,0.11315224044102057,0.1142149780903243,0.10608472506890948,0.10638953282917521,0.1102109000636087,0.11363954519754052,0.1147195013781893,0.11015669835324053,1A1-102
2022-09-02,0.10970057947302042,0.11384579882060201,0.11977650748201932,0.11970201792957699,0.13975390462555817,0.17603921668882302,0.19697078092511167,0.20258322596039127,0.16241112929065687,040887
2022-09-02,0.10489632597948488,0.10842292179367127,0.10848619901125947,0.10684985952915044,0.11173352788727488,0.12003745018184998,0.12428050613062702,0.1257766339264325,0.11658685889757608,1A2-028
2022-09-02,0.11432818887001277,0.11334753763926249,0.1114294907801469,0.10733273590659888,0.10906296275875377,0.11724813587007085,0.12158070946865673,0.12328101134088473,0.11324852871749105,1A1-109
2022-09-02,0.11101146496815283,0.11535829142921002,0.11602411442619293,0.11144854732372332,0.12432196893507658,0.16584493798189748,0.1856718069057996,0.1902060174321153,0.149526718069058,050707
2022-09-02,0.11336271013233874,0.11918310765929183,0.12069234581779165,0.11796280721475651,0.12916915333912427,0.15362985539829346,0.16408871800112415,0.1697260027591845,0.14471367840171678,1A1-103
2022-09-02,0.11203879878745328,0.11117134774356624,0.10986265752759264,0.10714885176889648,0.11057591728058583,0.12104964604078394,0.1260740579827472,0.1284146809869479,0.11835637621322098,040707
2022-09-02,0.1090187151035409,0.11396715845642806,0.1146688246519188,0.1063437204042688,0.10649030143473039,0.11024671001484206,0.11376700473531699,0.11486146900841039,0.11013719344123259,1A1-102
2022-09-02,0.10999315113871633,0.10941936231884056,0.1084933250517598,0.10608274948240162,0.11188396687370601,0.1294056149068323,0.135987652173913,0.1412024265010352,0.12422196273291924,020058
2022-09-02,0.10524402119176102,0.10908849008705736,0.10810099301886007,0.10428056870076285,0.10571035685214043,0.11138106158855408,0.11456268159931574,0.11570746712931658,0.11073498330596972,1A2-077
2022-09-02,0.10573991364320191,0.10852946095383235,0.10887626164937578,0.10589945489713377,0.10970625793720573,0.12194291073207904,0.12779309145614756,0.13050476134654085,0.11833797745345127,1A3-001
2022-09-02,0.11463549780863105,0.11365690820485065,0.11214900065903612,0.10651143058104517,0.11065623823413849,0.1251145836103946,0.1317382734438035,0.1336228307223094,0.11743360078966114,1A1-089
2022-09-02,0.11473407996748672,0.11346202648043746,0.11102243702304752,0.10793756999695142,0.11128342534608636,0.11897299991304543,0.12223381279977827,0.12317333839554657,0.1129524587041488,1A1-103
2022-09-02,0.10734970617747551,0.10849341618979512,0.10544652504570039,0.10470162161222399,0.10545167824074098,0.10838966157010033,0.11169793132053729,0.11172881994118589,0.10793898724368167,1A1-059
2022-09-02,0.11282405440696415,0.11310335146898799,0.11329941240478776,0.10881434167573444,0.10881931882480952,0.10808269858541893,0.11069547116430907,0.11117847878128394,0.11030407834602839,040704
2022-09-02,0.11426839743379649,0.1128406835065094,0.10998429198463593,0.1068103387138588,0.10923617059950592,0.11741331702389508,0.1218178233753388,0.12364623159601092,0.11486379155703506,1A1-106
2022-09-02,0.11574720127168797,0.12127936889099335,0.12532162715189227,0.11223670984543582,0.11200725301856797,0.11615205127337912,0.11931479859302595,0.12041390908783438,0.11257154090709237,020138
2022-09-02,0.11116449014693083,0.1119680716510577,0.11376593113863505,0.10706391018447624,0.11350450336126545,0.13353181193694885,0.14289042065631194,0.14760375454898228,0.12571852523833005,1A2-078
2022-09-02,0.11124787327662079,0.11612173169062291,0.11866068250708914,0.110951359147355,0.1144439718392491,0.12268745966559107,0.12773205241028648,0.12891971741468666,0.11787794563410584,1A2-076
2022-09-02,0.1112637999047166,0.11072612577417815,0.11075379799904721,0.10613252977608396,0.11165827060505003,0.1278296350643164,0.13440839828489756,0.13928295474035246,0.12272650595521678,1A2-066
2022-09-02,0.10843917367981898,0.11183368077244003,0.11490438622004981,0.10878320133508167,0.11725328930742641,0.14255900107283348,0.15697625557277406,0.1597154697818573,0.1326211963285254,070859
2022-09-02,0.11576426764877365,0.11527286067384357,0.11487942871923743,0.10918391266146088,0.11087107629394227,0.11994010954269618,0.12508225638246329,0.12685320786014023,0.11595075751976945,1A1-105
2022-09-02,0.11628488646871472,0.11506041816500563,0.11572860371930549,0.11120293331963424,0.12190171581218533,0.14140650364738522,0.14843822562416528,0.1525154320353437,0.13450732559334228,030172
2022-09-02,0.11156622378361238,0.11419090020603298,0.11254772571187065,0.10879465370595369,0.1162555259126207,0.13772387606318337,0.1488389481747582,0.15077774578688777,0.12536431137408197,040186
2022-09-02,0.1094210995712247,0.10959801905669367,0.11006817436874705,0.10578832491662704,0.11148062791805627,0.12772319485469277,0.13420268794664134,0.13913743115769409,0.12275216484040016,1A2-066
2022-09-02,0.11132034656011393,0.11402755865015626,0.11375694900502428,0.10617534517545597,0.10897269454444754,0.12098832535506586,0.12599646714404397,0.12881597104086712,0.11635698856668113,020188
2022-09-02,0.11027913202028942,0.1133491791944296,0.11735665669340471,0.11145191602880608,0.1260613429027699,0.15087056174550453,0.15582774830668703,0.15867858257310166,0.13274997827909224,1A1-029
2022-09-02,0.10698014041024398,0.11132134169788721,0.11521240729957484,0.10946164866676196,0.12102615058394404,0.1496379217526012,0.16106349004054105,0.16407485579933878,0.13576677397026998,050215
2022-09-02,0.11653079001748531,0.11677894611349547,0.12015108090923542,0.11148023366714353,0.11647519472261961,0.12851986170720078,0.13476730249562865,0.14009376887617225,0.12735786043554287,1A1-087
2022-09-02,0.1122735387286608,0.11219016938818785,0.11114316615417234,0.10847051346622848,0.11452895305375897,0.12389291366239001,0.12787594303361266,0.12982377399003286,0.11937906107517753,040576
2022-09-02,0.10810336578202649,0.11006338921899458,0.10993817648717762,0.10640585243462469,0.11068406675159727,0.12377077867138654,0.1293216276536777,0.130968363496679,0.117312805239767,1A1-071
2022-09-02,0.10855199122626628,0.11031659926428584,0.11027746932620472,0.10606060273722212,0.11055261955354491,0.12479472662051316,0.12943906139328717,0.13242686955925692,0.11724003701418877,1A1-107
2022-09-02,0.11546166432509822,0.11432000384370687,0.11256151587848594,0.10922467262220338,0.1148471158943907,0.12469698732902144,0.12914108591347676,0.13100915862580859,0.1194191297317357,040576
2022-09-02,0.11082915423687835,0.11285265158706793,0.11153242798525159,0.10579476964903516,0.10638395072645386,0.11041933385870036,0.11297309348501305,0.11350960104171788,0.10862984891792493,040826
2022-09-02,0.10825392921933201,0.10978735069829139,0.10786009860449589,0.10514232688279905,0.10695978429929617,0.11418423163700203,0.11872321734231493,0.11986779935144214,0.11249594449251556,060182
2022-09-02,0.11227755820606512,0.11535488974957096,0.12519548655428914,0.12077418907618503,0.13204141983187362,0.11854722283350201,0.11897076713172831,0.11876029004005112,0.10947958276484299,020059
2022-09-02,0.11060260665729023,0.11213932489451478,0.1139464791373652,0.10891227379278011,0.12414974214721053,0.16545485232067508,0.1839295171120488,0.19031682137834036,0.14753192686357244,060315A
2022-09-02,0.10991548440847418,0.11253000476077123,0.11593822899309686,0.1107294215662937,0.12689145441561533,0.1618532135205904,0.17543558676505588,0.18138212330397524,0.1371485717686265,020197
2022-09-15,0.11025736775202889,0.11564948176395819,0.11899809817150679,0.11059227534956495,0.11415099247091037,0.12216230566148431,0.12723116260878065,0.12718765522636163,0.11528915615527528,1A2-076
2022-10-02,0.09532463395681527,0.10149145909433002,0.10433550603596495,0.10367961783439514,0.11261437373422174,0.1242325012084169,0.12991438964249216,0.12995289499929638,0.11812642792023857,1A1-029
2022-10-02,0.0950867756177737,0.10125165566134077,0.10309156755390021,0.10217186348209169,0.105690189537971,0.11366988203716846,0.11969015306965931,0.11981190714681668,0.11347575975648898,1A1-071
2022-10-02,0.10411023918301528,0.10963616155411368,0.11079216416477901,0.11144985219027144,0.11757788228970706,0.12620067954083003,0.1341563327830461,0.13397392022113871,0.12230175835988785,1A2-028
2022-10-02,0.10204214664998128,0.11375222038083005,0.12776947948726614,0.11567662765921466,0.11397817668346472,0.10858970135624176,0.11127025907261472,0.11096617681875072,0.10888488010281729,020138
2022-10-02,0.10254828971770036,0.10232744694003706,0.10226284772305791,0.10206383680197816,0.10726245621265197,0.11469789820729447,0.12108220688234085,0.12115405934473521,0.11725967442818878,030171
2022-10-02,0.09590173189846221,0.10115657230333354,0.10295381908744031,0.10205126236662329,0.10624881988712959,0.11601434871021546,0.12183989535494777,0.12262520620558881,0.11383391367925606,1A1-107
2022-10-02,0.10241115868801913,0.10831393765521968,0.11127410293739831,0.10611875909908365,0.10854963175473148,0.11377286118009766,0.11742391881476409,0.12055722788387427,0.1139223687590991,1A1-102
2022-10-02,0.09862828985507248,0.10080274948240166,0.1012895734989648,0.10204274120082814,0.10871852587991722,0.12112945755693579,0.12838978881987576,0.13105218219461695,0.12134412422360251,020058
2022-10-02,0.09753670554629845,0.10293668174244225,0.10728577719590572,0.10649707212568436,0.12274470364198997,0.1485877529159724,0.16482736253273025,0.1655942275648655,0.13088849083551532,020197
2022-10-02,0.10307527997534159,0.10470566115277921,0.1056018647898901,0.1056109935271756,0.11397609678413649,0.12330069351690129,0.13253001643891918,0.1337195314908045,0.12949752902496664,030172
2022-10-02,0.09787599398662813,0.1041745618546505,0.10527724413498439,0.10118671519563244,0.10407949914942435,0.11212151758515643,0.11753062072239587,0.1185557225936622,0.11271285358230797,020188
2022-10-02,0.10175975749306809,0.10921228158971873,0.12390730821706784,0.12064451388583247,0.13134503102856387,0.11231606663439103,0.11253919941903963,0.11106768408080632,0.10670742484925838,020059
2022-10-05,0.0990267282683094,0.10758353867214239,0.11343823213063461,0.10822652781851957,0.11452983279554119,0.11813038525471799,0.12208984550699134,0.12384656301945833,0.11754973599295986,1A2-076
2022-10-22,0.10898511801242229,0.11067826086956523,0.10898883643892342,0.10933434368530019,0.1153204968944099,0.12529063354037265,0.1307629565217391,0.13359844306418217,0.12600444720496895,020058
2022-10-22,0.10049469900151825,0.10648891653472044,0.10605422981225976,0.10445241865124232,0.10505917321011202,0.10579611163171447,0.1083431458084251,0.10913449338115695,0.10945508719208108,040874
2022-10-22,0.10389298976434179,0.10939991668650317,0.11282427993334919,0.11366879314448941,0.12953049273982384,0.14586462746965004,0.15784019281123537,0.1599009878600333,0.13514227564865505,020197
2022-10-22,0.09862544011534045,0.10615592120693704,0.10538438349360549,0.10288098432692704,0.1041183423931789,0.10664762351512816,0.1089509261047725,0.10862270767511477,0.10971386501290002,1A2-077
2022-10-22,0.10686997691896233,0.10875730451306706,0.10736678901685419,0.10429138317773573,0.10745875587000148,0.11450769683160285,0.11848434065365741,0.11949367000322124,0.1151757474739415,1A1-089
2022-10-22,0.114625886160485,0.1156849892119593,0.11382817733484021,0.11432504880304119,0.12147693414158023,0.12537558306791324,0.13171613068940727,0.13417625089900329,0.1358931264769341,030172
2022-10-22,0.10126433038051584,0.1081993189671421,0.10817293585474655,0.10516176457037558,0.1061645741450442,0.10848336286151063,0.11153860568365069,0.11187967037339512,0.11304087830621341,040850
2022-10-22,0.10475617984534794,0.10760157770017463,0.10912285482664007,0.10717948366176104,0.11526650037415813,0.13653578199052133,0.1472405337989524,0.15004371414317794,0.12918013843851334,050669
2022-10-22,0.09797976378756201,0.10468813708484256,0.10494038441916233,0.10584802816182846,0.10872157670527013,0.10985756338962308,0.1130430041834601,0.11284673103413091,0.11063200091832046,050706
2022-10-22,0.10750187528065033,0.11021493417629494,0.11038842062309773,0.11108542897668552,0.11886875726127803,0.12550381649192063,0.13287050763013297,0.13412746206316561,0.12758174719705745,1A1-110
2022-10-22,0.10785137133660157,0.11049955287857517,0.11058550365826637,0.1074699562321909,0.108584995360448,0.11136901764672054,0.11433074257466391,0.1154950344476472,0.11527555161398922,1A1-105
2022-10-22,0.09648847485680699,0.10388447851558247,0.10466583182699224,0.10650642245791317,0.10856825358799567,0.10979731472003836,0.11269005161487028,0.11305056297231968,0.1122283184877061,1A2-028
2022-10-22,0.10311776179132907,0.10503901476893755,0.10483116817532166,0.10326489757027146,0.10802722248689853,0.11729093473082411,0.12241162648880417,0.12584448785135774,0.1219272491662695,1A2-066
2022-10-22,0.10463774559313967,0.10696821057646504,0.10698805812291576,0.10547576179132939,0.11051781229156742,0.12013377798951878,0.12551779704621252,0.12887527965697962,0.12271314054311584,1A2-066
2022-10-22,0.10729722271211124,0.10909693976919829,0.10780427558179662,0.10610164935015151,0.1117057232680291,0.11986409078710278,0.12497556492734745,0.1258287865659626,0.1170543817812369,1A1-017
2022-10-22,0.10689906242863036,0.10863925517923956,0.10629656730266034,0.10603654407040829,0.10811229805952814,0.10982405267420788,0.11175729103793693,0.11205843777600988,0.11031709086600319,1A1-103
2022-10-22,0.10327615860201322,0.11250698482448515,0.11312523120944253,0.11453002912472539,0.12194982371876754,0.13391203311021407,0.14221092943641098,0.1446172959991825,0.13540505339532985,1A1-103
2022-10-22,0.10032688889133053,0.10815591799514392,0.11043413243388742,0.11040981773036403,0.11928478889023172,0.1333689801030555,0.14342308748722796,0.14447865171008248,0.13379055801535944,050215
2022-10-22,0.10326211180124227,0.10939754322111005,0.10912931914388577,0.10527469240811806,0.10823013411401672,0.11618795347549155,0.11971508090358828,0.12031245796573962,0.11612230090596198,020188
2022-10-22,0.10684030685527751,0.10898733623503803,0.10838677693144712,0.10639777801958657,0.10625665505984762,0.10468593906420023,0.1061974559303591,0.10659102937976057,0.1111478694232861,040704
2022-10-22,0.10339451457723409,0.10638610959889068,0.10540885145429965,0.10486777532398617,0.10681922928115323,0.10863285946621472,0.11062080838169587,0.11186023453683265,0.11070264495917023,1A1-052
2022-10-22,0.09778158703795305,0.10674400664357915,0.10874390062901969,0.10443990211322358,0.10457812036186304,0.1057009894692205,0.10795705880274217,0.10792351932998798,0.10989414092868753,1A1-102
2022-10-22,0.1057515506326034,0.11139666290637855,0.11164049733051973,0.10943715148450325,0.11318961139367305,0.12074377121240111,0.12447394898326349,0.12523417567028755,0.11764138521234299,1A1-071
2022-10-22,0.10655728266060362,0.10967717392853822,0.11025936018788439,0.11120652321114187,0.1188144876299904,0.12553702111205367,0.13321051522106375,0.13448020388598628,0.1276204128325931,1A1-110
2022-10-22,0.10820170638026065,0.10903517104280797,0.10859424760054322,0.10818316017666477,0.1104712173138678,0.1116549064054475,0.11489407129557164,0.11610764947693186,0.11889974633672452,040707
2022-10-22,0.10061268072183455,0.10557141876349918,0.10427027116418694,0.1056419039123616,0.11018624985592372,0.11387995960851337,0.11878255498704565,0.1194412965366554,0.11999936155391955,040852
2022-10-22,0.10122850024736739,0.10908269665700757,0.11033069651565484,0.10549295179871364,0.1054530284825783,0.10672132836242833,0.10894407731995193,0.1088595695808891,0.11004520637500884,1A1-102
2022-10-22,0.09421459380936419,0.10958783662979102,0.1077399821209073,0.10897343278578607,0.11819811710805678,0.1460065426304615,0.1643977874622863,0.16688837858978664,0.1457787462286289,050707
2022-10-22,0.11102522848539267,0.11151711659358657,0.1095690976808072,0.10952868614295518,0.11428386602567486,0.12203880289502869,0.12877934914681166,0.12817039727402385,0.12328887685561835,040186
2022-10-22,0.1051259821847164,0.10694538209095175,0.10850507266760434,0.10809173933427095,0.11909048288795122,0.1388286357243319,0.15045937177684024,0.1553161837787154,0.14144197843413034,060315A
2022-10-22,0.10264267600759326,0.10627829807762901,0.10762405218613351,0.10480965170790045,0.10982920472779528,0.12126416608111075,0.12785445459407885,0.13105509643317845,0.12546970666275142,1A2-078
2022-10-22,0.10580850689351724,0.1135225188227241,0.11498057103744991,0.11037001075584237,0.11367267038232134,0.11470118314266163,0.11909876307812647,0.12014998533294216,0.11724397183924912,1A2-076
2022-10-22,0.09836198151730069,0.1049191860578708,0.10434698825781992,0.10404677334271151,0.10736702811480381,0.11493134048414513,0.11904494656428903,0.11967205712834351,0.11739436531660903,1A3-001
2022-10-22,0.10084059119568066,0.10630616426355254,0.10465172261353115,0.1039919431662878,0.10555979723810355,0.10945531367173725,0.11238691697868071,0.11276698097186628,0.11187500357164994,060182
2022-10-22,0.11021686536321723,0.11174930058814177,0.114397146717533,0.1090639008106819,0.1155257908122715,0.12207684787792088,0.12555995867111752,0.1290634239389604,0.1290333253854713,1A1-087
2022-10-22,0.11387340820111275,0.1135095404904183,0.11208651349680608,0.11038751287863179,0.11695874716670103,0.12314584792911601,0.12569901092107977,0.1277843292808572,0.12412216154955694,030171
2022-10-22,0.09813231923581328,0.10331241629907795,0.10110545645565092,0.10208855880424408,0.10289388337505952,0.10389648456127809,0.10614665395008732,0.10600839095533308,0.10669351404784613,1A1-059
2022-10-22,0.10645695115941685,0.10865718307723582,0.10679100827391805,0.1055906016423778,0.10688605253817325,0.10949691993838492,0.11173538280224278,0.1125057465996299,0.11211727701601377,1A1-109
2022-10-22,0.10510508572792031,0.11401533217438735,0.11907410437331704,0.1272665098680847,0.1444439513242662,0.16015139925691105,0.18200735589869457,0.18565251389030926,0.1724151276544978,040887
2022-10-22,0.10764300445339829,0.1084028575972854,0.10636476182271243,0.10547468653907333,0.10737075469197328,0.10857969528682021,0.11094185995652626,0.11197298603011341,0.11347226964266764,040576
2022-10-22,0.10280130889166972,0.11195584266242767,0.1169230662562993,0.11227580410592883,0.11273856157202276,0.11121480873947306,0.11302273142354646,0.1138748401934589,0.11184918659316129,020138
2022-10-22,0.1065372494963417,0.10794062864489443,0.10627913794931614,0.10569147691125015,0.10744569107199659,0.10876082136040723,0.11150709362739912,0.11256427738309843,0.11363332427632279,040576
2022-10-22,0.10621515049479595,0.10775960076640453,0.10532636437589579,0.1046482337235881,0.1063458263432192,0.10913502665431069,0.11147435941750855,0.11243325128950833,0.11289342626336063,1A1-106
2022-10-22,0.10193864092887618,0.10779393816445738,0.10657858010418896,0.10375193393204414,0.10423674874011565,0.10453910491651702,0.10628513783085751,0.10657828343645603,0.10829466899700782,040826
2022-10-22,0.10149275575157948,0.10847904255572773,0.1107456731434021,0.10894235784956481,0.11527600476814877,0.12587257885326028,0.1364707335796878,0.13703532339969018,0.13138966408391956,070859
2022-10-22,0.09983753284438047,0.10593526858135124,0.10570688418214635,0.10487989124226017,0.10894013526172679,0.11783220919871137,0.12212282998606257,0.12414525098818745,0.11663605913130895,1A1-107
2022-10-22,0.10569177085167579,0.1074096495861948,0.10660041674003637,0.10781951928156361,0.11129656042730522,0.10878745671186234,0.11164686564536008,0.11243025473968427,0.11559706521101136,1A3-048
2022-10-22,0.11096946657277415,0.11694191276792396,0.12494973812772325,0.12334045596584658,0.13047186523480483,0.11835948461775456,0.11794069803265703,0.11713880771092824,0.11044957308217061,020059
2022-10-22,0.10126207713063762,0.10702407961477517,0.10666111712770071,0.10680185147793946,0.11227368404951155,0.11879096593794562,0.12157610271847882,0.12316769825682093,0.11831835202555113,1A1-029
2022-10-27,0.1066618808402639,0.10348833572799457,0.10915574771108871,0.10470829356797524,0.10983302325093612,0.1213184277039571,0.1285258570964124,0.1300247936571196,0.12208755020922707,1A2-078
2022-10-27,0.1972619919606967,0.1908796933154682,0.1909252642548757,0.19002401369659075,0.20318055679618874,0.22178078011016822,0.2402214381420277,0.24217336608605028,0.23788517195176423,1A2-066
2022-11-04,0.09680178790893665,0.10631631942412355,0.10607327500438925,0.10609529174226014,0.10868924328436814,0.11428579036694557,0.11906227248785622,0.12012974776145603,0.11844472698542746,040186
2022-11-09,0.09869508164662168,0.10197866431993742,0.11028498582184411,0.10584916397770606,0.10688156839737957,0.10757269971643686,0.11221092206903302,0.11330462501222258,0.11381763469248074,1A2-076
2022-12-21,0.7897718551691278,0.855979165316818,0.8212442115292994,0.8142292139113855,0.8436236674606953,0.8400547003334914,0.8321027613149115,0.7881033444497377,0.18497958170557402,1A2-066
2022-12-21,0.7806673249362878,0.8776466476492124,0.8520235403928651,0.8509085159043963,0.8846648194565345,0.88426682887437,0.8846791748382288,0.838242033119737,0.19652152468248904,1A2-078
2023-01-15,0.5853070564141757,0.5747957888700778,0.5489292176833591,0.5245885601550976,0.5223900202064328,0.5002662773742571,0.4575835328491068,0.42586493665010045,0.1349406810114141,060182
2023-01-15,0.6161387337798491,0.6231293538748917,0.60546673123738,0.5854180433344421,0.5839338581145068,0.5565897371481944,0.5043060452888602,0.46720059497299754,0.15283688140752627,040850
2023-01-15,0.6125954434934648,0.6142400784567557,0.6058359939921938,0.5994063551553113,0.6029139035180688,0.5827880250125959,0.5636106117991146,0.5287073634327516,0.1722677109393612,040826
2023-01-15,0.694975418795095,0.6976178778555613,0.6872141286616151,0.6836534811826002,0.6871619007141777,0.6673275205699946,0.6509906036336346,0.6074085677379731,0.18859254642104528,1A1-103
2023-01-15,0.6367618740839215,0.69031841360739,0.677767048437127,0.6594300064764629,0.6599567167740397,0.6409814943586597,0.6077418447694042,0.5654449023417525,0.16543974503187098,040887
2023-01-15,0.410744719732322,0.4447424502859189,0.4402004465035086,0.42199474603014747,0.4267125983370822,0.40977636664764294,0.33405091370956025,0.3012594453956425,0.12660325421604507,050215
2023-01-15,0.6661421617331776,0.6867989301616088,0.6688475435631047,0.635171031222516,0.6275599954650409,0.5913145623763184,0.5061487638797278,0.459393444920844,0.13365770462291132,1A1-052
2023-01-15,0.45841796290088277,0.4446266454352442,0.39746342049391004,0.3559974634037322,0.353159151860543,0.39730453123253984,0.3893150966588446,0.3763647167281261,0.10041062129846914,050707
2023-01-15,0.5029487289211948,0.5413606737401565,0.5223807276706334,0.482084825214452,0.4704908904390642,0.44119227582703185,0.34331543857592295,0.31102966371612245,0.12463550813842153,1A3-001
2023-01-15,0.2741629442100329,0.3138991748710736,0.29700075949367094,0.2796858602906705,0.2905223816221285,0.30424655414908586,0.30259271448663855,0.29300578527894994,0.13252645100796998,060315A
2023-01-15,0.5459060469314078,0.645254774368231,0.6311028880866425,0.6200821931407938,0.6354382671480143,0.6338880956678696,0.6368950180505414,0.6033155956678699,0.18930489169675094,1A1-087
2023-01-15,0.7303701560156026,0.7266483545854575,0.7126456573157317,0.7058208715871588,0.708523193569357,0.6888664618961896,0.6762702185218522,0.6362938901390139,0.19925397114711504,1A1-059
2023-01-15,0.8068861625269896,0.8248388880589925,0.8084218728356674,0.8027244938006706,0.8079196436574009,0.786064635305621,0.7716331572443205,0.7185497182123128,0.2176773205046377,040576
2023-01-15,0.5564631792457789,0.5680599798121867,0.5579339016537759,0.522123577644149,0.5178257777331292,0.4875603926577595,0.3904105378473664,0.34895843463118975,0.1278281653487181,070859
2023-01-15,0.5515608007078301,0.5370816638656252,0.5165658730121576,0.4966035700408685,0.49890227469559173,0.4928663481749534,0.4907229379573158,0.4614635468210908,0.19440662372256104,1A1-105
2023-01-15,0.6341671958898655,0.6280814289644607,0.6068198158847333,0.5966984027475102,0.599513974027259,0.5837115548095315,0.57631210134377,0.5415421876207532,0.17550224054307229,1A1-106
2023-01-15,0.7023716489924234,0.728889774474774,0.7106335052165192,0.6658580294411878,0.6494265748177785,0.6001094583392879,0.48920527311704964,0.4423187274546235,0.1293869847077317,040874
2023-01-15,0.6117026880014983,0.6409682551651339,0.6284883800747788,0.6095255378343104,0.6063058123027159,0.575906208560627,0.5138255248337228,0.4735151326839974,0.1511262372659244,040852
2023-01-15,0.793992406621332,0.8114386862736617,0.7978224899293977,0.7592073071425476,0.7433224776569792,0.6990790881592827,0.6194486965969308,0.5656385314246121,0.17039760182498073,1A2-077
2023-01-15,0.4310078091784419,0.522963323746405,0.5139706765036888,0.48669471676878834,0.4899872827310243,0.48806648118044277,0.439430336376141,0.4054707327747905,0.15788134300362627,050669
2023-01-15,0.5264916116697538,0.499113564632649,0.4672241316733638,0.4407142887875697,0.43579001276899915,0.42021850151631895,0.3967902785584913,0.3700204789762587,0.1450597554459086,1A1-109
2023-01-15,0.6895933825168447,0.6904298385798509,0.6781281454329308,0.6654040119749357,0.6692034674063809,0.6552991145730144,0.6481460134114331,0.6041982858009707,0.1757072128244506,1A1-089
2023-01-15,0.7575054103327858,0.8078690581347578,0.7865108103944124,0.7453247303820871,0.7302615845829907,0.687305786513969,0.5865378427999182,0.5362393937448646,0.12280813090591622,050706
2023-01-15,0.5647116674550439,0.5413706018285168,0.5163810440689532,0.4951259001062374,0.49981000178354057,0.49869956652217406,0.5021079088378294,0.4769449118698479,0.1735269787603621,1A1-017
2023-01-15,0.5014307068851932,0.5392568063402076,0.5255959435450066,0.48892968179186713,0.4840517896712118,0.4562603497494654,0.35640433593516074,0.31651436228614777,0.11792783422833532,1A2-066
2023-01-15,0.7759476519513755,0.8749693793985923,0.854389989336746,0.8587600895713363,0.8671264278097678,0.855440115163148,0.8792706931115376,0.8206656216677334,0.20631564512689268,1A1-102
2023-01-15,0.5682926670246771,0.5696035430288198,0.556742339000629,0.5522537527612144,0.5584417464351007,0.5492909644368411,0.548941915291365,0.5155828763141713,0.17440115800332529,1A1-110
2023-02-12,0.7140676884716922,0.8540558032658648,0.8372388872592161,0.8180029285225386,0.828632340862423,0.7939415468856952,0.7701723183729344,0.7239700400899581,0.17143002346729244,1A2-076
2023-02-14,0.8136946654153934,0.8636583536745468,0.8526901632807857,0.8508020096470844,0.876527831156579,0.8654893488218298,0.8665824543659865,0.8267249146641508,0.22580204660163924,1A1-071
2023-02-14,0.7314869118766876,0.8345528301451414,0.8314373306874034,0.8352900546876804,0.8652693564390701,0.8557354685372772,0.8611024897893257,0.8233527586127329,0.21340323741837233,1A1-107
2023-02-14,0.9309237093437787,1.023379725804322,1.0076242242859021,1.0117547092997663,1.0377565622111702,1.011960741164562,1.008821207253202,0.9564538906738269,0.24918296069715265,020059
2023-02-14,0.7832688299232723,0.8629177674765562,0.8436003356777488,0.8400107992327368,0.868374001491902,0.8610023316283055,0.8502796025149189,0.8164271366155158,0.21670195225916447,1A2-078
2023-02-14,0.6864842262518029,0.9295740984957757,0.924787811662889,0.9276325056665983,0.9594857613847105,0.943250175149392,0.9516872965176179,0.8954109519884608,0.21637394395219453,030171
2023-02-14,0.8972112887236675,0.973223143919278,0.9553149707912907,0.9492205930253134,0.9654155832890773,0.9386997309258268,0.9203123774119311,0.8740286599398123,0.2233568897149937,1A1-102
2023-02-14,0.7840488230121433,0.8572040467412991,0.845317335204789,0.8429288615686408,0.8696613826225179,0.8504578330571247,0.8492826580309121,0.8149646362498728,0.2105005529813645,020138
2023-02-14,0.8719371823072072,0.9527044014199529,0.9345573709083783,0.9299475379489086,0.9489561404272925,0.9260524032493408,0.9139933031339158,0.8711935840756152,0.24404508134242223,1A2-028
2023-02-14,0.6024182932635085,0.8138750535586764,0.813767472030469,0.8110668531302072,0.8443218638419423,0.8251275886693643,0.8294906331825757,0.7893737919542967,0.2182602475601047,020197
2023-02-14,0.8568978269803759,0.9664097811568891,0.9543297749922943,0.9609188533853897,0.9885892273708008,0.9645360628788662,0.9664943799445191,0.9147399619849993,0.22090298982841888,030172
2023-02-14,0.8109002898550723,0.9451368115942025,0.9324425672877846,0.9403085714285716,0.9719887453416151,0.9545941035196683,0.958040621118012,0.910641813664596,0.2476381946169772,020058
2023-02-14,0.79014251616493,0.866903786526986,0.8449331193998353,0.8406994483777501,0.8668287380801633,0.8583427041961663,0.8580308889272623,0.8152421909476388,0.2177843828546212,1A2-066
2023-02-14,0.782658966649523,0.9069472682675952,0.8959321359338525,0.8898627685247456,0.9165107093405074,0.9061898326541916,0.9079342327016654,0.8626802626894018,0.22431622819163663,020188
2023-02-14,0.8475020399669501,0.9186384576307501,0.9023953214799414,0.8969043700462099,0.9218771900725286,0.9008909251155244,0.8936992606420417,0.8527678856688193,0.21547763993022623,1A1-029
2023-03-21,0.8804459208608202,0.9770197208209668,0.9555508405784959,0.9474539763610252,0.9770181938312142,0.9536828790468902,0.9068169741271725,0.8512499260626533,0.16703314280919979,1A2-078
2023-03-21,0.8761950462124809,0.9914338685088134,0.9686501181514996,0.9632103630300146,0.9866147679847541,0.9608568556455452,0.9183010328727976,0.8615748899475933,0.1758793063363504,1A2-066
2023-04-08,0.2977923135080645,0.35518780241935477,0.3563229712701614,0.3387668598790322,0.3320797631048387,0.30780829133064513,0.2649114289314517,0.24203868447580645,0.12692809979838704,1A2-076
2023-04-08,0.31383715225845055,0.3730882889620102,0.3728466945857016,0.35361473227639834,0.34232405025426266,0.313952019144481,0.26952240502542635,0.24450273706251868,0.1276677086449297,1A2-076
2023-04-10,0.22460660553532133,0.23711128340187762,0.23521157741680285,0.2259223287407607,0.22439260169352537,0.21062728511963738,0.18691581194448975,0.17705346599049196,0.12184933463531465,1A1-110
2023-04-10,0.22186556174831346,0.25502070499657764,0.25318118705387693,0.23932788207685537,0.2366807910433167,0.21830215605749484,0.19522733939571724,0.1839863938593918,0.12547436198298628,1A2-076
2023-04-10,0.3836146124993395,0.42339908077552935,0.4244992683184529,0.3940493766178878,0.3790329098209098,0.3231278038987795,0.25820329917058465,0.23134133340377191,0.12460873263246866,040186
2023-04-10,0.5041636705774262,0.5623792688529228,0.5518160046646409,0.5024568043678,0.4790590306735457,0.4010835518411194,0.29656738815463984,0.26459966252031936,0.11300805710650927,1A1-102
2023-04-10,0.22227928620303777,0.23451983157399536,0.23354634780005532,0.22508511411342932,0.22456095749078733,0.21213526308099093,0.18923092573717518,0.17950324485562982,0.12266676972038301,1A1-110
2023-04-10,0.49151870626899435,0.5481019294649797,0.5398268835253375,0.49412328433104813,0.4709208742667325,0.39724171849600654,0.2964826878224608,0.26543447240087636,0.11370237295921973,1A1-102
2023-04-10,0.4415333152678214,0.47661756008835787,0.46893256144326995,0.42826305643830276,0.40756411655539976,0.3467708792156284,0.26881043078034783,0.24030165217319924,0.11691141535075837,1A1-105
2023-04-10,0.49219130760089763,0.5576184014788083,0.549690350336693,0.49277810395669214,0.4591344285022666,0.3680477267725891,0.2733194929800626,0.24144293164913525,0.1129392170238986,020059
2023-04-10,0.3522259427158459,0.47608481351741183,0.47222776633010505,0.4301073665773747,0.4054690500721203,0.3313197094580672,0.25761675252421185,0.22843517411910147,0.12340621265196787,030171
2023-04-10,0.6278686970196363,0.6861722412511712,0.6807928662982942,0.6235214759642832,0.6045799770575506,0.5220493957411048,0.43426728223521877,0.40338830042761276,0.11799640191294782,040874
2023-04-10,0.43597218219461686,0.5108834616977225,0.5108843229813664,0.46392489440993795,0.44242132505175974,0.36090222774327113,0.2787775072463768,0.24977790476190473,0.12139735817805383,020058
2023-04-10,0.4178162862430599,0.497313766079466,0.4936542851920396,0.44356252427628123,0.4182173304087553,0.34118064980464724,0.25814637512280947,0.22929396120364648,0.11859922315900101,1A1-107
2023-04-10,0.40476018333749064,0.4908965702170117,0.49078724120728395,0.4440428099276627,0.43390973434771785,0.3806573522075331,0.3124633325018707,0.28705218882514355,0.12886368795210779,050669
2023-04-10,0.4390929116684864,0.4746877241978528,0.46970116794188743,0.42867087415367044,0.40803643316694915,0.3463068389026317,0.2691683024354782,0.24031719906730142,0.11676625351313488,1A1-089
2023-04-10,0.43398665540850556,0.49590132650501484,0.4897696231575475,0.4438079229305483,0.41682784253259647,0.3332178600928802,0.25000924270513997,0.2208793284262438,0.11580268299099963,1A1-029
2023-04-10,0.44312886277586716,0.47077748398602176,0.47017046267981266,0.43901885083486863,0.4245931719030529,0.3595656125412109,0.2826671844288486,0.2534777540521875,0.1126238059868105,1A1-103
2023-04-10,0.39342119848177004,0.4313661595675344,0.4280899796802518,0.3951888732124376,0.3817900532914165,0.3343572955564929,0.2688511597592299,0.24365763370777926,0.11940719319096733,1A1-017
2023-04-10,0.5111038439040699,0.5512569110753494,0.546537972704507,0.5001154616054364,0.4816290735005136,0.40066451801594155,0.3007607897524649,0.2688966518139943,0.1131588273666564,060182
2023-04-10,0.26391423212888276,0.29097027282294824,0.28441102175927174,0.2733255435320363,0.26949380683811436,0.2506822327765336,0.21602637378452996,0.20110515781993496,0.1277692716625738,040707
2023-04-10,0.43952316111223894,0.46356216672582384,0.4558250981257051,0.416247878107027,0.39487507176357445,0.32933226448969477,0.25478477750707285,0.2263839383987675,0.11464745148851273,1A1-109
2023-04-10,0.3466472179097909,0.37200182602140075,0.36631968366443945,0.33947885384975246,0.32327726949012653,0.2744983152211163,0.21841018823396222,0.1969758901407361,0.11417313531569533,1A1-106
2023-04-10,0.2693023630946265,0.3140844446727629,0.30749397410870244,0.2928776636186171,0.2863422274735437,0.2535475803965889,0.21822673892941544,0.20158911949039351,0.13246636186170763,030172
2023-04-10,0.3465805732972252,0.4087603597159063,0.41324823463287513,0.3906771447549947,0.3799643605334423,0.3339813397373665,0.2741460017372644,0.2512957692504215,0.13103679934597104,1A1-103
2023-04-10,0.3357856074006527,0.3628786253419617,0.35803639240158686,0.33390047242883364,0.32654181214911165,0.28426409760599436,0.23830223909293688,0.21731914984783413,0.13090707654445774,050215
2023-04-10,0.6376337281494455,0.6780265145348444,0.6740390126377946,0.5967003490569949,0.5698808991321861,0.4623867772243753,0.356777935941833,0.32120616092493204,0.11442848746568052,1A2-077
2023-04-10,0.46323300948997775,0.5041369439879126,0.495904708540982,0.45799149082811963,0.4394348087424447,0.3753099850227966,0.2828366113084509,0.25209497667267533,0.11262273552645526,040576
2023-04-10,0.3483754820280885,0.49398871697214947,0.49875073791954283,0.4579116995953343,0.4407368483694359,0.3674492144727446,0.2961746488931206,0.2670663770530826,0.12676014044275172,020197
2023-04-10,0.44628578955041864,0.4878109671561875,0.482883053228714,0.44894143516064,0.43218079273141746,0.3717096317993849,0.2834264645848799,0.2534931548881348,0.11383845827589857,040576
2023-04-10,0.5772937448855571,0.6361735483539632,0.6295911670347366,0.5649900326982005,0.5432563271874403,0.4491850413435369,0.3460099525790495,0.31171730676390497,0.11618688066012703,1A1-052
2023-04-10,0.7480220754043168,0.8257159877047093,0.8123143729911739,0.759097677414417,0.7462482577419519,0.6771263736544044,0.5944292229988272,0.5602849535737967,0.11832525508902607,050706
2023-04-10,0.5344047891740802,0.6056383440706276,0.6160476769949208,0.6050719057845041,0.607353652384361,0.5598280567201827,0.4913246821420049,0.4593880219518016,0.12957164331731263,040887
2023-04-10,0.4616711432999494,0.48289906016531525,0.47421034712287413,0.4480694834386423,0.4438193138014625,0.3962721742866807,0.3122597299217134,0.28684804110038165,0.11158660064973784,1A1-059
2023-04-10,0.4147546234439069,0.4656858900273731,0.4604466654780757,0.420793414856688,0.4012034252393787,0.34823011295109674,0.2773218456020389,0.24871758660108448,0.12444803410556798,1A2-078
2023-04-10,0.30856735146898784,0.33270516213275275,0.3236814776931448,0.30642822198041353,0.297554359085963,0.265147366702938,0.2183108269858542,0.198742463547334,0.11720597606093577,040704
2023-04-10,0.49877425485755134,0.5350458266777922,0.535926063654786,0.4877879527953272,0.47433835498867577,0.4054740274168555,0.33302127929431397,0.3043086394087494,0.12475419477887713,070859
2023-04-10,0.21891006094702306,0.3211795405532115,0.3230263947491797,0.3078355555555556,0.312882306610408,0.3026115236755743,0.26054195030473515,0.2455393717768402,0.1453444256915143,060315A
2023-04-10,0.5142089658675729,0.61146899361116,0.6076585643670755,0.5424314948322687,0.5204741378973491,0.444798450657445,0.35362931832835137,0.3231049176484382,0.12324322333587316,1A3-001
2023-04-10,0.45466115976628935,0.4863830985738515,0.4795911469916863,0.4493598534062108,0.44309768172394287,0.39108603840757217,0.30444830977361736,0.2781182957424975,0.11745555192561424,040850
2023-04-10,0.36753583690987096,0.49906364647909707,0.49437696709585127,0.4409503973931011,0.40881243045620724,0.3280463201398824,0.2491193053568591,0.2185387458273724,0.12348760928310283,1A1-087
2023-04-10,0.4709418988490371,0.5429541573141022,0.5358042599933135,0.484555213716032,0.4648927885763402,0.39169463680213956,0.3030246993648215,0.2707335154496395,0.12076417498447878,1A2-066
2023-04-10,0.453911828137222,0.487720382165605,0.4874083193652923,0.4639758352888593,0.46532504190412355,0.45639017208626653,0.4044820315119008,0.3819702760084927,0.13345474913398145,050707
2023-04-10,0.4440262285686996,0.5108987840871098,0.5088578528105453,0.4660266755814507,0.44842958211948963,0.3842775786809303,0.3036201623764266,0.27289800659057245,0.12246485887578193,1A2-066
2023-04-10,0.4935091512947266,0.5530245290415313,0.5401086569244508,0.496094707842411,0.47896344926715584,0.41021026417231105,0.3050283620445586,0.2731436221878606,0.11494728096347756,1A2-028
2023-04-10,0.442487926071439,0.49375803032218546,0.4897275535111695,0.43948823629520767,0.41521485913506884,0.3378365091559777,0.2555777494675627,0.22649265139211702,0.11885905581110374,1A1-071
2023-04-10,0.4493419149373336,0.4882275960049509,0.48438346304379454,0.45406530090655256,0.4474070815396878,0.39104063704290243,0.30611501500899546,0.2790948994472476,0.12054685663026753,040852
2023-04-10,0.4131806930023338,0.4848503652720936,0.4831031200324686,0.4311846991578446,0.4023503128487838,0.318527679507559,0.23831054892278547,0.21014239862008316,0.1136828220651402,020138
2023-04-10,0.39896769884843986,0.4176669951511893,0.4095199815514631,0.3823378716040774,0.3714680222180029,0.3331677512117697,0.26566630610526926,0.24406755164159832,0.11500047551797633,040826
2023-04-10,0.42452103888910847,0.5140261660798354,0.508485077343039,0.45162719863907896,0.4220987419393124,0.3378298769632471,0.251356011393757,0.22093900779364645,0.1159981485144598,020188
2023-04-10,0.37070168456887936,0.40858673475377116,0.3999544227270058,0.3754134383987793,0.3619446440100955,0.31448205963491216,0.24617374537770748,0.2215201033045724,0.11880525033750075,1A3-048
2023-04-13,0.11790809132687982,0.12017623447736385,0.12189172289038817,0.11483201329813239,0.1187315097291483,0.12017540334408922,0.12168402757406868,0.12382762784785377,0.12364801994719862,1A2-076
2023-04-15,0.10324170082691364,0.10414795215209548,0.10832073998162418,0.10413333451127291,0.10242571559827544,0.10159627888896734,0.10313796558060638,0.10431684571347792,0.11189351720969684,1A1-102
2023-04-15,0.10692164960723638,0.10128509878600332,0.10851686503213516,0.11136680552249463,0.12108653891930492,0.13386333015948582,0.1430272078076648,0.14732104260890258,0.1394273625327303,020197
2023-04-15,0.10301034141709853,0.10039729002650631,0.10347283696641216,0.09934253273727098,0.10062512165209475,0.10296931993511885,0.10601982830240936,0.10836350832772879,0.11580758396961663,020188
2023-04-15,0.09840514114980423,0.09456388831650527,0.09664290129816609,0.0979291572223367,0.09936117865237998,0.10219997939418915,0.1063073562744694,0.10757773542138883,0.12249905213270135,030171
2023-04-15,0.10828126622947941,0.10409318691958987,0.10678105937238676,0.10889185335152504,0.10803213766999692,0.10582451916729023,0.10672485806082481,0.1077819000044012,0.11234122837903257,020059
2023-04-15,0.10537142422295138,0.11024674468157068,0.12443109886021575,0.11064639124699832,0.10678486826529571,0.10190015050563123,0.10378614164440088,0.10494394595325868,0.11186525856529236,020138
2023-04-15,0.12095582681795401,0.12365624496373885,0.12777727421216542,0.12857965241631647,0.12835584641853778,0.12618140122394758,0.12517940632009936,0.12689973865888457,0.12568061066707314,1A2-028
2023-04-15,0.09666704112287917,0.09502080679405525,0.0977852989225206,0.09969192226974305,0.1009638943446098,0.10010343006785495,0.10200320062164632,0.10453483360560963,0.11381171277005823,1A1-029
2023-04-15,0.109043784679089,0.0986588157349896,0.1025758592132505,0.10498249275362316,0.10821386335403725,0.11074295652173914,0.11371812836438917,0.11689560248447206,0.12008100207039338,020058
2023-04-15,0.09874500879658181,0.09876627139168782,0.10183152832042403,0.10164025407270315,0.10500482555349909,0.11209593529371445,0.11536710306852198,0.11827094614664013,0.1178380743482533,1A1-107
2023-04-15,0.09861263427439494,0.09829529093456586,0.10160318500743515,0.10072864305691989,0.10402632878639034,0.10994815142877085,0.1141223294091121,0.11574428840610053,0.12000333156179709,1A1-071
2023-04-15,0.1020310695571766,0.09539641426076238,0.09825598479399981,0.10084556662899415,0.10381360834275145,0.10350603616562211,0.10796118360217817,0.11029472927155039,0.1256221771293537,030172
2023-04-20,0.09014768843560858,0.09434476100148645,0.09568792690036881,0.09468854687589806,0.0953281723449857,0.09900663620164382,0.10453046050632707,0.10519408888231963,0.11438343679944817,1A1-105
2023-04-20,0.11220684696192226,0.11492641002488606,0.11497476160063425,0.11514595106481379,0.11833822538375131,0.12235537692426272,0.12568651309269502,0.12666107208139712,0.12284047393573694,1A2-028
2023-04-20,0.08653312618766372,0.09023755670826689,0.09054772396555558,0.09267201273689069,0.09203212195915284,0.09072781504117243,0.09362674610103924,0.0949416455241127,0.10775435502371035,1A1-052
2023-04-20,0.0872684538035638,0.09228102165143215,0.09268288355481989,0.09374725913666479,0.09329351709194643,0.09391391282807882,0.09820723365798692,0.09885100662554507,0.11088035882471428,060182
2023-04-20,0.09220160651115797,0.09566440052841099,0.09671878548229328,0.09614707349581683,0.09862503361674842,0.10513838574590761,0.11186707243190223,0.11258683701122732,0.11547335662124332,1A1-089
2023-04-20,0.09101342901418547,0.09753459911789247,0.10186357992609373,0.10217490857074757,0.10737933722732154,0.11600441196805354,0.12714840672308989,0.12781946072237454,0.13484263773989738,070859
2023-04-20,0.1123739130434783,0.11409980614788146,0.11540102860307791,0.10884973295881627,0.11293212802152157,0.11870754440795987,0.1234130513905923,0.12347831229971909,0.11980227479526838,020188
2023-04-20,0.08931695283468329,0.09175476512625058,0.09373566650786098,0.0940142772748929,0.09644776083849452,0.1028701743687469,0.10840599237732254,0.11182068985231053,0.11939899475940918,1A2-066
2023-04-20,0.11312225359027869,0.11448552841536765,0.1162340002454892,0.11691553946237876,0.1293508162513809,0.1437643304283786,0.15643404934331656,0.1585916288204247,0.14205791088744327,020197
2023-04-20,0.09187983718373165,0.09386974042962758,0.09369165894401849,0.09495940588748893,0.09507271009824425,0.0959376265297549,0.1004480105365726,0.10187941762790036,0.11213104415169577,1A1-106
2023-04-20,0.526663477193342,0.5848560410972921,0.5651235973283839,0.5414347909328733,0.536346732823758,0.4980548572848314,0.4364227175072711,0.40773402072402554,0.1327094427312453,050706
2023-04-20,0.09406478548266405,0.09622914068346222,0.10028800199551009,0.09899309678223997,0.10662677725118487,0.12410069219256678,0.13498626216013968,0.1374019768021951,0.12462376527812427,050669
2023-04-20,0.11280883790898828,0.11712111427496913,0.11792895825498313,0.11397376564766558,0.1181321871810025,0.12816796862407992,0.1362080212754526,0.13619567506581418,0.12841754150325038,1A1-102
2023-04-20,0.09713216450461674,0.10379756415340173,0.10569283974395284,0.10273643573330307,0.10470537585679486,0.11204852433014219,0.12059116297513166,0.12090482071036082,0.12430205630770974,1A1-102
2023-04-20,0.08852456342941728,0.09401974236201963,0.09495924381804938,0.09442559760515758,0.09347014813446965,0.09328325223085984,0.09678651011418477,0.09695547807979171,0.10719941386015687,040826
2023-04-20,0.11487456793046294,0.12158554807724825,0.12996580478235872,0.11803588121892646,0.1173806355058003,0.115957532045862,0.11870751006189323,0.11880788209828529,0.11540558392802788,020138
2023-04-20,0.09458992704866066,0.09753238672406767,0.09992136045160664,0.1027527904689272,0.10799861331869806,0.11315838441471401,0.12161234167741741,0.12317032837012395,0.12570983934311725,1A1-110
2023-04-20,0.09413476667895108,0.09660807730026953,0.0963882108267897,0.09824607397564324,0.09879774461786664,0.09861362029760896,0.10272753279795592,0.10341076866136721,0.10998168165317782,1A1-103
2023-04-20,0.11452038939689717,0.1130273194287476,0.11127166341313056,0.1118545207027638,0.11766848350970928,0.1206725059077366,0.12773516901263737,0.1283229117435529,0.1349908455769033,030172
2023-04-20,0.09741642756680734,0.09659037974683549,0.10109900609470232,0.10320836380684487,0.11501595874355369,0.13548505391467416,0.148282972339428,0.14906553211439297,0.14502096577590246,060315A
2023-04-20,0.09140609967578975,0.09791594769552242,0.09932188849753865,0.10108987624002311,0.0998895019441841,0.09841287092986926,0.10230017503042844,0.10318392089701747,0.10974536573281188,040874
2023-04-20,0.090328104657048,0.0948995860624314,0.0958796238480158,0.09927079485033602,0.10155104812400077,0.10323894771657798,0.10975353726189828,0.11073210622058964,0.12153744431136534,040852
2023-04-20,0.08841292035768859,0.09354934681996198,0.09439356746455581,0.09490989256769507,0.09439641682896693,0.09577083160562065,0.10054264832150117,0.10112441247303705,0.11154768277104135,040850
2023-04-20,0.0841361115995546,0.0895203973975734,0.09112622355078834,0.09279396674677139,0.09552603403473808,0.10238157786765137,0.1076269620772522,0.10929025262294124,0.1165772248598167,1A3-001
2023-04-20,0.10091792508833922,0.11034241413427566,0.11989046501766794,0.12278876042402838,0.14123010035335692,0.16753712508833926,0.1889821568904594,0.19009550247349827,0.181332067844523,050215
2023-04-20,0.09205882717814975,0.09469014159737286,0.09487882552405491,0.09514782710578273,0.09508200172990701,0.09676707214953015,0.10133744283897739,0.10253377660765921,0.11150616253545097,1A1-109
2023-04-20,0.09337148311006586,0.10151938848553022,0.1094110304393769,0.12109822408562568,0.13552674779288953,0.14080998397927535,0.159586072195521,0.16133268227835157,0.16412290622763062,040887
2023-04-20,0.08685168941742161,0.09181326696868543,0.09169108547925632,0.09401938533222062,0.09287151833969154,0.09155981387100633,0.09503475401367036,0.09545941002026698,0.10597515473493871,1A1-059
2023-04-20,0.10947313939843112,0.11082398245939103,0.10993134086838363,0.10978626212093141,0.11309596936569691,0.11632581619418192,0.11980149836328814,0.1206338712865171,0.11996319807300351,1A1-029
2023-04-20,0.11611149003147958,0.11269676810073458,0.11113678908709343,0.11057384050367262,0.11572110178384053,0.12003017838405036,0.12560804826862543,0.1259197481636936,0.12842733473242393,030171
2023-04-20,0.29046656059063136,0.2956197492362525,0.2951047734215886,0.29149218431771895,0.3015279276985741,0.3257751209266802,0.3306804162423624,0.31871478487780036,0.16259385819755598,050707
2023-04-20,0.09043764181953118,0.09181732915385442,0.0923583898844237,0.0932776077563355,0.09311653125331358,0.09248541512034775,0.09638611957904776,0.09765443086629202,0.11063156412363495,040576
2023-04-20,0.08627674699006938,0.09347702117936542,0.09414352052025667,0.09465856507601746,0.09435757131558122,0.09478866438175587,0.09815118868090335,0.09885058440987787,0.11141741453554795,1A2-077
2023-04-20,0.11371626625897875,0.11402649485536794,0.11102575713453691,0.11118518006212379,0.11323867938264418,0.11591269899048723,0.11900748641040577,0.11918438652688798,0.11700379295282468,020059
2023-04-20,0.1141544172103685,0.11258741844471873,0.11080029095397635,0.11145867571856813,0.11622697936871802,0.12529599717862813,0.1312940751190266,0.13314977958032095,0.13021433609592656,020058
2023-04-20,0.09363427519840509,0.09617000345052339,0.09852267530575477,0.09885413411034025,0.10452580608058892,0.1124230257255685,0.12108905187286763,0.1223892474025228,0.11936796227427841,1A1-017
2023-04-20,0.11401109135820951,0.11615496088925481,0.12061125977768633,0.11651475728882076,0.13104735581421467,0.15937734945170104,0.173628346869269,0.17460392417380896,0.14830273775216157,1A1-071
2023-04-20,0.09648877761882053,0.09569143220473693,0.09791220791607055,0.09627924813225247,0.09809888729931648,0.10183497854077253,0.10532084724209186,0.11048587664918132,0.12144278334128122,1A1-087
2023-04-20,0.10941045993556779,0.11123483217949595,0.11122661822834555,0.10866314346425378,0.11360769301071592,0.12296157150364437,0.12795275664313302,0.12871797472981922,0.12044818927502454,1A1-107
2023-05-08,0.1533080571037452,0.15574464652390724,0.16469004106776178,0.15767580424366873,0.16377743717610246,0.16102510511391416,0.15242036276522924,0.15547621981030604,0.1509715801310257,1A2-076
2023-05-10,0.12191638095238096,0.12555065010351968,0.12435233126293989,0.12251028571428571,0.1285098302277433,0.1364876935817805,0.1390905507246377,0.1392981697722567,0.13120901863354031,020058
2023-05-10,0.14624805867944174,0.15296556778043932,0.15303509669386822,0.143917188366963,0.15514777583803613,0.17020352807437777,0.1711372714600841,0.17088632752764152,0.13642827872734906,1A2-066
2023-05-10,0.13353178779127267,0.13726348459073465,0.13810589864303516,0.12496988566681172,0.1288521739130435,0.1348016971950785,0.13463426830715672,0.1340249396684733,0.12238497843889706,020188
2023-05-10,0.16173163702574503,0.16734962948848217,0.16620903709349572,0.1595753429878047,0.17457940294715418,0.19028170011856332,0.1999688478150403,0.19850486492208633,0.16728007029132777,1A1-110
2023-05-10,0.1262332452259895,0.12884397657813104,0.12689275684208592,0.12180408597808347,0.1260238183520256,0.12937042958448816,0.1277962175027688,0.127983886145732,0.1202487025581725,1A1-029
2023-05-10,0.14184079269987682,0.15037841805714938,0.15153456332546944,0.14708617221077797,0.15746787788936478,0.16566636326702283,0.16958496746234825,0.1666781140635354,0.14116132973150203,1A1-110
2023-05-10,0.1338049000644744,0.1377846179395503,0.13620824687884658,0.12979647539222003,0.13730754352030952,0.14754717582009647,0.1464763749682512,0.14642263056092852,0.13135245296289796,1A3-001
2023-05-10,0.1282529281094147,0.13269270640503522,0.1313719668096784,0.12767196463183572,0.13279935971426704,0.13764658187599357,0.136635487945641,0.13584169261929133,0.12513982620815822,1A2-028
2023-05-10,0.15555720871085674,0.15954506437768237,0.15710849626450488,0.146270577014783,0.15355782864409465,0.16204309330790018,0.16054776665077097,0.15963666348752184,0.1336991972659355,1A1-087
2023-05-10,0.13422189200650247,0.14026371298324977,0.14034604742384615,0.13215337833062402,0.13583581525196123,0.13962292564845563,0.13676682804438467,0.13623729768888254,0.12554111421301853,1A1-102
2023-05-10,0.15738833288271287,0.16498409668523253,0.16837682366300785,0.16129750283891212,0.18027780781917482,0.20622494241064201,0.22238676796625761,0.221810795436111,0.1891053944735848,070859
2023-05-10,0.16131515330733529,0.16633393276285874,0.16444655220211793,0.15568025578945419,0.16882731439554932,0.1864717781433087,0.1934115234627683,0.19177439887630066,0.1599929787273365,1A1-106
2023-05-10,0.13931863336685665,0.14698773605989493,0.14927006369426749,0.14495111744328978,0.16126467761761093,0.1939178008716058,0.20809531232539946,0.20784667560621292,0.17801537601966697,050707
2023-05-10,0.17527702160946512,0.18803056614843064,0.19004858707343314,0.1744721863694144,0.18667196636354752,0.20246749291092206,0.20144837684560482,0.19590769042730027,0.13678036569864088,1A2-076
2023-05-10,0.14481252915400383,0.14903532228426036,0.1480259611986713,0.13891304685843517,0.14416632447522792,0.15130190296133988,0.1494750229698212,0.1485560145593328,0.1288235564350837,1A1-102
2023-05-10,0.14375186824431807,0.14835965814258495,0.14502790916587202,0.13807069126529953,0.14338682790891755,0.14868835265657288,0.1460535328246702,0.1433013948497853,0.12145049823160078,1A1-059
2023-05-10,0.16260365316817538,0.165723278704145,0.16339966079085289,0.15263036874702243,0.16404288423058608,0.17955505764649854,0.1798283544545021,0.17863882229633168,0.13586777417817994,1A2-066
2023-05-10,0.14679103753578562,0.15441872746792495,0.15264597603647556,0.14472035772982705,0.15111827285017498,0.15536794679779434,0.15257673298165597,0.14844385338246197,0.12294927764818152,040576
2023-05-10,0.1668262655593234,0.1700639653176842,0.16616502528072774,0.15644128170243873,0.16582538225678717,0.1744865149146141,0.17449760797612038,0.17116098848660838,0.13819485247832358,040576
2023-05-10,0.15615198405091424,0.1597934769773418,0.1577642571790057,0.1469255062684509,0.1574107955373232,0.17095824483379982,0.17375154161714554,0.17059839665682638,0.13552322355557275,1A1-017
2023-05-10,0.14919483246412393,0.1554011214507277,0.15846082762381974,0.15639451886695976,0.17375757916624054,0.18662567747213418,0.19792856801990655,0.19795370692299824,0.18114681460272014,040887
2023-05-10,0.14982070035972356,0.15333646212415192,0.15226646600455174,0.14205372570817315,0.15334159473943648,0.16913027131335823,0.17046868202745658,0.16890678021205877,0.13330444043586345,1A2-078
2023-05-10,0.12167510012763512,0.12722507592095422,0.1247654328594693,0.12296394965010334,0.1253843492804015,0.1262840081862594,0.12633441089740763,0.12473572245939878,0.11999326834206249,020059
2023-05-10,0.13733160586912369,0.1423041969619622,0.1404910031594485,0.13328691691615735,0.13967809839820097,0.14693329079344947,0.14391126019232645,0.14219493694899352,0.12470113512506742,1A2-077
2023-05-10,0.1621472417393769,0.16715401837070595,0.16510633594676408,0.15550542803037007,0.16798974390740318,0.18723110454312175,0.19391734244199438,0.19225154947524917,0.1570443427782596,1A1-109
2023-05-10,0.12152724523237596,0.12496236567505291,0.12430157494481138,0.1183386748874344,0.12354821645644708,0.13151647443814485,0.13236733314531873,0.13201589969755625,0.1210763033774519,1A1-071
2023-05-10,0.15107269167296025,0.15740893401583167,0.15574184218623247,0.1471915135240971,0.15766994489664612,0.17203481860647238,0.17558099074151762,0.1739806494923217,0.1453468826046824,040850
2023-05-10,0.1652682741002597,0.17460579827473005,0.1735052117908445,0.16411749646940316,0.1737668708566083,0.18200180532692867,0.1800156641570194,0.17522528627069997,0.13613060870190957,040707
2023-05-10,0.11658081389599982,0.1244322031663719,0.12701270833562234,0.12374760874103212,0.1341067557323196,0.14473707357804422,0.14877839022621667,0.14832085608499315,0.1402919005921841,050215
2023-05-10,0.1556960835246265,0.1628178385888606,0.16173629535661066,0.15705241633442063,0.1711401816278039,0.18538631347911871,0.1934442068382264,0.1923318493012766,0.1723077785832225,040852
2023-05-10,0.14645495914207876,0.15305806967751776,0.15076358978266263,0.14402849387607383,0.15051825558582066,0.15662619287986435,0.15603663688832167,0.1547818282252996,0.13245457437284516,040874
2023-05-10,0.14211298640412562,0.14686664791373655,0.14613858415377398,0.13903330520393814,0.15250996718237228,0.1740629817158931,0.1819371964369433,0.18423690576652604,0.1576561181434599,060315A
2023-05-10,0.12605028254392284,0.12891538066372144,0.1275327648207131,0.12356276584814548,0.13147655912873732,0.13562870646255018,0.1387024658378712,0.13820550703791218,0.13689362991883283,030172
2023-05-10,0.15470234532114643,0.16037461200260741,0.15935106031816473,0.14801443669297223,0.15925341673485796,0.17742587481449626,0.182441170025381,0.179976349842582,0.14817844135310176,1A1-105
2023-05-10,0.13493268894986288,0.13963923048141685,0.1390362185083562,0.13048974183088052,0.14033204664504864,0.15941107508106764,0.16567659640808177,0.1651867735096034,0.1330027438263907,050669
2023-05-10,0.12936096154496546,0.13305073223526215,0.13290385903202884,0.12400138160787355,0.126682505834207,0.12897847093042916,0.12772714005479077,0.1270172303581695,0.11679829539689518,020138
2023-05-10,0.1575873396731374,0.16361816793539863,0.16151480598810702,0.1537144820565028,0.16310045581804303,0.17317660673931962,0.17640185103773826,0.1745907957148476,0.15287163978805612,040826
2023-05-10,0.1295942275648655,0.13272871935253508,0.13424814329921447,0.12757698167103068,0.14232505355867653,0.16077729112116165,0.17033530111878126,0.17084131159247798,0.14203958581290171,020197
2023-05-10,0.14926480532516248,0.15595715304559138,0.15573290982090965,0.14691610491837917,0.15652891066617344,0.1685817634317712,0.1714283110571081,0.1684235353161813,0.14332755296106497,040186
2023-05-10,0.1251789818813261,0.12865012452304245,0.12791767541755203,0.12099178833367596,0.1270210820938149,0.13712378732835248,0.1390178033678342,0.13891953069664356,0.12254552973701643,1A1-107
2023-05-10,0.12574322228457738,0.13090339140860172,0.12906916483852862,0.12500066833324827,0.12930431227998582,0.1310929302076424,0.12844057956226737,0.1274775917045048,0.11857937222590686,050706
2023-05-10,0.11408643581677615,0.11904429115551617,0.11804131496022673,0.11398798362162628,0.11655462144553452,0.11802832251056028,0.11657417306194202,0.11595455243856093,0.11601408092685002,060182
2023-05-10,0.12725389279783586,0.1327335754027358,0.13070356153595952,0.1258519079656928,0.12897860544741768,0.12963097221508907,0.12766873161796186,0.12497745193706881,0.11859212812216444,1A1-052
2023-05-10,0.16270992818280747,0.17093156474428725,0.1701070554951033,0.15922383460282905,0.16677263547334054,0.1712052905331882,0.1659632230685529,0.16064474428726877,0.12087418063112071,040704
2023-05-10,0.15955619827434395,0.1691097904560661,0.16899747901625872,0.16000839936608557,0.16962039678347124,0.17181317133298105,0.1677983506485884,0.16231682221048305,0.12617852027939194,1A3-048
2023-05-10,0.15611577333810228,0.15163966072249757,0.15287126871391346,0.14973466864237897,0.16072660569209554,0.1727316693066272,0.1785593582341219,0.17762295232742326,0.15614220019416486,1A1-103
2023-05-10,0.1621100602914063,0.16485274667122757,0.16019084528970398,0.15248424243695408,0.16143652929949362,0.16995153084025583,0.173634963852584,0.17115270327174095,0.1473591391413361,1A1-103
2023-05-10,0.1533322835561156,0.1567331255532053,0.15431006758479965,0.1441318949997752,0.1527713518460177,0.1644098301753754,0.16598521235579167,0.1631211575678474,0.13301699896484998,1A1-089
2023-05-10,0.12614370492478877,0.12643824438491655,0.12465733566865855,0.11889262311971978,0.12561941067381005,0.1312687615907686,0.13166311559859878,0.13004632186276532,0.12375339995878844,030171
2023-05-13,0.14155298719076942,0.14454442162902117,0.14991413415468857,0.14262091522440598,0.1505664173266843,0.15966755157915316,0.162984853818324,0.1676622518822725,0.15464755060134933,1A2-076
2023-05-15,0.13367920525217356,0.12963806042936118,0.13432382775219995,0.12628959004100654,0.13739534456901342,0.15667478893771425,0.16289259158267888,0.16311112730857572,0.1355740873194829,1A2-078
2023-05-15,0.13530083658885214,0.13098357979990463,0.1345048080038113,0.12738058885183412,0.1374154711767508,0.15391082324916633,0.1580208556455455,0.15830940924249642,0.13353114816579317,1A2-066
2023-05-18,0.13595424855773933,0.13216387992568684,0.13697715850200454,0.12377933411557641,0.13175915224405987,0.14350168671164562,0.1442795785665395,0.14423326977608286,0.12134817639581504,1A2-076
2023-05-28,0.15555597927055828,0.1536504497897722,0.16225057690427305,0.14893179818128482,0.1623638848147062,0.18841389948176393,0.18529706658844242,0.19103198396401688,0.1518772416153319,1A2-076
2023-05-30,0.12229932403774768,0.12039861228925881,0.1186159772293501,0.11279080094899799,0.11823961801505685,0.12847373754108787,0.1315752292969993,0.13219998144417347,0.11966139659102953,040576
2023-05-30,0.12458450455943153,0.121827523592408,0.11941668831513078,0.11318601089492089,0.11837244526031174,0.12835961390626657,0.13148569809670244,0.13211142972643403,0.11960249111971143,040576
2023-05-30,0.133522028370485,0.13490786935272364,0.13811644343783538,0.1313292192156395,0.14437823244725242,0.17094882345929188,0.18322182286327324,0.18446587292883518,0.1575385099535104,070859
2023-05-30,0.12340335973807677,0.1247232720640746,0.12691300277963952,0.11930405409859479,0.1322803337764643,0.1588469121831704,0.1682416121908614,0.1699138476581813,0.14088725760555476,050215
2023-05-30,0.1270934562969088,0.12630439596860993,0.127351697089787,0.12135170528656669,0.13499283102516738,0.15542813295176736,0.1637018959507907,0.16497432697310735,0.14113481635649572,1A1-110
2023-05-30,0.12491369165140236,0.1248463330102141,0.12662092406218178,0.12094241512769131,0.1349177624216851,0.15570324004447647,0.1639837938973195,0.16525020581044758,0.1411797717731415,1A1-110
2023-05-30,0.12852052296311522,0.12659880817836225,0.12637334326518035,0.11988736258091028,0.13175058563649442,0.14586812390835305,0.15124526867358482,0.15313850303092574,0.1384233946368026,030172
2023-05-30,0.12659014115734235,0.1253023370203402,0.12399096108524468,0.11575974757552629,0.12254197193276349,0.13779554151372572,0.1422218641966183,0.1430039354075826,0.1262997368183347,1A1-105
2023-05-30,0.13317883003687558,0.13406330874958097,0.1368886802994748,0.13260409542965695,0.149834948038887,0.18645100569896078,0.2027846854397139,0.20591176667784108,0.18002990836965024,050707
2023-05-30,0.12375410616519876,0.12386206855510593,0.1271462389907165,0.11910526065222561,0.13777750535586764,0.16952817186384203,0.18069634610806948,0.1850150202332778,0.14151075934301355,020197
2023-05-30,0.1283675076916707,0.12831970309460417,0.1265819663084118,0.12126331624839601,0.1264864357555775,0.13696551751493505,0.1379655954663979,0.13950097025427358,0.12602692567707394,1A2-077
2023-05-30,0.12397215073698126,0.12286372180106092,0.12148976975837783,0.11620386693343618,0.12263708952073292,0.13248523467758222,0.13411839852664945,0.13609948420492315,0.12173978413700709,1A1-029
2023-05-30,0.12466175190424361,0.12301537105549504,0.12175405658324251,0.1143162916213276,0.11717958215451572,0.12247932535364527,0.12328317954298147,0.12312513384113179,0.113710258977149,040704
2023-05-30,0.12435376879045634,0.12667544000427966,0.12804148076820202,0.1181496121542823,0.12544706574653616,0.14197999786016152,0.14868388166693416,0.14904060878403683,0.1296580538169368,1A1-102
2023-05-30,0.1262596494813754,0.12920031168565735,0.13147959736344586,0.12695745746257217,0.14085189821674926,0.1645732256910735,0.17309345971079657,0.17628153901180313,0.1571206274589954,1A1-103
2023-05-30,0.1263468916910166,0.12454741943323218,0.12181507344404507,0.1164949846493244,0.12168581940826348,0.13010575554027312,0.1320739416250664,0.13148200398713158,0.11954620564842501,1A1-103
2023-05-30,0.12453723003301218,0.12282632521071132,0.12223819611229547,0.11489737611427428,0.12280241969578402,0.14000355488391766,0.1437194277284543,0.14480902663464398,0.1272606633024801,040707
2023-05-30,0.12866539544914396,0.12862210730161525,0.1256889507504071,0.12111588178337224,0.12561909907134372,0.13355616170062942,0.1347552704546455,0.13488155450904452,0.12177291272391175,020059
2023-05-30,0.12367216914348068,0.12308791098153124,0.12429000639741603,0.11553529695545937,0.12463604052395894,0.14555046197732596,0.15217409256326622,0.154818912229552,0.12948921773237826,1A2-078
2023-05-30,0.12437555305586788,0.12597319766847326,0.1305880287691312,0.13061765688379856,0.14935398984217893,0.16940307802433788,0.1860668848212155,0.18835873811228154,0.1735456727000034,040887
2023-05-30,0.1211167764025131,0.11962468936709313,0.11718889870405566,0.11310111139643575,0.11680513789738602,0.12239827880779963,0.12397390101518486,0.12498741273346657,0.11487474808689853,1A1-052
2023-05-30,0.12627671823722458,0.12745001406469764,0.1330793061415846,0.12348880450070328,0.14532601031411158,0.19347460853258325,0.20845339896858886,0.21206884200656348,0.16537610876699488,060315A
2023-05-30,0.1261053084384466,0.12497454127209293,0.1250841805007094,0.11779164743319408,0.12880739025418853,0.1472205474830351,0.1547864110723461,0.1551211195031248,0.13310046313690932,1A1-017
2023-05-30,0.12609028564142727,0.12442431243086399,0.12194643215283843,0.11533840359214148,0.12057209232603569,0.13331436098542684,0.13665896984379147,0.13703614816550597,0.12230152211145147,1A1-109
2023-05-30,0.12652710393499592,0.12624110364180857,0.12489944838851547,0.11950516554627136,0.12466134782517653,0.13479974283261084,0.13776810663651026,0.13882906284685134,0.12718970911603947,040850
2023-05-30,0.12487462486263606,0.12414112458547696,0.12374001594880832,0.11701722374038442,0.12493403320075072,0.14074106283246954,0.14403965855935577,0.14516325501560842,0.12615085238600018,1A1-071
2023-05-30,0.12367143880890194,0.12291552466336239,0.12165299353034638,0.1179105007842765,0.1261150941883365,0.13810350493868617,0.1433504307255933,0.1441467719384405,0.13274477240950752,040852
2023-05-30,0.12347167092125239,0.12261531704742497,0.12099075623916142,0.11534021499122153,0.11953411316121115,0.12676822578386707,0.1285019603407976,0.12944844896112712,0.11977180071304692,040874
2023-05-30,0.12443350648588354,0.12269110171978632,0.12232648647062278,0.11725578740388569,0.12458375594294761,0.12926089100193694,0.13182967071667542,0.1321764688618888,0.12117711158067732,1A3-048
2023-05-30,0.12165106815637346,0.12105106587154706,0.12066099801220101,0.11285826764457241,0.12081796787533981,0.13780244247949366,0.14141982543925793,0.14300573034478042,0.1228215504832408,1A1-107
2023-05-30,0.1283075314238615,0.12560716051926646,0.12401441376468161,0.11746817432515966,0.1261073253657532,0.14072681846280655,0.1453102101792705,0.14652927055429635,0.12872274881516588,030171
2023-05-30,0.1246538130396223,0.12383411020090182,0.12204157966666387,0.11682724805041805,0.12175938562228897,0.1323912269493794,0.13509323084719535,0.13626623159926365,0.12284038606166944,060182
2023-05-30,0.12595790585873523,0.1252644619367107,0.12738068572032332,0.11831165407575671,0.13168336943314474,0.15976389402504088,0.16781714300808268,0.1687827539753816,0.1408885440329652,040186
2023-05-30,0.12825051422696002,0.12721088975178554,0.1257141003867433,0.11872171673693231,0.12227257982156549,0.13021933533250274,0.13093228780064525,0.13173887006178706,0.11987139531799006,040826
2023-05-30,0.12636322981366452,0.12471825258799167,0.12321163561076606,0.11770066252587989,0.12680426501035194,0.14454875362318842,0.14926031469979295,0.15176272463768112,0.13079033540372667,020058
2023-05-30,0.12452050089626936,0.12613885920113635,0.12958008421551054,0.11596874386985483,0.11957119085466913,0.12760133425778739,0.12949870801907531,0.13017115703317883,0.11725095038387383,020138
2023-05-30,0.12555724602792492,0.12750337024554648,0.1286598298828438,0.11852562991494138,0.125726320012839,0.14271695287005834,0.14961193494891142,0.14991429947038998,0.12973300165837473,1A1-102
2023-05-30,0.12618462238398545,0.12690153894845121,0.1273626854452664,0.11511233136843767,0.12117805119278396,0.13584751354986746,0.13883958539383626,0.14016378130316098,0.12272446888475695,020188
2023-05-30,0.12043742919058664,0.1215747595331331,0.12197890734897164,0.11772449910656582,0.12646290157016313,0.14152323689313007,0.14690758468615756,0.1483461582329012,0.13056845987149754,1A2-028
2023-05-30,0.12321783039542636,0.12305464506908056,0.12253973034778462,0.11573562934730806,0.1237917074797523,0.14173427060504998,0.14710831824678425,0.15055166174368734,0.12920209909480698,1A2-066
2023-05-30,0.12622851276034033,0.12863350444900762,0.13040489390828197,0.1194056272611714,0.12559471008115772,0.13791528307421536,0.14200872201036474,0.14298673609074017,0.12385370098758189,1A2-076
2023-05-30,0.12519386131415094,0.12302422458156168,0.12049852768085177,0.11442591710792537,0.12032634381527617,0.13252385180858986,0.1355907879484974,0.13622341348001926,0.12251817767355112,1A1-106
2023-05-30,0.12028423094500118,0.11887099303568618,0.11562130424415815,0.11233861617787319,0.11540168867230972,0.12116461139922104,0.12302993115164512,0.12331801581624549,0.11496235172269943,1A1-059
2023-05-30,0.12078792716388122,0.12005285607383394,0.1213518084310302,0.11425838114242956,0.12551590172112742,0.1539716575205788,0.1648286854577201,0.16752146420553748,0.13415781990521325,050669
2023-05-30,0.11955430709415235,0.11921724400679913,0.11841764843795798,0.11310844616376535,0.12104249848582539,0.13816947228571994,0.1428518336166305,0.14439454506379074,0.1280043569153821,1A3-001
2023-05-30,0.1354815366562931,0.13720804168154677,0.13737100658129686,0.1355500267843478,0.14200646523136579,0.14546035661445836,0.14659327075149242,0.14907576144074283,0.13909033340135696,050706
2023-05-30,0.12714045594654425,0.12572381277466005,0.12436626415228182,0.1164528209993114,0.12495398953226165,0.14367723725001696,0.1493179529690608,0.1498536942959397,0.12895429777198536,1A1-089
2023-05-30,0.12663074233031316,0.1247195278969957,0.12634243363535208,0.11752889047846128,0.12556260530917182,0.14087184072484502,0.14439611349546977,0.1482302813543157,0.13320568272134795,1A1-087
2023-05-30,0.12394269938065759,0.12342037446403042,0.12258234969032866,0.11570651357789405,0.12361365126250584,0.14101932825154842,0.14620969223439725,0.14964186374464034,0.12907503954263938,1A2-066
2023-06-04,0.1252740975523859,0.1209590098021952,0.12273429594412161,0.11916027763103822,0.1257918999823912,0.13068169572107766,0.1343935346598579,0.13502041145741617,0.12392990549979464,1A3-048
2023-06-04,0.13129929737439905,0.12684321939880605,0.13213452110518242,0.12294530350256215,0.13671379629140465,0.17110588514977002,0.1801342675260181,0.18262067726768447,0.1451267578847271,040186
2023-06-04,0.13700223917082235,0.13543690231739514,0.14130703040969986,0.13228348489293046,0.13930000000000006,0.15519520876112256,0.1568325755353476,0.15905221472572603,0.1373017551579153,1A2-076
2023-06-04,0.13054903173062174,0.13173791323897605,0.13744793827602064,0.13492629911603904,0.14779188084410608,0.17410359715906187,0.18570373000868637,0.18865689540646888,0.1688153645700271,1A1-103
2023-06-04,0.12644437326709349,0.1225724256765908,0.12729404343580505,0.12315158269125193,0.13696074597823224,0.16022337579027612,0.17078773637018077,0.17207073838730141,0.14496115617360072,1A1-110
2023-06-04,0.12724944095132718,0.12303261462071945,0.12489298737980234,0.11859410727617815,0.1256844968561945,0.1450917694362739,0.14952539061445888,0.15107801854800243,0.12978591809014944,040707
2023-06-04,0.12949023503808474,0.12565359956474437,0.1268925484221979,0.12101863547334069,0.12312074863982587,0.128426019586507,0.12933074211099024,0.13054668117519036,0.12020146681175184,040704
2023-06-04,0.1301050326052381,0.1260950548722299,0.1261253326794612,0.12278296243770534,0.12666288768423303,0.13511569756653594,0.139076650805853,0.14019106139327747,0.12963681542254268,040576
2023-07-19,0.123354481181515,0.1229100762267746,0.12111031824678425,0.11453364840400197,0.12154180848022857,0.14129964935683653,0.14682796950929014,0.15027607241543595,0.12646509671272035,1A2-066
2023-07-19,0.12450165883036593,0.12337363040836807,0.12275414971736476,0.11502329758571495,0.12484027682392093,0.15741219821438,0.16979780231390978,0.17163088911194443,0.134706709282054,040186
2023-07-19,0.12270256794036495,0.1215887744321184,0.12227440277044078,0.11563632681810175,0.1269608411105241,0.1441655279685391,0.14841715090684965,0.1488795973469507,0.12690734577683857,1A3-048
2023-07-19,0.12894728424452792,0.1298375800987929,0.13054274837180524,0.12151835009596118,0.13113179830311175,0.1618537938773585,0.17450563287223,0.17584391563801127,0.1422462533166931,1A2-078
2023-07-19,0.12479668770402616,0.12367640914036994,0.12387943416757345,0.12090866811751902,0.1264321784548421,0.13032599782372142,0.13391957127312296,0.1339205832426551,0.12146534711643082,040704
2023-07-19,0.22468235501291386,0.2086046020192533,0.21685595210143227,0.2170314158253111,0.24562210612819915,0.3209442239962432,0.32862512326837284,0.3708149096031932,0.309596900680911,1A1-103
2023-07-19,0.14851106703337563,0.14878751154169473,0.1515780647752397,0.14196920232861696,0.1638486089919895,0.21849832618355322,0.24091327260449483,0.2418916947046997,0.18763681116507555,1A1-110
2023-07-19,0.14624337705358356,0.14417171016309294,0.14073018189414627,0.13520587462882552,0.14310997508094972,0.16830385275377896,0.1780898518286404,0.1810576182162734,0.15512457734604662,040576
2023-07-19,0.12069894397183921,0.12368554805905936,0.12550942602913853,0.11570752908966465,0.12023412535445392,0.13251556663733255,0.1370789332159969,0.137959509142466,0.11807549134643593,1A2-076
2023-07-19,0.12051748248510864,0.11894213913150828,0.11661292089750318,0.11102644825776982,0.1160137758093885,0.13516613221814136,0.14048279991358278,0.14194506496713066,0.12147144069627468,040707
2023-07-22,0.1315262596899225,0.12864777131782945,0.13245862403100778,0.12036017441860467,0.12984612403100773,0.15731288759689924,0.16517567829457366,0.16719796511627907,0.13556908914728683,1A2-076
2023-08-23,0.1183040195287449,0.11422723237374136,0.11554548737635668,0.10972380124891756,0.11556991692599608,0.13740699435238626,0.14429493665274692,0.144865840359603,0.12092552242643487,1A1-089
2023-08-23,0.15412057929916947,0.13436840186347987,0.13684889609074335,0.13520229896698402,0.14595012153129436,0.16389937208831276,0.17570451691310512,0.17155117480251167,0.15246364188778616,040704
2023-08-23,0.11891505398800326,0.11502787264975962,0.1154461773641963,0.10998849695068724,0.11261579236958914,0.12236467164409912,0.12458372006160921,0.12397321624720649,0.10913934126000806,040826
2023-08-23,0.11592652619474429,0.11438352893428477,0.11878989244766124,0.11135644299387838,0.11411978388067777,0.12174503669631677,0.12477847431257823,0.12517518686373322,0.11373446748063713,020138
2023-08-23,0.11360853166247219,0.10849518668789479,0.11048335610223767,0.10780979644942057,0.11299332580076354,0.12284114700494761,0.12534843134233792,0.12656572851933615,0.11449434714875116,1A1-052
2023-08-23,0.11135398582661499,0.1083601794720426,0.10845005512471115,0.105667353771258,0.10879809098677252,0.1188244594678376,0.12300319130296478,0.12363369184612527,0.11262173530973613,060182
2023-08-23,0.114125,0.10744000000000001,0.10762000000000002,0.10613500000000001,0.10646000000000003,0.10722499999999999,0.10870499999999998,0.10827499999999997,0.10579000000000001,020059
2023-08-23,0.12038186490986745,0.11690330485774277,0.11712380728299428,0.11427700354738293,0.11701646637225802,0.12114339028451455,0.12418277347426337,0.12564120393831893,0.11764423369289799,050706
2023-08-23,0.11866036165622114,0.11111980889756501,0.1144638446522141,0.11137141682934346,0.12384038836946473,0.14233172197678007,0.1499861913079215,0.1517155861502106,0.13494762149388673,030172
2023-08-23,0.1061,0.103725,0.102975,0.1028,0.1022,0.102475,0.104625,0.105,0.10635,1A2-028
2023-08-23,0.11832116139157722,0.11630444676955265,0.12199937222076898,0.11780806303949774,0.13990396939576238,0.1799907729531781,0.19941201281715926,0.20363606460894584,0.15935323044729258,040887
2023-08-23,0.12103966072249751,0.12017343518471212,0.12415714066731386,0.11998839098666395,0.13371910479791535,0.16553005467273008,0.1757598436462112,0.18031053088753776,0.14978695007919876,1A1-103
2023-08-23,0.11690774496015001,0.1126287201125176,0.11661006094702303,0.1107199718706048,0.1261932583216127,0.17102226910454763,0.18726764181903427,0.1910483638068448,0.14740879512423813,060315A
2023-08-23,0.12076438362709124,0.11486422860739479,0.11543926658196653,0.11119034447370865,0.11719921687501114,0.1323103005127087,0.13612085987996692,0.13631037740146115,0.11670864097062059,1A1-103
2023-08-23,0.11303758499896968,0.10920754172676694,0.1099155676900886,0.108398279414795,0.11359758912013188,0.12393371110653205,0.13021662888934682,0.12905264784669276,0.12209227282093552,030171
2023-08-23,0.1215474155580268,0.11564435149330989,0.11894328873212433,0.11299761300463919,0.12519645899628112,0.15437911743281083,0.16313331595291988,0.16431141049725861,0.13112085726335168,1A1-017
2023-08-23,0.12065146232283137,0.11493953836982104,0.11524359986078009,0.11046997336218811,0.11510608879040901,0.13153563987608063,0.13660403461192516,0.1374265812970168,0.11699984286103181,1A1-109
2023-08-23,0.12055051035580377,0.11665634855814533,0.11741536428556455,0.11174733304014574,0.11638410672027803,0.1309766517978682,0.13537203367468748,0.13546833406630207,0.1165827626646564,040850
2023-08-23,0.12180770595398575,0.11711079444942797,0.11737895032248018,0.1122881611850841,0.12195135131071888,0.14258807899893283,0.15001707818208246,0.15038497647170831,0.1257939011861868,040852
2023-08-23,0.11061351321125382,0.10812626690914046,0.1093252346128038,0.10606480856567717,0.1108738847990352,0.1234822112439096,0.12890195421525089,0.13008888737612914,0.11787334458178143,1A1-071
2023-08-23,0.1328090083299402,0.12429462295190187,0.12596748242129452,0.12110836295212195,0.12775213145240244,0.14688974162879484,0.1485335062777158,0.1576511592592181,0.1317672106253505,040874
2023-08-23,0.12277312890509753,0.11623188839130077,0.11548095116784204,0.11133140167868914,0.11659281596095578,0.13442854710251806,0.1386771647314365,0.1412822075031509,0.12077413585047335,040707
2023-08-23,0.12242332697504371,0.11688419170243204,0.12043457319980921,0.11336669845811484,0.11935492767445555,0.13654156731839137,0.14137714194881576,0.14487237323160068,0.12746125417262757,1A1-087
2023-08-23,0.1096475407348132,0.10738321180723231,0.10784128426760112,0.10536867144493052,0.10674921048274738,0.11244583235606546,0.11585011244326086,0.11607879064858352,0.11022188021688448,1A2-077
2023-08-23,0.15430444440920918,0.14603181486649333,0.15333950497875326,0.14543649711422593,0.16830346134331192,0.225498997907021,0.24274419515443643,0.2513454889960043,0.19200542906069637,050215
2023-08-23,0.11905912759999694,0.11576346783928247,0.11762327084308467,0.11105205043562542,0.11513018706016659,0.13357246692779548,0.13973679862702118,0.13979086583072609,0.11932668440371505,1A1-105
2023-08-23,0.12061355327803891,0.11541788789687774,0.11684749590575295,0.11203043214115894,0.12223127212214054,0.15411815996618936,0.1643681071371967,0.16815337841407352,0.1328462491415288,040186
2023-08-23,0.11835119137670212,0.11251262213187097,0.11214875110312642,0.10888944150277345,0.11346273323247613,0.12537777042360057,0.12781346523575388,0.1289159906076651,0.11472979229702465,040576
2023-08-23,0.12095911061542461,0.11416677428281537,0.11299077072728952,0.10927459727801042,0.11308834475182589,0.12420632866810341,0.12683528188442864,0.12767956495123736,0.11399299880084851,040576
2023-08-23,0.12156188479604287,0.11729258013243121,0.12302560157235626,0.11645876627773559,0.13497033478499476,0.1728373851559877,0.18444600816826923,0.18710134320273114,0.1445901791887325,1A1-110
2023-08-23,0.13944525439827604,0.1331777116205219,0.13803821786529438,0.12745743418534417,0.14334384524872756,0.19425387090829188,0.21460117169225526,0.2192297650944868,0.16012234012390314,070859
2023-08-23,0.11425240732681886,0.11120950270997354,0.11161622423547105,0.10569016892827471,0.10868958341575351,0.12009958064643748,0.12390092178660443,0.12647289630889738,0.11549975867389335,020188
2023-08-23,0.12416234631038048,0.11911065545727335,0.12405362493674241,0.11696751384543003,0.13500044815002243,0.172850819677973,0.18472159227792084,0.18738798815387223,0.14454641034504878,1A1-110
2023-08-23,0.12048383607524567,0.11436260410676029,0.11441160244701168,0.11033813309574415,0.1149189914569137,0.13045693980506184,0.13561016618344263,0.1365052852711473,0.11778875781080039,1A1-106
2023-08-23,0.10821111385963672,0.10762020107428086,0.11104180684147286,0.10560010778146868,0.10636012262350696,0.11021927874761467,0.11366900487666971,0.11484476994840624,0.11011972400876385,1A1-102
2023-08-23,0.12090935817805384,0.11360910973084884,0.11449455072463768,0.11070842236024842,0.11641923809523808,0.1316119917184265,0.13954888612836436,0.14160910973084884,0.1257489855072464,020058
2023-08-23,0.10640000000000001,0.10510000000000001,0.10559999999999999,0.1043,0.10581666666666667,0.11003333333333333,0.11113333333333332,0.11334999999999999,0.10701666666666666,1A3-001
2023-08-23,0.11400206843109154,0.11059423829677349,0.10956417650214585,0.10714380215784439,0.10978215034374535,0.1174342446053889,0.12008551502145931,0.11977803260610415,0.10907408549912594,1A1-059
2023-08-23,0.12668876210802826,0.12396371695944831,0.12818729272697424,0.11832997865703498,0.12379621572812347,0.13755569692989655,0.1397764324413069,0.14233892628468234,0.12124581349532099,1A2-076
2023-08-23,0.122288075952339,0.11654121324176792,0.11907726712449372,0.11475780947349885,0.12669602923049836,0.14411813699595,0.1484310441979221,0.15023808182191697,0.12716028937019427,1A3-048
2023-08-23,0.10936509470633973,0.10835252668033074,0.1114503869531416,0.10582425083044734,0.10644556682451052,0.11022013393172657,0.11376654887271181,0.11486949607746127,0.11009858470563291,1A1-102
2023-08-23,0.11263922133113981,0.11053614823954114,0.11190272351314913,0.10722262892133347,0.11293937898416616,0.12904931797929942,0.13402068453400962,0.13527508625219914,0.11781833801722748,1A1-107
2023-08-23,0.11575731321548924,0.11388087948261409,0.12033805380666567,0.11370427871289868,0.1319005867704375,0.16102260442861782,0.16656229189228883,0.1683215459167753,0.13648695399450556,1A1-029
2023-08-23,0.11507518447988575,0.10956054510830754,0.11562566055701025,0.1108714948821709,0.12771394905974767,0.16493777671982857,0.17652030468935967,0.1832937871935253,0.1374918947869555,020197
2023-08-31,0.10908448714187934,0.11411255500146673,0.11721355725041561,0.11112739806394835,0.1134060183827124,0.12061467194680749,0.12549338026791823,0.12751354258335784,0.11745436589420163,1A2-076
2023-09-15,0.10866556663733251,0.10971095629216782,0.11501267722694826,0.10925908379779012,0.11076896939473944,0.11695264007040192,0.12058467292461132,0.12256276034027572,0.11486547374596666,1A2-076
2023-09-22,0.12090920599754723,0.11878747873560946,0.11955558017169764,0.11057012699291849,0.11396115045298096,0.12452623333465199,0.12682628080864028,0.12824108478063068,0.11417578430984689,020188
2023-09-22,0.11750756962627948,0.11594823851463938,0.12002435134491787,0.11425661747203045,0.13128111164008566,0.16329382289930963,0.17606863841942394,0.179138240895025,0.13582310164246608,020197
2023-09-22,0.1253954023271665,0.11965535478202319,0.12145973279465261,0.11408604644478915,0.11792148153622554,0.1308718781563322,0.13430530469128513,0.13436399625551196,0.11737672135589884,1A1-105
2023-09-22,0.1217030393374741,0.11470846376811593,0.11700811594202899,0.11208361904761907,0.11858666666666663,0.13527262939958595,0.14057923809523812,0.14203883229813663,0.12051991718426501,020058
2023-09-22,0.12064533770757926,0.11946718808130678,0.1233989582981026,0.11407378158081646,0.11653776845807833,0.12199356377041974,0.12276660804275036,0.1234527479960766,0.11208048330909444,020138
2023-09-22,0.12681474345765506,0.11874402431485677,0.11976282711724702,0.11509499278796621,0.12120203997527301,0.1360611477436637,0.1388585823202143,0.13877553059962905,0.12171322893055847,030171
2023-09-22,0.1385683091599277,0.12766026664708552,0.1283419145465053,0.12457052643005169,0.1325583887517842,0.15006727986131324,0.15501396097987727,0.15876158072683047,0.13940258027028649,1A1-106
2023-09-22,0.12210564715618241,0.11592608953773927,0.11555192181414214,0.11165012908042557,0.1168623211089224,0.13019811551573698,0.13262975146396094,0.13456034127605218,0.11846017036817162,040707
2023-09-22,0.12078803941132456,0.11558416063856322,0.11973599401346972,0.11288608131703666,0.12255811299575955,0.1481474245447744,0.15754800448989775,0.15982456971813422,0.1250597405836867,050669
2023-09-22,0.12461240169871741,0.11707276467094009,0.11780790665921936,0.11124883072822014,0.1167045198641735,0.13263907315300003,0.13685545921217113,0.1379119980022048,0.1185894583787714,1A1-089
2023-09-22,0.11922297163251598,0.11665790243997322,0.11714134679905479,0.11195827733421507,0.11781176856723302,0.13046150064670473,0.1330488310690563,0.13359339874938017,0.11653354695659784,1A1-071
2023-09-22,0.12464144908282668,0.122170885493843,0.12497295999182463,0.12163660518113531,0.1338520821623831,0.15856684379949926,0.16767580603954826,0.17094634919012822,0.14646884165346688,1A1-103
2023-09-22,0.1228073539917948,0.11592579404198242,0.11549290327019432,0.1115930578758255,0.11656387904068123,0.12572925976899724,0.12806746949692116,0.12805652183191532,0.11320228716961016,1A1-103
2023-09-22,0.12347264799141716,0.1197478588627965,0.12317723495053033,0.11658737108117763,0.1271040939325307,0.15163679675765881,0.16212639933245934,0.16478379783049232,0.13769416092502093,070859
2023-09-22,0.1235602952114406,0.11660256412222533,0.11882206034581935,0.11330972280795937,0.12276830042556455,0.14208781275160062,0.14774932101368718,0.14864818157420548,0.12432336311007174,1A1-017
2023-09-22,0.12301915992680652,0.11610488164609954,0.11546976935721222,0.11064148261994794,0.11471471075747197,0.12582061208384898,0.12865214980581605,0.12897001402534206,0.11445618338393257,1A1-109
2023-09-22,0.13430159481547227,0.12867914781525702,0.13053852631114848,0.12655772526630757,0.13489025972236762,0.15268331726026788,0.15566112540848526,0.16294678198861456,0.14376363721530006,040874
2023-09-22,0.11813721530669445,0.11575902503872816,0.12025919643151435,0.1144464254716049,0.12639418253331713,0.15183121546050837,0.15991309506806264,0.16140351904547412,0.1324561388281568,050215
2023-09-22,0.12169279039868543,0.11542472630155873,0.11431344502173695,0.11060217765878491,0.11486541260205702,0.12450523870745417,0.12594454922595694,0.1268741424557313,0.11376307324249803,040576
2023-09-22,0.12072990437350567,0.11471708034500541,0.11567608165752584,0.11070751066422913,0.11476925186331041,0.12390070782355969,0.12619146275723062,0.12797977663713492,0.11507054797731198,1A2-066
2023-09-22,0.12378112637201379,0.11794149498151074,0.11886324176791684,0.11530209837412687,0.12326278100604555,0.13221448905323704,0.13448050126195926,0.13530513294594113,0.11911887362798616,1A3-048
2023-09-22,0.11602144995087624,0.11355922955651515,0.11440618502524738,0.10922925263326251,0.11500072200516374,0.12831543628761397,0.13171799757808392,0.1329940091850024,0.11603069664358996,1A1-107
2023-09-22,0.12252311194465085,0.1156067543208568,0.11396278960343555,0.11018033678825138,0.11422480914007008,0.1227400547396884,0.12373768423284918,0.12463410362103708,0.11341880964372816,040576
2023-09-22,0.13366030048721808,0.1266317297332103,0.12933322100834926,0.1244651117168551,0.13195895387521195,0.14723870103668085,0.14817774978000037,0.15558580455452742,0.1371089300508682,040850
2023-09-22,0.12068525070729795,0.11927573371510378,0.1254435865971299,0.12395063230732527,0.14707637795275588,0.17947402938269075,0.20041316767222278,0.20456071513788052,0.1656775812114395,040887
2023-09-22,0.12750173014145824,0.12151760391730147,0.12305881828073993,0.12085070946681174,0.12593487921653976,0.12932086615886831,0.1311265897714907,0.1320201915125136,0.1206256670293797,040704
2023-09-22,0.12049403625905214,0.1143634684060055,0.11588920993614431,0.11193689863557776,0.11695643469775564,0.12469990823960425,0.125287369249996,0.12540384982794936,0.1122060198928322,1A1-052
2023-09-22,0.12724466420829145,0.12369028941781207,0.1298947536037546,0.12357029835735835,0.14149485417365065,0.1867709353000336,0.2015868085819645,0.20723746228628895,0.16118220471561065,050707
2023-09-22,0.11224885337482769,0.11081523774297239,0.11394417759298005,0.11284134355390037,0.12033380822407024,0.12509247232284082,0.12857185347686345,0.12991022524360998,0.12079735090046424,050706
2023-09-22,0.11343298560446036,0.11195910882679609,0.11387490907507025,0.11111426922490582,0.11571477230655311,0.12248649519785705,0.12402417187534027,0.12432511052551344,0.11291790404425378,1A2-028
2023-09-22,0.11814692747064814,0.11551940922448646,0.11560880023730351,0.11068771540127738,0.11398543963245529,0.12262088823277827,0.12327529938880522,0.12350583739186809,0.10965523068114419,1A2-077
2023-09-22,0.11774127933102808,0.11462687024988774,0.11582896860285641,0.1112123537111932,0.11769282574292245,0.13324720317292862,0.1368065920325108,0.1377975499677627,0.11782071977023627,1A3-001
2023-09-22,0.12062038417014563,0.11635088475396786,0.11619562007947999,0.11257730860398801,0.12073087342831525,0.13333769337549536,0.13717565285371386,0.13756228407342627,0.12112969475862818,040852
2023-09-22,0.12369983377334509,0.12042885010266943,0.12433889214823507,0.1162499902219615,0.12037565757309085,0.13184284736481874,0.1340768602718295,0.13683701965385742,0.11940550992470916,1A2-076
2023-09-22,0.11606300791805799,0.11242744719639156,0.11098212128437486,0.10813145714115392,0.1105882580273405,0.11531391596129381,0.11624775373549502,0.11607350058615501,0.10774138998172007,1A1-059
2023-09-22,0.11583944314607121,0.1126771471007635,0.11214433563266735,0.10836463446520946,0.11179594368384038,0.11939543718343727,0.12158784884238108,0.12135564954161591,0.11185037589931456,060182
2023-09-22,0.1211555807402844,0.1146510496897144,0.11550748646626473,0.11135935478191984,0.11472991065534091,0.12218315875181554,0.12270037410325253,0.12267740416354914,0.10908111438757097,020059
2023-09-22,0.1192493277294162,0.11579592363623452,0.11634554864024398,0.11056786842239831,0.11279078830217137,0.11862319868848963,0.11961731596327359,0.1189462605734483,0.10860990377804827,040826
2023-09-22,0.1217639849976559,0.11760426629160806,0.11973342709798408,0.11386385372714487,0.12982464135021096,0.16488201593999066,0.17877899671823727,0.17976416315049232,0.14209405532114394,060315A
2023-09-22,0.11730568108812585,0.11467333773870063,0.1162299564969988,0.11169882339984219,0.12129071262933123,0.1355215710028941,0.1385228259206912,0.13958148705617462,0.12011809626951049,1A1-029
2023-09-22,0.11744502084952999,0.1165873259594318,0.11974033853982609,0.11132022934482999,0.11292839246589868,0.11796651353452532,0.11872872287794191,0.1190567531274295,0.10960196126934765,1A1-102
2023-09-22,0.1270625653758783,0.1201403904062548,0.1205353373131174,0.11519148660785039,0.12433068572032321,0.14919985736172,0.15592545829151036,0.15867285910507684,0.1276231285329388,040186
2023-09-22,0.12805923148053017,0.12116764101510329,0.12438605260454122,0.11926872495633413,0.13152484331655195,0.14890295900544537,0.15440273297030718,0.15525120723312447,0.13375528100277406,030172
2023-09-22,0.11414299773835597,0.11417652130892644,0.11801585977807627,0.11015811541451696,0.11154022545762944,0.1160203141564775,0.11686075164322567,0.11732459891158387,0.10931253268782233,1A1-102
2023-09-22,0.12447590592235185,0.11846305354991837,0.12097862137292491,0.11667270401072007,0.13010860929158444,0.15221939981753252,0.16104815055702446,0.1627888723369379,0.13434195967184373,1A1-110
2023-09-22,0.12385006521785633,0.11820151230586103,0.12124094576582853,0.11701560524308807,0.13051337268975557,0.1536576151647553,0.16290912551051676,0.164581909885317,0.13453317058567799,1A1-110
2023-09-22,0.1243815689079638,0.11853303131457635,0.12347802416150053,0.11517306469559689,0.1207338896836751,0.13053630583373074,0.1333861707200763,0.13665520584962645,0.12493281672230169,1A1-087
2023-09-25,0.11480907401975161,0.11559895374987776,0.12034691991786456,0.1124310550503569,0.1153092255793488,0.12297004008995788,0.12454512564779509,0.1266722499266647,0.11377011342524693,1A2-076
2023-09-27,0.08838500808842217,0.09700328997610433,0.09875350306703139,0.09701796533064003,0.09511186247218327,0.09203768383711487,0.09572836039054353,0.09655470154952825,0.1096090196175038,1A1-105
2023-09-27,0.1678741152853857,0.17963359501110626,0.180575420455016,0.16742770967563902,0.1831162349443302,0.21955972185814243,0.22579868965659952,0.21930072156841085,0.13028697693188568,1A2-077
2023-09-27,0.07975777070930645,0.093339079775184,0.09520921542568184,0.09450881923294613,0.0929712445566851,0.08933486565425114,0.09179040754101285,0.09208081854979613,0.10368617061949172,040826
2023-09-27,0.1417570310288777,0.14968709165258237,0.15036607121196188,0.14048825587570107,0.1513905012979243,0.1763244918148564,0.1831925202910155,0.17909800607584825,0.12292534388924374,060182
2023-09-27,0.14387415938885972,0.15176632671004048,0.1517596330812965,0.14074905144286196,0.15265892972275955,0.18071873668991664,0.18572031729285127,0.1827009886094993,0.12706568001094115,1A3-001
2023-09-27,0.17608823401867252,0.18606986378246007,0.18608808351614706,0.17382600377531754,0.18784663410030086,0.21612788250599455,0.22401232845262975,0.219599530636192,0.14591236416509354,050706
2023-09-27,0.08610845458635903,0.09301113610832183,0.09217323007333306,0.09418510517203868,0.09305549102633237,0.09025622197125696,0.09345430983363782,0.0948208121146746,0.10818903374027483,1A1-106
2023-09-27,0.2409047491339815,0.27034874287629895,0.2802194267515924,0.26323713822773503,0.2977583696502403,0.3755866297910382,0.3931943792602526,0.39609073080791135,0.21778537825455357,050707
2023-09-27,0.1483057370790752,0.154330690086111,0.153968485439885,0.14322822967490115,0.15483161967370296,0.17934059883929962,0.18419831818259672,0.17955515895434254,0.12316868676493234,1A1-052
2023-09-27,0.09173380657455936,0.09845621819914234,0.09930125297760826,0.09913688899475949,0.10180882324916625,0.1081866107670319,0.11537308623153886,0.11740798284897568,0.11841998761314916,1A2-066
2023-09-27,0.09377032416402492,0.10534511367897197,0.11250289736510208,0.11731198145686332,0.13754217881855677,0.16111294610900911,0.18796586903909732,0.19012682619218055,0.1641720114531138,040887
2023-09-27,0.09070261287104024,0.09875020578697928,0.10302247443252682,0.10100697804938887,0.10955446495385383,0.1340284422549264,0.14843155400349228,0.14907451359441268,0.12389679471189818,050669
2023-09-27,0.08321473533619445,0.09375160000397376,0.09268425975600048,0.09509065232077553,0.09352274380066755,0.08987783068073434,0.0920123715923542,0.09184018265180416,0.1029336187112545,1A1-059
2023-09-27,0.08575444178638277,0.09781367428139373,0.10189151802868221,0.10243684941185217,0.10606756076700921,0.11289698922865245,0.12263213555288373,0.12270866046085005,0.12256367861968093,040850
2023-09-27,0.08579987810595406,0.09552946085325832,0.0991972339428036,0.10076516643225503,0.1151123112986404,0.14281196436943275,0.15874574777308956,0.1606590342240975,0.13910755743084857,060315A
2023-09-27,0.09508764765402057,0.09916655373526295,0.0981915085437533,0.10045223456383084,0.10227131959208267,0.10270749781148043,0.10978873338714619,0.11005349537852854,0.11728835366477573,040576
2023-09-27,0.08901611701107989,0.09559121343403758,0.09735863359276167,0.09790965456427561,0.10358674385615163,0.11022502702909946,0.11763437948088803,0.11772881570371503,0.1161256404554691,1A1-017
2023-09-27,0.08790860023296063,0.09492067750010229,0.09545593035548088,0.0969764990200985,0.09891692285102284,0.10067246615095259,0.10518300567492435,0.10494770319540449,0.10799599445916906,1A1-103
2023-09-27,0.10168302332447589,0.11179281074697373,0.12501282846176556,0.12222161204605846,0.14823418954827283,0.2061861972246826,0.24825419250073807,0.2489631532329495,0.18171510186005316,070859
2023-09-27,0.09182141154029566,0.10034264027976472,0.1068500874264823,0.10188169607375615,0.10344683675091398,0.10412540931489431,0.1098534414242568,0.11460065172468607,0.12052546494992848,1A1-087
2023-09-27,0.08541957138278855,0.09268979492675478,0.0920423586007741,0.09329302282305663,0.09190448190661937,0.08949221714124243,0.09316617997236296,0.09431690966921563,0.10696609485542181,1A1-109
2023-09-27,0.10392331149347862,0.114087134896822,0.12709372971649013,0.12175551405302795,0.15006487049170286,0.20546101279774662,0.23336559304390422,0.2342949298879431,0.17390511297532296,050215
2023-09-27,0.08793832811719621,0.09500807747663072,0.09595472186019581,0.09506420754611046,0.09660638585229915,0.09971197022221051,0.10527017403870867,0.10586549399627045,0.11189810061677502,1A1-089
2023-09-27,0.08081287019430963,0.09395903743208196,0.09571071838893044,0.09897827775297124,0.10313889103506406,0.1066417080989961,0.1145557577977232,0.11496841828006073,0.11913611962613085,040852
2023-09-27,0.0937273073959939,0.1069843104776579,0.1095625231124808,0.1092371764252697,0.1134917642526965,0.11903390215716488,0.13246137519260404,0.12847463020030828,0.12558240369799695,040874
2023-09-27,0.08959504344293238,0.09763605139737286,0.10074592530951737,0.10281089405484005,0.11200617930277443,0.12164607124783497,0.13290130435712283,0.13335570638422206,0.1277336035894765,1A1-110
2023-09-27,0.16632654427874738,0.17897713619337058,0.18076975581313168,0.16678509965368574,0.17874639550498278,0.20626888649374514,0.2116124779136335,0.20554849105943884,0.12911998197752492,1A1-102
2023-09-30,0.10369373716632446,0.11209851862716341,0.11543021413904377,0.11003832013298132,0.11414628923437956,0.11980152537401001,0.12306703334311136,0.1258780727486066,0.11444227046054557,1A2-076
2023-10-02,0.11117241477573929,0.10549969184073799,0.10533389619340465,0.10554131918672457,0.10817490125649469,0.11088048722298803,0.11323726672675224,0.11511004864277377,0.11417819425299552,040576
2023-10-02,0.09702503072969049,0.09822325958207621,0.10673848474689913,0.10783403732260581,0.1212570790032406,0.15005300033523297,0.16677571795731364,0.1712947536037546,0.14820981115208404,050707
2023-10-02,0.11311463201398825,0.10973153711651572,0.11729659831505324,0.11133453346049912,0.11623454140836115,0.12162899380066759,0.12539016054681293,0.12976593546336035,0.1273461293911938,1A1-087
2023-10-02,0.1302091088692045,0.12744626657814195,0.1298008323482259,0.12863163894871518,0.1366826988162519,0.14961450617783745,0.15900161773517082,0.15883503635450916,0.1519840072547083,050215
2023-10-02,0.10004460856143646,0.10026048688040946,0.10362426391575334,0.10440985092706564,0.10948220112146613,0.11753854209405468,0.12240489224937966,0.12569759099701078,0.11855356466014098,1A3-001
2023-10-02,0.12408795440632021,0.11619750313383674,0.1180554528758417,0.1142967685042125,0.1213385126665306,0.1329991808296651,0.13919368131067258,0.14424301227297914,0.13070756347841292,1A2-066
2023-10-02,0.10098318629584213,0.102300162202793,0.1056208885548127,0.10188985639118567,0.10500011077263911,0.11190614788147328,0.11628069786762671,0.11826802231277443,0.11456363492503066,020188
2023-10-02,0.09942493453939541,0.10104523922875505,0.10767523208759819,0.10807338728874076,0.12626185432039985,0.152906569864318,0.16594606046179483,0.1708866103308736,0.13611052130445123,020197
2023-10-02,0.10834018998178446,0.1070100695374602,0.10828722837606952,0.1052408915983725,0.10593075357245331,0.10658514511317477,0.108217331048072,0.10834792250227354,0.10807044038079558,040826
2023-10-02,0.11911110835618113,0.11820998927166501,0.12323947025867209,0.12035799070210987,0.13278945190129915,0.15278218619620917,0.16783433162474695,0.17016954058886646,0.15111819477887692,070859
2023-10-02,0.10978487576183783,0.10684249413970934,0.11071438349742149,0.11324056258790438,0.12866438818565404,0.14988104078762304,0.16568896390060947,0.16747032348804505,0.14408404125644636,060315A
2023-10-02,0.09812585052665238,0.09939296501930678,0.102669972810565,0.10260584001645079,0.1074897731167318,0.1163009482029839,0.12106529120113338,0.1232551854136678,0.11546560650718575,1A1-107
2023-10-02,0.09644668395855448,0.09806581379947828,0.10061208696072074,0.10086514603827212,0.10266665988327983,0.105169753107711,0.10767444295746481,0.1086929557401251,0.10868922614202357,1A2-077
2023-10-02,0.10087880650282847,0.10127441728193376,0.1023547254951115,0.102676160786248,0.10552227793097697,0.10919880828191499,0.11280847707539816,0.11362422576062672,0.11260148715419002,060182
2023-10-02,0.11430610249054643,0.10992861520406837,0.11358202503585867,0.11495944712478814,0.12000136914852007,0.1289703937931934,0.1351567414265224,0.13727682879123748,0.1263949145912114,020059
2023-10-02,0.09941221877543018,0.10059689666354622,0.10388028659361101,0.10516391270030671,0.11275635504812254,0.11990530907933948,0.12465681638796604,0.12691108133409212,0.11933771850927263,1A1-029
2023-10-02,0.09588122482154217,0.10047990140645978,0.1064889320800056,0.10190298961057319,0.10210613117534809,0.10216211923104114,0.10457340094706341,0.10612595943176198,0.10859955827266951,1A1-102
2023-10-02,0.09982178245812415,0.10313742137253518,0.10835275991236125,0.10332009859354019,0.10367487278252882,0.10412213937380731,0.1064885910665064,0.10797779348363837,0.10892116757368007,1A1-102
2023-10-02,0.117844947056332,0.11221024989411268,0.11837509529860228,0.11995436679373143,0.13335472257518,0.14784689538331214,0.1592172892842016,0.16437739093604406,0.1530853197797543,030172
2023-10-02,0.11146389607403635,0.10767531429885277,0.11076120595504987,0.10766258960904607,0.10987719475443243,0.11472428086944392,0.1186492350897938,0.11997447384195957,0.11651678737713396,1A1-105
2023-10-02,0.11421797929606621,0.10978562318840582,0.11342430641821943,0.11453045134575571,0.12221372256728777,0.13455780538302278,0.1442039917184264,0.1474733913043479,0.133679817805383,020058
2023-10-02,0.11358950488193008,0.10879096349903002,0.11164431458066759,0.1119437004985116,0.120827682768552,0.12972512875546346,0.13612344060280038,0.13884324716004218,0.12823115584111783,1A1-110
2023-10-02,0.11056321185913145,0.10478008575432858,0.10528531790021763,0.10458534419909929,0.10633050770157763,0.10888688617910543,0.11136396853455312,0.11230409530182132,0.11166841437716593,1A1-106
2023-10-02,0.11792012347218758,0.10895959092042905,0.11609806061361932,0.11445828136692449,0.12705273759042154,0.1528370728361187,0.1605835619855325,0.17251399351459223,0.13768559491144927,050669
2023-10-02,0.11192595094762238,0.106233113753166,0.10866741465778892,0.10610678068285619,0.11067852872421859,0.1193154648863826,0.12407368347947383,0.12586550286222623,0.11805439056898744,1A1-089
2023-10-02,0.10548198542560856,0.10402480180019072,0.10310980766173895,0.10309309852368469,0.1046565239528689,0.10537438230209846,0.10729800483826078,0.10802633797289783,0.10703176785288523,1A1-059
2023-10-02,0.1186352246763138,0.11133583396801221,0.11484172378776342,0.11555691799949226,0.12263617669459254,0.1347313150545824,0.1427321782178218,0.14511878649403406,0.13482520944402132,030171
2023-10-02,0.11287597023182844,0.10741586722074419,0.10889926844463318,0.10846548568071673,0.11231964024036943,0.1161783994585707,0.1187456631709144,0.11989446254315929,0.11522275857662166,1A1-103
2023-10-02,0.10069345951737146,0.10336549665833376,0.10987589281159127,0.11237959160246933,0.12349401943778368,0.12892789398500087,0.13611068312841185,0.1382057599102087,0.13088370108667913,050706
2023-10-02,0.09845773460809716,0.1002171810005009,0.1043604656227541,0.10662656096870438,0.1106394233072718,0.11288047346298753,0.116910492845787,0.11953873293115844,0.11651326523945382,1A2-028
2023-10-02,0.10537852389134167,0.1018476068785026,0.10561198916896856,0.10631693780494005,0.10992661106157146,0.11281760985087382,0.11555548330034718,0.11689003675591023,0.11328203527697427,1A1-052
2023-10-02,0.10984526366022417,0.11101510379384395,0.11743762484234924,0.12194544772812492,0.14374689981934072,0.16478671984183796,0.1871397211712173,0.19300277124450352,0.1669596925384327,040887
2023-10-02,0.12752699227566758,0.12290343284422645,0.12643867365019132,0.12531190621628993,0.13263776388582035,0.14066504382031725,0.1451773390691812,0.15047852219608468,0.14460195166118614,040850
2023-10-02,0.10156412216322244,0.10466917340278015,0.11185582406060812,0.10477753407515128,0.10562386951669096,0.10718674704907497,0.11002928095511882,0.11197232894781335,0.11092481313626679,020138
2023-10-02,0.1348832856056559,0.12685629924444655,0.1295777783170734,0.1292909813565446,0.13751374772821665,0.146638208027957,0.15031151720083888,0.15856832014755126,0.1498240186164906,040874
2023-10-02,0.11195490396043371,0.10660547022965164,0.10954499329064914,0.10858110263389968,0.11563481194647877,0.12573531112218692,0.13152945443392258,0.13346191542383934,0.12206032894989076,1A1-017
2023-10-02,0.1104111075885028,0.10499216166015952,0.10584698110541749,0.10468013983989749,0.10735444486179709,0.1124358207926559,0.11568736513100089,0.11712299777041867,0.1138351739728248,1A1-109
2023-10-02,0.18920112239686768,0.17116156500028376,0.17485590648584232,0.18120915394654719,0.2027124575838394,0.22284408670487438,0.23575688134823833,0.24492163990240043,0.2329787175849743,040852
2023-10-02,0.10213715488821228,0.10272130721878067,0.1055879917143996,0.10582493168269677,0.11089585476859648,0.11933110892841522,0.1241689455309299,0.1267139381886433,0.12050739480107753,1A1-071
2023-11-16,0.107633731549285,0.11168043859985435,0.10886077598435781,0.1075779848943757,0.111793509949009,0.11751019591304691,0.12180140858030135,0.12164728213779093,0.11336774680826607,1A1-017
2023-11-16,0.09435694502523617,0.10586076933549879,0.1109539803946359,0.11184231296618655,0.1131788804714624,0.11837943478979679,0.12326434517499922,0.12245262717715837,0.11648007079714871,1A1-071
2023-11-16,0.1273808611189755,0.14161518174096735,0.14212108151664962,0.14418638630572556,0.14553157654027923,0.14635650848269705,0.1455484765990809,0.14340551211969424,0.10824848531045146,1A2-028
2023-11-16,0.09106963743020696,0.10179491306806134,0.10429708459961835,0.10144106297264824,0.10164403668103754,0.10274914304897868,0.10595223867411131,0.1057604318326384,0.10750031981058734,1A1-102
2023-11-16,0.08878135557283191,0.10092262704078023,0.10462048908050046,0.10154746095130394,0.10189628065587668,0.1031415806770797,0.10627596296558058,0.10611983002332312,0.10763753445473187,1A1-102
2023-11-16,0.10427330796659552,0.11072021397875481,0.10838150456141823,0.10680747694583051,0.10665729701190892,0.10703256895010617,0.10865343911766046,0.10897545737720396,0.10940689860847079,040826
2023-11-16,0.11616929215822347,0.13889396252602357,0.14234840388619016,0.14485395558639833,0.1681052394170715,0.1988034004163775,0.21931821651630812,0.21962633587786265,0.14906620402498263,020197
2023-11-16,0.09705748689833989,0.10744239005042899,0.10867306935914492,0.1100574429514717,0.1181737494369307,0.1327979509772685,0.14373695272415643,0.14302138674342718,0.13427632692075275,050215
2023-11-16,0.10577796810029144,0.10904462324121596,0.10663370836325586,0.10430042054182828,0.10691106412154623,0.11269575498045051,0.116902726872416,0.11701015122364954,0.1132864711427921,1A1-089
2023-11-16,0.31057032629344083,0.31907508101463855,0.2642855905687787,0.22448442284054093,0.24271444295452005,0.30385381606883466,0.3208080288300368,0.3223965806235336,0.13109827355011733,050707
2023-11-16,0.10578212212384665,0.10760838590817512,0.10445530166472279,0.10508574978793347,0.10640533347471105,0.10788183782207618,0.11053633297105286,0.1105551856908069,0.11123957825257118,040576
2023-11-16,0.10746963448539913,0.11081318444604774,0.10716310942059126,0.1079605019236511,0.10923984289723287,0.11022295935056721,0.11234530085192296,0.11165841035214348,0.1087255309193713,1A1-103
2023-11-16,0.10630065991474502,0.10937701980433447,0.10553607166363994,0.10506666000434214,0.10625329147555564,0.10904636219842939,0.11129868602876065,0.11132184541798618,0.11056739366412931,1A1-109
2023-11-16,0.09796514578688278,0.10545023319438616,0.10410014056289796,0.1043311936536659,0.10478879105136735,0.10594146767053352,0.1084356038819056,0.1084698979976518,0.10803807423444382,040874
2023-11-16,0.10630223753177237,0.10919586433566864,0.10547540145354656,0.10583635862488219,0.10721188165426565,0.10981366148876757,0.11241746371348642,0.11264408971581667,0.11141147878531456,1A1-106
2023-11-16,0.10341890667472065,0.11177019027484149,0.11837592872244035,0.11317792207792206,0.1300837209302326,0.17622826940501363,0.19553041377227423,0.1975698278465721,0.14720413772274235,020188
2023-11-16,0.10112849604353864,0.10749006499721869,0.10496526231915283,0.1070054789097305,0.10999425649095203,0.11298821681107687,0.11697604774814971,0.11736296561712262,0.11618981292627802,040852
2023-11-16,0.10047741911164208,0.10799318673954472,0.10695301920378615,0.10541952336076729,0.10604270989089244,0.10829553936043229,0.11113369227869577,0.11137198592699639,0.11136748926724048,040850
2023-11-16,0.09703918618860378,0.10367188642505182,0.101074715615562,0.10333704672349393,0.10353958109799706,0.10436692224010492,0.1057831055774122,0.10519033738674284,0.10553675911023715,1A1-059
2023-11-16,0.10920215387060885,0.1136546336035606,0.11608314258464475,0.110487649022413,0.11844183754570024,0.13309578763312666,0.1417640995072325,0.14435067556827214,0.12872525830551587,1A1-087
2023-11-16,0.13038948426901179,0.14688252377543715,0.15071767392712276,0.15996990489825139,0.1744377986842554,0.18468307257047414,0.2020652691140881,0.20110245083000983,0.15459688107168418,040887
2023-11-16,0.09161956616216654,0.10204518735944587,0.10100330707357784,0.10091067969536854,0.102067891240463,0.10431809922600391,0.10713112608821583,0.10669126529711218,0.10874965163284157,1A2-077
2023-11-16,0.09423382877099235,0.0996475900912469,0.09901764709910481,0.10169807508602546,0.10417341961549648,0.10716124116207008,0.10992435279817836,0.11147334942564126,0.10909583448889804,1A1-052
2023-11-16,0.10239981243772348,0.11426469530898936,0.11372949612175914,0.11603640271183789,0.11954817224469068,0.12730877635152296,0.13193859679971867,0.1313413320829182,0.11790959693648294,1A3-001
2023-11-16,0.1013140731910839,0.10955633043270954,0.11090873381809518,0.11037157944927882,0.11566526737394214,0.12606497699368222,0.1361451195613303,0.13587015854094645,0.13003987888902135,070859
2023-11-16,0.10618846969319033,0.10834272886006488,0.10949604015964082,0.10847402095285608,0.11769629583437272,0.14466088176602646,0.1570078074332752,0.16057342229982546,0.12950680967822395,050669
2023-11-16,0.7926674031931983,0.8959126872634907,0.8783194352288631,0.8935410411590894,0.9120332149707111,0.8975544191591941,0.8944098271214546,0.8410447618060237,0.14750233528588466,050706
2023-11-16,0.1035085205027818,0.10445636719554914,0.10399960848959404,0.10367580877807539,0.10910767566453741,0.11423686379559034,0.11742512878631771,0.11941377498454564,0.11927671543375233,030171
2023-11-16,0.10948880137596892,0.11359872890688098,0.11383063732944594,0.11087826661492806,0.11756228775786312,0.13299101215509024,0.14196566370567687,0.14422567775901665,0.12945126427620074,1A2-078
2023-11-16,0.1090477856121961,0.111297735111958,0.10923311195807522,0.10816317103382544,0.11297006383992376,0.12431137684611723,0.1308746612672702,0.1337408499285374,0.12298694807050968,1A2-066
2023-11-16,0.10562994536072039,0.11710798340584834,0.12430527167863992,0.12277744106040668,0.14476358393200436,0.19338069412121817,0.22370289385814007,0.2212843417990488,0.17141756551654333,060182
2023-11-16,0.10187951966873707,0.10477979296066253,0.1056281407867495,0.10721653830227743,0.11407544513457556,0.12824872049689437,0.13737143685300204,0.13933544513457555,0.12255279503105587,020058
2023-11-16,0.13956286451974498,0.15634933384037528,0.15684678195197782,0.1583147942811014,0.1627139910200212,0.16709694307120612,0.16791767241091732,0.16488643529545205,0.11939929948161654,1A1-029
2023-11-16,0.10227575512148614,0.10640451167222478,0.1057546793711292,0.10582179990471657,0.111033636017151,0.12251511576941405,0.12916118437351118,0.1321642734635542,0.1226371033825631,1A2-066
2023-11-16,0.09760889925619465,0.10173907398441975,0.10094782800052812,0.10256345671405315,0.10489032172879716,0.10980805422296551,0.11268324017428807,0.11437259583645089,0.10907498129483728,020059
2023-11-16,0.10679944678856074,0.11494945147679328,0.11507907172995781,0.11624592592592593,0.12611644631973748,0.14388346929207696,0.15555704641350215,0.15638436005625883,0.13802040318799816,060315A
2023-11-16,0.12661064933730606,0.13791461522654885,0.13677625603616567,0.13831163053529233,0.14384302373368957,0.14664048083838485,0.1516062930237337,0.1501230812699065,0.12974385081680884,030172
2023-11-16,0.10806162748843567,0.11136791887326343,0.10962101493952195,0.11137775001960079,0.11693112744923334,0.12184682321328039,0.1283735498827502,0.12829228041539864,0.12319068952736649,1A1-110
2023-11-16,0.11056174089068829,0.12194797570850205,0.13654878542510124,0.1274766194331984,0.1505695344129555,0.21076973684210532,0.26002844129554664,0.2440983805668017,0.1756781376518219,020138
2023-11-16,0.10654533991903355,0.11109803414381776,0.10935826784585197,0.10649771471271739,0.10751623596843495,0.11066745251644379,0.11361139892756571,0.11358890079570388,0.11309015429589658,1A1-105
2023-12-16,0.3846366426496113,0.4327879779798686,0.4262764884727132,0.4185062633240684,0.4253585242554267,0.40916181108382577,0.3594962436246862,0.3331673646904318,0.11931200492934309,040707
2023-12-16,0.44700288356909706,0.46912749510337326,0.46600852448313335,0.4591145832426553,0.46540345157780183,0.4434383438520127,0.3916651468988027,0.36348943199129485,0.12094591077257885,040704
2023-12-16,0.2170266647196262,0.2256087470794393,0.22363265186915893,0.22217476635514025,0.24170004380841126,0.2642926985981309,0.2710121787383178,0.26954748831775704,0.14908256425233649,1A1-103
2023-12-16,0.2475,0.2361,0.2356,0.236,0.2604,0.2872,0.2867,0.278,0.1602,040576
2023-12-16,0.26769747378812336,0.2867795048432279,0.28275623846214165,0.27879512255967587,0.28661668793077616,0.2834280737924011,0.26488512427030814,0.25117364485848054,0.12267040481400454,1A1-110
2023-12-16,0.15858347022587266,0.18012967145790554,0.18099521365014185,0.1740756820181871,0.177085689840618,0.17292535934291578,0.17009833773345068,0.16497981812848342,0.11180347120367652,1A2-076
2023-12-16,0.49970506251100555,0.5586770734284205,0.5543576363209487,0.5455550360979048,0.5545144978576041,0.5219295650642718,0.4514842665962316,0.41677145037271823,0.12102670951458584,1A3-048
2023-12-16,0.44770420254635707,0.48719280733266374,0.4764077843520519,0.45174027418247065,0.46090806962861175,0.43247113952136934,0.3540296344233714,0.3198886179935546,0.12247175233768288,040186
2023-12-21,0.1563166804821306,0.16131435597817254,0.1654275083831903,0.17180137436734771,0.17278165239625273,0.17107582535918117,0.17003639744459847,0.16578815484672343,0.10753842193177761,1A1-059
2023-12-21,0.23646883263009844,0.31368859821847156,0.3047968870135959,0.30107529301453345,0.3205688138771683,0.343728898265354,0.36232869198312234,0.3510941397093298,0.14684827004219403,060315A
2023-12-21,0.6349661780322051,0.6552000699888014,0.648898129609607,0.6488701572575961,0.6619561189520012,0.6565157634088898,0.6542635792755915,0.6150236180831755,0.15155371664671582,070859
2023-12-21,0.5133775650256505,0.5969818828188286,0.5866720097200974,0.5771454887048868,0.5772085388353884,0.5617795180451809,0.5172827198271986,0.4757344410944112,0.14811741742417434,1A3-001
2023-12-21,0.4536463570494606,0.48896676858342253,0.481653341132751,0.47836533617782623,0.4879293648062761,0.49067334270574203,0.4880257587227311,0.4592827315001425,0.13574846879086097,1A2-066
2023-12-21,0.4533032629747246,0.48627542298730797,0.47771600322463287,0.4744184856022094,0.484406079613044,0.4873306743218923,0.4845926767403679,0.4568929372671239,0.13607952554636868,1A2-066
2023-12-21,0.3785503875102204,0.3950158037080782,0.3925177954197624,0.39487829523456724,0.40071865919367156,0.388171792470631,0.36534214881231114,0.34305107587373246,0.12312250075125962,040576
2023-12-21,0.6610602659724172,0.7781040669856454,0.75819986631016,0.7533883478750348,0.7725435758513925,0.7778195820433433,0.7834058401350968,0.7459203138193073,0.17107587250211087,050706
2023-12-21,0.3136164320035759,0.3034500223488656,0.2536111353223823,0.21187253883115434,0.2132641412448318,0.25973046150407864,0.27323724438484753,0.2659426081126382,0.10775446977315903,050707
2023-12-21,0.25603182742064856,0.281404061789297,0.2848999033168899,0.288522392028038,0.29861271382898064,0.30660594381392914,0.30692734923477527,0.2931832144936773,0.1442881233588592,050215
2023-12-21,0.24319268945852812,0.2511798081889388,0.2537852427177594,0.2534307679517743,0.2530568060734278,0.24947443839900355,0.24106657527752814,0.23004445191280418,0.11215780510411302,1A2-077
2023-12-21,0.3835879129614666,0.3983875828617626,0.39453259027216364,0.39686911142549164,0.40161870520075443,0.3904053247103204,0.3706686755591487,0.34834080571274584,0.12495952169226628,040576
2023-12-21,0.6163281619331101,0.6350778527024764,0.6186094844028066,0.616363325645793,0.6297407729568834,0.6243753134202105,0.6365224537351079,0.6008992139556791,0.16039390396693035,1A1-017
2023-12-21,0.35421567614770477,0.37200862025948084,0.3740073852295406,0.3782198228542914,0.387089610778443,0.3727004291417165,0.3569775598802392,0.3349196831337326,0.14941526946107775,040704
2023-12-21,0.36404341642982285,0.39195723275057454,0.38918547786598956,0.38726115614938494,0.39974657948002706,0.40539084750028825,0.395843272750155,0.37567889796646137,0.12801159924909025,1A2-078
2023-12-21,0.2994393485904155,0.3082900880480468,0.3067571406493489,0.30362596880755255,0.3084615670920963,0.3055704843715791,0.2983861703178063,0.28398208945612813,0.12587244151952665,1A1-105
2023-12-21,0.08576526300491628,0.08928591375116879,0.09329741944506151,0.09734433914924794,0.09866577165749453,0.10352256031851806,0.10881184214495085,0.10931460175656507,0.10625786492052137,060182
2023-12-21,0.7602519850214505,0.8368459754235437,0.8118618846797063,0.8231508270922712,0.8329858030975058,0.8208514233258197,0.8400600814367777,0.7906347978622843,0.2218218625027267,1A1-102
2023-12-21,0.546255110575797,0.5960074642845192,0.585496644250393,0.5807770149553346,0.5980748536250796,0.5830490381076651,0.5623515273177426,0.5281127505102212,0.17226804175449167,040186
2023-12-21,0.21483122481796402,0.22005335216011931,0.22314324413598824,0.22822910244869182,0.23439150725605626,0.23610091435748112,0.23716643266277998,0.22786568455211315,0.12191111730201021,1A1-110
2023-12-21,0.22416044415690947,0.2273732869654352,0.22809619893154295,0.2313166849163352,0.23715683860781583,0.23929691810588172,0.24036276619575897,0.2307998543013366,0.12323835154417274,1A1-110
2023-12-21,0.09770809132687987,0.08585978292754473,0.10005451256477955,0.10044619634301359,0.1047085020044979,0.10550492813141683,0.11256647110589617,0.11432813141683776,0.10832794563410574,1A2-076
2023-12-21,0.1020730102247878,0.10644482498287128,0.11177983120153245,0.11462313272150432,0.11421992589974188,0.11468177613692401,0.11655264504754535,0.1165471764659675,0.10554508158447062,040826
2023-12-21,0.10554644514280744,0.10253301454184316,0.10723911595738603,0.11065442911870471,0.11207085020120712,0.11443089107655553,0.11811153868214755,0.11734008561483616,0.10774440258293552,1A1-106
2023-12-21,0.48417224370167106,0.5871880331753555,0.5766764218009478,0.5682274257919679,0.5850653903716638,0.5974506111249689,0.6069608069343977,0.5708370603641806,0.17443397979546033,050669
2023-12-21,0.21981807140350665,0.21844841910385598,0.21905531502970613,0.21890713248551022,0.2235288672361848,0.22710010617959153,0.2310859404305267,0.22404130053362112,0.12097323155016167,1A1-089
2023-12-21,0.3763852633106048,0.4144613211470575,0.41139512935828626,0.41398483388945306,0.42113407708303097,0.4114825301030027,0.400560918806518,0.37529666231442504,0.15831274046133756,040707
2023-12-21,0.12028609515484517,0.1048607080419581,0.11484084040959046,0.12118483391608391,0.1296171078921079,0.14349781468531478,0.15280321553446555,0.15271117007992008,0.11936235639360641,1A1-103
2023-12-21,0.17464587688643166,0.17868546544800665,0.1803526789241196,0.18433968986713611,0.18674888607773707,0.18611792412681816,0.18974665026791224,0.18324309410461037,0.11291473791087633,1A1-103
2023-12-21,0.3283054155561365,0.33139743588823795,0.32539183882111117,0.32531335899358266,0.32873669535209876,0.3239403288003419,0.31880543600302735,0.3032051511814362,0.131081850335939,1A1-109
2023-12-21,0.4026846051022899,0.4238875213953868,0.41950335207976686,0.4175228065313664,0.42359136468606495,0.41087467492596536,0.3848535202542994,0.3633158301410061,0.12195743961746379,040874
2023-12-21,0.378848156529939,0.42444457331447455,0.4241451925192519,0.42795312588401707,0.4377831934622037,0.4177379789407515,0.3951809398082667,0.36901555555555565,0.15374604746188916,1A3-048
2023-12-21,0.6499929842415579,0.6941819895293446,0.6827571033636199,0.6857041657049329,0.6987106710451765,0.6820795906162788,0.6730522310468554,0.634336831420358,0.1552799200537173,040852
2023-12-21,0.4301386864311539,0.44852292325915144,0.43897371911258687,0.43500730706714447,0.44199080683370506,0.42932852708754865,0.4084630302087115,0.3858307049852158,0.13032749563382973,040850
2023-12-21,0.544151408579698,0.6189898853353848,0.6181230464886254,0.6222822947576655,0.633262435432465,0.6258416419386743,0.6213757189434733,0.5793865040114298,0.17406851668681536,040887
2023-12-21,0.4614590464928337,0.48565417924703236,0.4760762043039723,0.468276653173751,0.47104490307141705,0.4554387500918385,0.41449063461020524,0.38193651448943244,0.13182337691416904,1A1-052
2023-12-21,0.4408183754570021,0.52201334446034,0.49352557621999676,0.4820569464314099,0.50462154665395,0.5154979494515973,0.5147890319504055,0.4963973692576695,0.1557204736925767,1A1-087
